cycle,phase,source,partner_source,dimension,phi,old_x1,old_x2,old_value,new_x1,new_x2,new_value,improved
1,employed,1,46.0,x1,0.3994142676214991,2.7395604855596334,-0.6112156024794766,8.611079791171319,5.0,-0.6112156024794766,11.784347096604531,False
1,employed,2,15.0,x1,0.9383527546954478,3.585979199113824,1.9736802905936388,10.44118076162648,5.0,1.9736802905936388,10.667047325510689,False
1,employed,3,40.0,x1,0.4337803783179912,-4.058226521123505,4.756223516367559,12.830884669310645,-5.0,4.756223516367559,13.50015815508932,False
1,employed,4,24.0,x2,-0.45551687630968196,2.6113970199035297,2.8606430527695377,10.213825300448201,2.6113970199035297,0.5933706561325365,8.573699982738113,True
1,employed,5,6.0,x1,0.8052047930876833,-3.7188636732445413,-0.49614062104432843,10.402650747153073,-5.0,-0.49614062104432843,11.890946576628236,False
1,employed,6,24.0,x1,-0.5952732704095394,-1.2920197576741876,4.267649888486018,11.242295824793558,-1.1927260641546398,4.267649888486018,10.902530280531934,True
1,employed,7,16.0,x2,0.15843913788379194,1.4386512008066452,3.227616132708299,9.909688918893526,1.4386512008066452,2.9982784606028354,9.18472274463291,True
1,employed,8,10.0,x2,0.713228568184751,-0.5658580117266885,-2.727612782152231,8.640764984747136,-0.5658580117266885,-5.0,11.858217390370632,False
1,employed,9,39.0,x1,0.4389259119018736,0.5458478701583482,-4.3618274389582465,11.52911048013802,1.6914051252722708,-4.3618274389582465,11.793210084066036,False
1,employed,10,23.0,x2,0.2546176814048864,3.27631171992582,1.3166439912206487,9.828269386641635,3.27631171992582,0.8759008906940698,9.023573373549393,True
1,employed,11,30.0,x1,0.29969320310964,2.5808774008537387,-1.4547403187013161,9.164108909989752,4.433852729957178,-1.4547403187013161,11.988858632713171,False
1,employed,12,5.0,x2,-0.16838519565878074,4.706980243949033,3.9312112132219763,12.938730155131857,4.706980243949033,3.1857107083587826,12.700712970470615,True
1,employed,13,3.0,x2,-0.012018361510962139,2.783834970737619,-3.0536129214803243,9.787726228237718,2.783834970737619,-2.9597514838287835,9.656741439724328,True
1,employed,14,18.0,x1,-0.7109516222679062,-0.3327899627296578,-4.561962342127712,11.753567126932156,-0.3126358524734779,-4.561962342127712,11.722766629809824,True
1,employed,15,6.0,x2,0.1752891443554241,-3.4571050793245215,1.8304895324245463,10.429465403196506,-3.4571050793245215,1.4032817789535703,10.50883820784406,False
1,employed,16,9.0,x2,0.8502402367535944,2.447621559078171,4.675097324342101,12.73918906402884,2.447621559078171,5.0,12.589507910847818,True
1,employed,17,30.0,x2,-0.30626039093032587,-1.7417464186184803,-1.2954029396513111,7.158419966228099,-1.7417464186184803,-2.0792140326489745,7.577997470825357,False
1,employed,18,30.0,x2,-0.954392257940605,-0.30444188724192056,-3.1052864091571433,8.599175994717264,-0.30444188724192056,-3.8205202364313964,10.039033617950315,False
1,employed,19,48.0,x1,-0.035393126114199536,-3.7007849466452836,-0.24295073774066278,10.003141761405855,-3.640053674916468,-0.24295073774066278,10.035880658490901,False
1,employed,20,40.0,x1,-0.8345400001551229,-2.7309065094911587,1.698139946825103,9.224008108729477,0.024100333600592716,1.698139946825103,5.591661211189418,True
1,employed,21,25.0,x1,-0.01858601129095816,-0.6284808112766926,3.3267819605783746,9.766568554663968,-0.5828812248478735,3.3267819605783746,9.799513959574867,False
1,employed,22,47.0,x1,0.14345610475215076,2.0026510200224914,-1.8763335861795891,6.79669824096751,2.3671856442478174,-1.8763335861795891,8.650432556695002,False
1,employed,23,25.0,x2,-0.46604867381621284,3.3225980139520104,3.047643574968019,10.853560832521488,3.3225980139520104,-0.05163544400498399,8.92877893823993,True
1,employed,24,17.0,x2,0.041344804943075575,-1.1252162096982552,-2.116718960697559,6.405096816444104,-1.1252162096982552,-2.150676111384339,6.622815564998234,False
1,employed,25,22.0,x2,-0.9567758402393391,1.8249550397497547,-3.602475163906902,10.579191193382513,1.8249550397497547,-1.9509446055047936,6.9905101938505005,True
1,employed,26,42.0,x1,0.7923215436795334,-3.0009179752489166,-4.926377302489945,11.29327620207377,-5.0,-4.926377302489945,12.727400000048354,False
1,employed,27,7.0,x2,0.1080722870780988,2.869243775021384,1.6485085659203218,9.149128112649736,2.869243775021384,1.502635846372818,9.215299772590338,False
1,employed,28,6.0,x1,0.3444801860796234,2.0516537862633513,2.8072903102196793,8.571417224069478,3.1692783608483213,2.8072903102196793,10.207930299836946,False
1,employed,29,14.0,x1,0.31884526938380353,-0.41084224461660046,0.6874119595289372,4.319262843305168,-0.44215488817468585,0.6874119595289372,4.3840467822138365,False
1,employed,30,37.0,x2,0.537294983835314,-3.6020300187234255,-3.8546992646402654,12.324688496097721,-3.6020300187234255,-4.496280047313183,13.456982207976802,False
1,employed,31,6.0,x1,0.8320236902752158,1.6840296179047165,-0.28903793856867477,6.287376826033821,4.077558496511937,-0.28903793856867477,10.121373694613006,False
1,employed,32,12.0,x2,-0.9251748876476404,0.6523610648118883,2.649988574160256,8.563340437093938,0.6523610648118883,3.1456252394777318,9.003561450259523,False
1,employed,33,28.0,x1,-0.2581554322751225,1.347183200005908,0.535794006579958,5.964793405380913,1.5290461087263072,0.535794006579958,6.438151926782826,False
1,employed,34,42.0,x1,0.6165029441286036,0.5920716074541357,-1.960499019373878,6.679116249053397,-0.9788594200455047,-1.960499019373878,5.382603334940438,True
1,employed,35,16.0,x2,0.9057987901394899,-4.691821654320606,-0.6328261076763759,11.88150713159352,-4.691821654320606,-5.0,13.755255193952532,False
1,employed,36,15.0,x2,0.030114258463429078,-2.854153271804708,-0.9147135627536382,7.5440415389025794,-2.854153271804708,-0.9973833182964396,7.44140918586403,True
1,employed,37,13.0,x2,0.8720871400979266,3.5340307326816607,-2.6606051413465925,11.549327853423247,3.5340307326816607,-2.3997234630605435,11.377592646876982,True
1,employed,38,9.0,x1,-0.910178761215342,-4.41697258310934,-2.1861610797800344,11.96853227514137,0.10008118918000708,-2.1861610797800344,6.220560566037328,True
1,employed,39,22.0,x1,0.9847511281116741,-2.064062422333164,1.6191651472689506,7.819101796811248,-5.0,1.6191651472689506,12.06397224533382,False
1,employed,40,45.0,x1,0.49721603891389843,0.5703215234127832,2.8389820910641355,8.609193932958666,2.53810557516407,2.8389820910641355,10.244309504486685,False
1,employed,41,45.0,x2,0.7868932793957264,1.6431354032738756,-0.9361313855992943,6.250648880387459,1.6431354032738756,-1.6809881466319556,7.780915871693267,False
1,employed,42,26.0,x1,-0.368141896338414,3.140203846660347,-3.330270800922961,11.16980965080401,0.8793996134974549,-3.330270800922961,9.301086612309637,True
1,employed,43,38.0,x1,0.32332252633552216,-4.772879268661395,-4.099521392243583,12.892188299257457,-5.0,-4.099521392243583,12.230218748403907,True
1,employed,44,19.0,x1,-0.8110666638769695,2.2235935059645033,-0.3812276974861266,7.42916013613752,-2.581472361138319,-0.3812276974861266,8.442280748733038,False
1,employed,45,37.0,x2,-0.47507896815427064,-3.387282209663982,0.010447751033635377,9.204126538890286,-3.387282209663982,-1.1345739024333528,9.697446331362958,False
1,employed,46,47.0,x1,-0.5180588499886305,-3.476878972868316,1.9632037507773603,10.35538123990369,-1.9545932301867295,1.9632037507773603,6.572546260263618,True
1,employed,47,7.0,x1,0.6622253442498123,-0.5384372442596934,-1.1897877390351752,5.350812668142339,-1.8477153204060757,-1.1897877390351752,6.456604952963943,False
1,employed,48,8.0,x2,-0.6414633836845218,-1.984879108521235,1.3028259311888846,7.024857097917032,-1.984879108521235,-1.282552923603998,6.914008327261929,True
1,employed,49,30.0,x1,0.7491240816749289,-1.3818738944660955,-4.12350080683899,10.917296080472283,0.2812985232931462,-4.12350080683899,10.274805278116048,True
1,employed,50,10.0,x1,-0.37935265419981046,-3.819940978794847,4.618976645495145,13.292699368106197,-1.127958682662594,4.618976645495145,11.528380667024283,True
1,onlooker,40,49.0,x1,0.0014823724046846287,0.5703215234127832,2.8389820910641355,8.609193932958666,0.5707499631324797,2.8389820910641355,8.608873469670133,True
1,onlooker,9,1.0,x2,-0.5406879400022895,0.5458478701583482,-4.3618274389582465,11.52911048013802,0.5458478701583482,-2.3339168513443367,7.986805358481956,True
1,onlooker,8,35.0,x1,-0.7563349907429378,-0.5658580117266885,-2.727612782152231,8.640764984747136,-3.6864686851536566,-2.727612782152231,11.494422940898659,False
1,onlooker,28,36.0,x2,0.16223321844180472,2.0516537862633513,2.8072903102196793,8.571417224069478,2.0516537862633513,3.4245347580945085,10.316655417918048,False
1,onlooker,12,41.0,x2,0.4308142592316033,4.706980243949033,3.1857107083587826,12.700712970470615,4.706980243949033,4.961459056736972,13.693434457112355,False
1,onlooker,38,7.0,x2,-0.7524923926993108,0.10008118918000708,-2.1861610797800344,6.220560566037328,0.10008118918000708,1.7150902347675867,5.688387524068986,True
1,onlooker,47,20.0,x1,-0.3981026164381205,-0.5384372442596934,-1.1897877390351752,5.350812668142339,-0.3144895626687506,-1.1897877390351752,4.925360790245687,True
1,onlooker,27,34.0,x2,0.9112465140939399,2.869243775021384,1.6485085659203218,9.149128112649736,2.869243775021384,4.937204147358249,11.569216275750122,False
1,onlooker,17,47.0,x2,-0.9502810172274874,-1.7417464186184803,-1.2954029396513111,7.158419966228099,-1.7417464186184803,-1.1950388193751242,6.728880127967653,True
1,onlooker,29,33.0,x1,-0.7882051924984934,-0.41084224461660046,0.6874119595289372,4.319262843305168,0.9748425393793334,0.6874119595289372,4.470114158857545,False
1,onlooker,9,22.0,x2,0.9324638242863634,0.5458478701583482,-2.3339168513443367,7.986805358481956,0.5458478701583482,-2.7605966927092984,8.644483654098622,False
1,onlooker,32,47.0,x1,0.6087218312259415,0.6523610648118883,2.649988574160256,8.563340437093938,1.2409041492938533,2.649988574160256,8.728933100306158,False
1,onlooker,26,40.0,x2,-0.9643264320460245,-3.0009179752489166,-4.926377302489945,11.29327620207377,-3.0009179752489166,2.5619640150511422,10.233309237823189,True
1,onlooker,7,42.0,x1,0.5936341766503235,1.4386512008066452,2.9982784606028354,9.18472274463291,1.770642056379323,2.9982784606028354,8.73680000027147,True
1,onlooker,14,28.0,x1,0.21203164140002184,-0.3126358524734779,-4.561962342127712,11.722766629809824,-0.8139400653199125,-4.561962342127712,11.567427650733428,True
1,onlooker,44,30.0,x2,-0.17485686145263934,2.2235935059645033,-0.3812276974861266,7.42916013613752,2.2235935059645033,-0.9885880340636799,6.753361510949963,True
1,onlooker,21,22.0,x2,0.30386205115994835,-0.6284808112766926,3.3267819605783746,9.766568554663968,-0.6284808112766926,4.907811323038466,11.708553419478491,False
1,onlooker,44,23.0,x1,-0.5043208740972838,2.2235935059645033,-0.9885880340636799,6.753361510949963,2.777844420069618,-0.9885880340636799,7.7413049690274605,False
1,onlooker,14,38.0,x2,0.6331375268478208,-0.8139400653199125,-4.561962342127712,11.567427650733428,-0.8139400653199125,-5.0,10.94353230095537,True
1,onlooker,7,4.0,x2,0.18886732751290358,1.770642056379323,2.9982784606028354,8.73680000027147,1.770642056379323,3.4524869705480654,10.503020854788208,False
1,onlooker,9,42.0,x1,-0.37933065215185113,0.5458478701583482,-2.3339168513443367,7.986805358481956,0.6723742704855584,-2.3339168513443367,7.917321138477384,True
1,onlooker,9,47.0,x2,-0.6689365545294437,0.6723742704855584,-2.3339168513443367,7.917321138477384,0.6723742704855584,-1.5685670650194155,6.5046825599680815,True
1,onlooker,17,8.0,x2,-0.7690198726692901,-1.7417464186184803,-1.1950388193751242,6.728880127967653,-1.7417464186184803,-2.373618653086244,8.843078647205408,False
1,onlooker,2,4.0,x2,-0.6507170581282946,3.585979199113824,1.9736802905936388,10.44118076162648,3.585979199113824,1.0754892659509685,9.923583904570194,True
1,onlooker,4,30.0,x1,0.3614290535990128,2.6113970199035297,0.5933706561325365,8.573699982738113,4.857110074080987,0.5933706561325365,11.806295895576058,False
1,onlooker,22,16.0,x2,0.00905247404446019,2.0026510200224914,-1.8763335861795891,6.79669824096751,2.0026510200224914,-1.9385814174895297,6.613602913754626,True
1,onlooker,45,42.0,x2,-0.9130498759744161,-3.387282209663982,0.010447751033635377,9.204126538890286,-3.387282209663982,-3.039794908495766,11.100447779399744,False
1,onlooker,11,13.0,x2,-0.5012248483355763,2.5808774008537387,-1.4547403187013161,9.164108909989752,2.5808774008537387,-2.20908931168568,9.614362120750625,False
1,onlooker,31,21.0,x2,-0.901491760144812,1.6840296179047165,-0.28903793856867477,6.287376826033821,1.6840296179047165,2.9705939066800355,9.04205627968275,False
1,onlooker,21,27.0,x2,-0.7966561941925681,-0.6284808112766926,3.3267819605783746,9.766568554663968,-0.6284808112766926,1.9897750651754484,6.663540518344696,True
1,onlooker,42,3.0,x1,0.8496837380361242,0.8793996134974549,-3.330270800922961,9.301086612309637,5.0,-3.330270800922961,12.871704379239134,False
1,onlooker,6,43.0,x2,0.8053062878552342,-1.1927260641546398,4.267649888486018,10.902530280531934,-1.1927260641546398,5.0,11.084490192251263,False
1,onlooker,49,40.0,x1,0.5589550815426578,0.2812985232931462,-4.12350080683899,10.274805278116048,0.11950817013511181,-4.12350080683899,9.498890731639575,True
1,onlooker,34,40.0,x2,-0.7308955831737058,-0.9788594200455047,-1.960499019373878,5.382603334940438,-0.9788594200455047,1.547420525770899,6.2632204798286,False
1,onlooker,29,26.0,x1,0.7151442882451151,-0.41084224461660046,0.6874119595289372,4.319262843305168,1.4414356202673937,0.6874119595289372,6.24360766083452,False
1,onlooker,25,19.0,x2,0.2791265424742202,1.8249550397497547,-1.9509446055047936,6.9905101938505005,1.8249550397497547,-2.427691028380966,8.901196208465306,False
1,onlooker,16,7.0,x1,-0.0442454519525084,2.447621559078171,5.0,12.589507910847818,2.417668295018676,5.0,12.532211828959326,True
1,onlooker,23,12.0,x2,-0.264976379769744,3.3225980139520104,-0.05163544400498399,8.92877893823993,3.3225980139520104,0.8061848195098769,9.432377591271587,False
1,onlooker,21,17.0,x2,-0.24107184054614206,-0.6284808112766926,1.9897750651754484,6.663540518344696,-0.6284808112766926,1.2220061202299335,5.478220073277672,True
1,onlooker,35,15.0,x1,0.8977158534306808,-4.691821654320606,-0.6328261076763759,11.88150713159352,-5.0,-0.6328261076763759,11.733867757841857,True
1,onlooker,47,24.0,x2,-0.3432775899906224,-0.3144895626687506,-1.1897877390351752,4.925360790245687,-0.3144895626687506,-1.5079824548945018,6.1350082463563105,False
1,onlooker,29,43.0,x2,0.30517468112020407,-0.41084224461660046,0.6874119595289372,4.319262843305168,-0.41084224461660046,2.1482628186997856,7.157063221988999,False
1,onlooker,41,27.0,x2,0.2658352585352415,1.6431354032738756,-0.9361313855992943,6.250648880387459,1.6431354032738756,-1.6232198153320256,7.778984447281287,False
1,onlooker,17,38.0,x1,-0.5951908137485633,-1.7417464186184803,-1.1950388193751242,6.728880127967653,-0.6455075459483288,-1.1950388193751242,5.34062082376461,True
1,onlooker,36,44.0,x2,-0.7357943253969121,-2.854153271804708,-0.9973833182964396,7.44140918586403,-2.854153271804708,-0.9909117980677221,7.439152300985359,True
1,onlooker,32,5.0,x2,0.45143125654285376,0.6523610648118883,2.649988574160256,8.563340437093938,0.6523610648118883,4.070249629997619,10.375013071597524,False
1,onlooker,5,47.0,x2,-0.7251841399243957,-3.7188636732445413,-0.49614062104432843,10.402650747153073,-3.7188636732445413,-0.9991625097155564,9.620549039728585,True
1,onlooker,48,40.0,x1,0.18736400893270821,-1.984879108521235,-1.282552923603998,6.914008327261929,-2.4637120167312503,-1.282552923603998,8.659989592447163,False
1,onlooker,40,39.0,x2,0.8920541256346606,0.5707499631324797,2.8389820910641355,8.608873469670133,0.5707499631324797,3.927124828295693,10.310869657516774,False
1,onlooker,15,30.0,x2,-0.8099016048711976,-3.4571050793245215,1.8304895324245463,10.429465403196506,-3.4571050793245215,-2.7739539983139974,11.367071303096465,False
2,employed,1,32.0,x2,-0.6574173918144224,2.7395604855596334,-0.6112156024794766,8.611079791171319,2.7395604855596334,1.5327567415013172,9.295116912868977,False
2,employed,2,29.0,x1,0.1448610280676994,3.585979199113824,1.0754892659509685,9.923583904570194,4.16496286245564,1.0754892659509685,9.820565169553966,True
2,employed,3,24.0,x1,0.045263551026245574,-4.058226521123505,4.756223516367559,12.830884669310645,-4.1909849830152055,4.756223516367559,13.336122952040618,False
2,employed,4,39.0,x2,0.5984894330241333,2.6113970199035297,0.5933706561325365,8.573699982738113,2.6113970199035297,-0.020556507266975332,7.774111019483298,True
2,employed,5,26.0,x2,0.19918688304522458,-3.7188636732445413,-0.9991625097155564,9.620549039728585,-3.7188636732445413,-1.7084922023135078,10.708942343044768,False
2,employed,6,47.0,x1,-0.7605328229977544,-1.1927260641546398,4.267649888486018,10.902530280531934,-0.524798378419905,4.267649888486018,11.25304628500376,False
2,employed,7,6.0,x2,-0.8245819761784632,1.770642056379323,2.9982784606028354,8.73680000027147,1.770642056379323,4.044979261111227,10.282868668282648,False
2,employed,8,34.0,x1,-0.16278339841924105,-0.5658580117266885,-2.727612782152231,8.640764984747136,-0.633087784524758,-2.727612782152231,8.591286184259392,True
2,employed,9,39.0,x2,0.3424628266171852,0.6723742704855584,-1.5685670650194155,6.5046825599680815,0.6723742704855584,-2.6602468489383426,8.545086712311662,False
2,employed,10,18.0,x2,0.7967330947230715,3.27631171992582,0.8759008906940698,9.023573373549393,3.27631171992582,4.047844568776716,11.657423394358535,False
2,employed,11,39.0,x2,-0.45893011817964857,2.5808774008537387,-1.4547403187013161,9.164108909989752,2.5808774008537387,-0.04403251993051405,7.789806781468107,True
2,employed,12,19.0,x2,-0.3711200395914742,4.706980243949033,3.1857107083587826,12.700712970470615,4.706980243949033,1.9132657367365953,11.627318294441313,True
2,employed,13,8.0,x1,-0.7044332549156167,2.783834970737619,-2.9597514838287835,9.656741439724328,0.3768409524529055,-2.9597514838287835,8.468136109354425,True
2,employed,14,47.0,x1,-0.12419192560249348,-0.8139400653199125,-5.0,10.94353230095537,-0.7519123456525314,-5.0,11.276347568708157,False
2,employed,15,20.0,x2,0.45937141735475584,-3.4571050793245215,1.8304895324245463,10.429465403196506,-3.4571050793245215,1.891287149147677,10.352919772447711,True
2,employed,16,29.0,x1,0.8722799736769244,2.417668295018676,5.0,12.532211828959326,4.884921394076638,5.0,12.877415706836377,False
2,employed,17,40.0,x1,-0.041260871750919303,-0.6455075459483288,-1.1950388193751242,5.34062082376461,-0.595323700850053,-1.1950388193751242,5.375752772511738,False
2,employed,18,20.0,x1,0.9732630898486441,-0.30444188724192056,-3.1052864091571433,8.599175994717264,-0.6241999042448406,-3.1052864091571433,8.899420241560415,False
2,employed,19,37.0,x1,0.9023893200076822,-3.7007849466452836,-0.24295073774066278,10.003141761405855,-5.0,-0.24295073774066278,11.179502602275944,False
2,employed,20,6.0,x1,0.7010673583815652,0.024100333600592716,1.698139946825103,5.591661211189418,0.8771776018838093,1.698139946825103,6.235949344992314,False
2,employed,21,33.0,x2,-0.7561566433297748,-0.6284808112766926,1.2220061202299335,5.478220073277672,-0.6284808112766926,0.7031222717601381,4.603362816668632,True
2,employed,22,30.0,x1,0.3721927302108976,2.0026510200224914,-1.9385814174895297,6.613602913754626,4.088672557794584,-1.9385814174895297,9.742341642401168,False
2,employed,23,1.0,x2,-0.09136407631650689,3.3225980139520104,-0.05163544400498399,8.92877893823993,3.3225980139520104,-0.10276096830905054,9.023479324983558,False
2,employed,24,42.0,x2,-0.40928194931182027,-1.1252162096982552,-2.116718960697559,6.405096816444104,-1.1252162096982552,-2.613403823455958,8.368882156965256,False
2,employed,25,23.0,x2,-0.11537174586421362,1.8249550397497547,-1.9509446055047936,6.9905101938505005,1.8249550397497547,-1.731817991606665,7.52086197016402,False
2,employed,26,15.0,x1,0.8368837910311084,-3.0009179752489166,2.5619640150511422,10.233309237823189,-2.6191423821706215,2.5619640150511422,10.3692331440721,False
2,employed,27,40.0,x2,-0.778823178007779,2.869243775021384,1.6485085659203218,9.149128112649736,2.869243775021384,2.57567694010695,10.22349734063903,False
2,employed,28,50.0,x1,0.7584000486154905,2.0516537862633513,2.8072903102196793,8.571417224069478,4.463072037275207,2.8072903102196793,12.496695396014204,False
2,employed,29,14.0,x2,0.6737931593218764,-0.41084224461660046,0.6874119595289372,4.319262843305168,-0.41084224461660046,4.5195512321049645,11.792765919298615,False
2,employed,30,6.0,x1,0.9982094609484773,-3.6020300187234255,-3.8546992646402654,12.324688496097721,-5.0,-3.8546992646402654,12.29023157640676,True
2,employed,31,34.0,x1,0.30025003111759396,1.6840296179047165,-0.28903793856867477,6.287376826033821,2.4835621344119705,-0.28903793856867477,8.136539896151707,False
2,employed,32,5.0,x2,0.7940667977932505,0.6523610648118883,2.649988574160256,8.563340437093938,0.6523610648118883,5.0,11.679510432595317,False
2,employed,33,2.0,x2,-0.5183438839177059,1.347183200005908,0.535794006579958,5.964793405380913,1.347183200005908,0.8155417434543013,5.794273631416097,True
2,employed,34,8.0,x1,0.5535358813844371,-0.9788594200455047,-1.960499019373878,5.382603334940438,-1.1702564270712197,-1.960499019373878,6.172862473658942,False
2,employed,35,10.0,x2,0.8212764542617705,-5.0,-0.6328261076763759,11.733867757841857,-5.0,-1.8719080673470596,10.986668032578478,True
2,employed,36,33.0,x1,-0.9276745790106076,-2.854153271804708,-0.9909117980677221,7.439152300985359,1.0433197709641164,-0.9909117980677221,3.7341958561105426,True
2,employed,37,1.0,x1,-0.8966841659712022,3.5340307326816607,-2.3997234630605435,11.377592646876982,2.8216418417521107,-2.3997234630605435,10.04352550223076,True
2,employed,38,30.0,x2,0.6029636217188306,0.10008118918000708,1.7150902347675867,5.688387524068986,0.10008118918000708,5.0,10.387957894246876,False
2,employed,39,12.0,x2,0.6988176858461459,-2.064062422333164,1.6191651472689506,7.819101796811248,-2.064062422333164,1.4136424539311836,7.6456137810387155,True
2,employed,40,3.0,x1,0.6019277072833524,0.5707499631324797,2.8389820910641355,8.608873469670133,3.357059165369238,2.8389820910641355,11.023654032484886,False
2,employed,41,47.0,x2,0.5442167982087611,1.6431354032738756,-0.9361313855992943,6.250648880387459,1.6431354032738756,-0.7980873370871093,6.4213413306341955,False
2,employed,42,35.0,x2,0.6759604373107662,0.8793996134974549,-3.330270800922961,9.301086612309637,0.8793996134974549,-4.316066312068651,10.81548854198706,False
2,employed,43,2.0,x1,-0.5964357785618892,-5.0,-4.099521392243583,12.230218748403907,0.46631176035953104,-4.099521392243583,10.63948483229412,True
2,employed,44,7.0,x1,0.009061980385973056,2.2235935059645033,-0.9885880340636799,6.753361510949963,2.2276981431164424,-0.9885880340636799,6.783526492196787,False
2,employed,45,37.0,x2,0.2600236891527974,-3.387282209663982,0.010447751033635377,9.204126538890286,-3.387282209663982,0.6371493616122804,9.940333981467944,False
2,employed,46,42.0,x1,-0.6895740151178182,-1.9545932301867295,1.9632037507773603,6.572546260263618,-0.0003454061522631946,1.9632037507773603,4.884520806655175,True
2,employed,47,36.0,x2,-0.6139170182621918,-0.3144895626687506,-1.1897877390351752,4.925360790245687,-0.3144895626687506,-1.0676944143523488,4.336395418842418,True
2,employed,48,14.0,x1,0.4198093945626078,-1.984879108521235,-1.282552923603998,6.914008327261929,-2.4764503193173013,-1.282552923603998,8.685695941727232,False
2,employed,49,50.0,x2,0.22308721195413916,0.11950817013511181,-4.12350080683899,9.498890731639575,0.11950817013511181,-5.0,10.482609710125672,False
2,employed,50,3.0,x2,0.23261793985506563,-1.127958682662594,4.618976645495145,11.528380667024283,-1.127958682662594,4.58705056114125,11.540956617032288,False
2,onlooker,3,45.0,x1,0.4191565702012414,-4.058226521123505,4.756223516367559,12.830884669310645,-4.339457237510912,4.756223516367559,13.890802764493339,False
2,onlooker,11,5.0,x1,-0.632933542239362,2.5808774008537387,-0.04403251993051405,7.789806781468107,-1.4064400323660893,-0.04403251993051405,5.260179623598216,True
2,onlooker,49,23.0,x2,0.5681618966828159,0.11950817013511181,-4.12350080683899,9.498890731639575,0.11950817013511181,-5.0,10.482609710125672,False
2,onlooker,34,29.0,x2,-0.7097394906699006,-0.9788594200455047,-1.960499019373878,5.382603334940438,-0.9788594200455047,-0.08117202986815597,2.772609009961688,True
2,onlooker,47,15.0,x2,0.15603443161508435,-0.3144895626687506,-1.0676944143523488,4.336395418842418,-0.3144895626687506,-1.529397420772589,6.17869862905609,False
2,onlooker,36,32.0,x1,0.8811888193910369,1.0433197709641164,-0.9909117980677221,3.7341958561105426,1.3878282116690457,-0.9909117980677221,5.878410228343256,False
2,onlooker,9,26.0,x1,-0.19193121851846806,0.6723742704855584,-1.5685670650194155,6.5046825599680815,-0.032645186212699406,-1.5685670650194155,5.662168950334866,True
2,onlooker,26,6.0,x1,-0.7318107802544693,-3.0009179752489166,2.5619640150511422,10.233309237823189,-1.6776636419411939,2.5619640150511422,9.24264005782359,True
2,onlooker,17,15.0,x1,-0.14419357263730004,-0.6455075459483288,-1.1950388193751242,5.34062082376461,-1.0509218391040624,-1.1950388193751242,4.845030524323921,True
2,onlooker,33,32.0,x1,-0.17637820682885952,1.347183200005908,0.8155417434543013,5.794273631416097,1.2246317177353874,0.8155417434543013,5.152953533769466,True
2,onlooker,23,11.0,x2,0.1766124968180165,3.3225980139520104,-0.05163544400498399,8.92877893823993,3.3225980139520104,-0.052978215408893935,8.930569837478492,False
2,onlooker,19,2.0,x2,-0.16319991168627923,-3.7007849466452836,-0.24295073774066278,10.003141761405855,-3.7007849466452836,-0.027781445574530883,9.462763602602697,True
2,onlooker,26,12.0,x1,0.14491586624423136,-1.6776636419411939,2.5619640150511422,9.24264005782359,-2.602899841325912,2.5619640150511422,10.3637559600166,False
2,onlooker,30,36.0,x2,0.2958969644024201,-5.0,-3.8546992646402654,12.29023157640676,-5.0,-4.702085282692778,13.72013549813374,False
2,onlooker,34,16.0,x2,0.5748644439719077,-0.9788594200455047,-0.08117202986815597,2.772609009961688,-0.9788594200455047,-3.0021571635439233,7.215655385030136,False
2,onlooker,29,22.0,x1,0.2520249618821142,-0.41084224461660046,0.6874119595289372,4.319262843305168,-1.019102792640007,0.6874119595289372,4.553379016323941,False
2,onlooker,21,27.0,x2,0.4734113769644406,-0.6284808112766926,0.7031222717601381,4.603362816668632,-0.6284808112766926,0.25556564447845587,3.8526240691968714,True
2,onlooker,46,47.0,x1,0.007265850366198423,-0.0003454061522631946,1.9632037507773603,4.884520806655175,0.0019371182824012203,1.9632037507773603,4.8846189688636485,False
2,onlooker,28,41.0,x1,-0.3710986165115975,2.0516537862633513,2.8072903102196793,8.571417224069478,1.900053179516402,2.8072903102196793,8.547812345330474,True
2,onlooker,43,25.0,x1,-0.7682865513294632,0.46631176035953104,-4.099521392243583,10.63948483229412,1.5101391199691983,-4.099521392243583,11.02552681421028,False
2,onlooker,5,43.0,x2,-0.8888641661862442,-3.7188636732445413,-0.9991625097155564,9.620549039728585,-3.7188636732445413,-3.7549604227119464,12.324643860796698,False
2,onlooker,17,18.0,x2,-0.6540111096168124,-1.0509218391040624,-1.1950388193751242,4.845030524323921,-1.0509218391040624,-2.444361965211304,7.985203724615559,False
2,onlooker,19,38.0,x1,-0.9706343128798585,-3.7007849466452836,-0.027781445574530883,9.462763602602697,-0.011533856550179689,-0.027781445574530883,0.10901355240080379,True
2,onlooker,42,43.0,x2,-0.25547685361690364,0.8793996134974549,-3.330270800922961,9.301086612309637,0.8793996134974549,-3.526796521636496,9.878417119784553,False
2,onlooker,9,31.0,x1,-0.7606548882702113,-0.032645186212699406,-1.5685670650194155,5.662168950334866,1.2731518951095206,-1.5685670650194155,7.098072907296865,False
2,onlooker,21,48.0,x2,0.9909289451672743,-0.6284808112766926,0.25556564447845587,3.8526240691968714,-0.6284808112766926,1.7797318546906,6.627097984399057,False
2,onlooker,39,16.0,x1,0.375330098332185,-2.064062422333164,1.4136424539311836,7.6456137810387155,-3.7461908531752037,1.4136424539311836,10.721414963522742,False
2,onlooker,36,20.0,x2,0.2817772691723188,1.0433197709641164,-0.9909117980677221,3.7341958561105426,1.0433197709641164,-1.7486254554066814,6.110857143918583,False
2,onlooker,1,12.0,x2,0.050176605934522334,2.7395604855596334,-0.6112156024794766,8.611079791171319,2.7395604855596334,-0.7378855078263766,8.396838506873703,True
2,onlooker,10,9.0,x2,0.6726085811004758,3.27631171992582,0.8759008906940698,9.023573373549393,3.27631171992582,2.520071013932098,11.010314244653996,False
2,onlooker,50,28.0,x2,0.6781394617634269,-1.127958682662594,4.618976645495145,11.528380667024283,-1.127958682662594,5.0,10.698141112403007,True
2,onlooker,50,7.0,x2,-0.10350877349129783,-1.127958682662594,5.0,10.698141112403007,-1.127958682662594,4.792804258585887,11.134270095598817,False
2,onlooker,22,4.0,x1,0.5106603455894889,2.0026510200224914,-1.9385814174895297,6.613602913754626,1.6917885773470214,-1.9385814174895297,7.489750772382612,False
2,onlooker,24,23.0,x1,-0.6986540523735196,-1.1252162096982552,-2.116718960697559,6.405096816444104,1.982267221859583,-2.116718960697559,7.063852442843464,False
2,onlooker,11,46.0,x1,-0.9107018220514422,-1.4064400323660893,-0.04403251993051405,5.260179623598216,-0.12590709429641622,-0.04403251993051405,0.7929126681271623,True
2,onlooker,14,16.0,x1,-0.019604915196827166,-0.8139400653199125,-5.0,10.94353230095537,-0.7505846574661168,-5.0,11.282978334504106,False
2,onlooker,31,25.0,x2,-0.831769330886236,1.6840296179047165,-0.28903793856867477,6.287376826033821,1.6840296179047165,-1.671360934921505,7.774254368766879,False
2,onlooker,15,43.0,x2,0.2751774009569181,-3.4571050793245215,1.891287149147677,10.352919772447711,-3.4571050793245215,3.5398222731982294,12.403551525737821,False
2,onlooker,34,33.0,x1,0.5258060380790581,-0.9788594200455047,-0.08117202986815597,2.772609009961688,-2.1374683651443913,-0.08117202986815597,5.798161691115222,False
2,onlooker,4,19.0,x2,0.07905487052335736,2.6113970199035297,-0.020556507266975332,7.774111019483298,2.6113970199035297,-0.019985340704532284,7.773847031389888,True
2,onlooker,20,43.0,x2,-0.034854982825412106,0.024100333600592716,1.698139946825103,5.591661211189418,0.024100333600592716,1.4960625604243083,5.538110806007815,True
2,onlooker,39,43.0,x2,0.009582965806996135,-2.064062422333164,1.4136424539311836,7.6456137810387155,-2.064062422333164,1.4664749145574436,7.7663707571732665,False
2,onlooker,46,29.0,x1,0.7005485976674435,-0.0003454061522631946,1.9632037507773603,4.884520806655175,0.28722757838084734,1.9632037507773603,6.162691304903131,False
2,onlooker,20,26.0,x2,0.0628220820091554,0.024100333600592716,1.4960625604243083,5.538110806007815,0.024100333600592716,1.4291004118280632,5.334557199056739,True
2,onlooker,7,21.0,x1,0.8346753451033522,1.770642056379323,2.9982784606028354,8.73680000027147,3.773130763885452,2.9982784606028354,10.829249078285342,False
2,onlooker,33,9.0,x1,-0.32228872878079007,1.2246317177353874,0.8155417434543013,5.152953533769466,0.819425542636511,0.8155417434543013,4.225990308855739,True
2,onlooker,11,2.0,x1,0.8549209170080534,-0.12590709429641622,-0.04403251993051405,0.7929126681271623,-3.7942615724851905,-0.04403251993051405,9.168241602867514,False
2,onlooker,24,16.0,x1,0.1969543831154732,-1.1252162096982552,-2.116718960697559,6.405096816444104,-1.823002841774147,-2.116718960697559,7.436427532166498,False
2,onlooker,1,15.0,x1,0.40606693139778516,2.7395604855596334,-0.7378855078263766,8.396838506873703,5.0,-0.7378855078263766,11.344933218809405,False
2,onlooker,34,50.0,x2,0.2407154193160881,-0.9788594200455047,-0.08117202986815597,2.772609009961688,-0.9788594200455047,-1.3042884856550476,5.448847743575087,False
3,employed,1,25.0,x2,0.5228651263680153,2.7395604855596334,-0.7378855078263766,8.396838506873703,2.7395604855596334,-0.10361920942688052,7.705652040107058,True
3,employed,2,46.0,x2,0.44139189343670315,4.16496286245564,1.0754892659509685,9.820565169553966,4.16496286245564,0.6836592886622599,10.654363189707324,False
3,employed,3,49.0,x1,0.5640103414763544,-4.058226521123505,4.756223516367559,12.830884669310645,-5.0,4.756223516367559,13.50015815508932,False
3,employed,4,44.0,x1,-0.7717918576327256,2.6113970199035297,-0.019985340704532284,7.773847031389888,2.31209342548403,-0.019985340704532284,6.938636514487065,True
3,employed,5,37.0,x2,-0.11982260094526276,-3.7188636732445413,-0.9991625097155564,9.620549039728585,-3.7188636732445413,-1.1669813659277295,10.029174567039114,False
3,employed,6,29.0,x2,0.3082048189647135,-1.1927260641546398,4.267649888486018,10.902530280531934,-1.1927260641546398,5.0,11.084490192251263,False
3,employed,7,49.0,x1,0.9691561628632492,1.770642056379323,2.9982784606028354,8.73680000027147,3.3708486379452474,2.9982784606028354,10.98279209081283,False
3,employed,8,16.0,x1,0.46750699487583236,-0.633087784524758,-2.727612782152231,8.591286184259392,-2.0593375913712846,-2.727612782152231,8.898643800379462,False
3,employed,9,38.0,x2,-0.3070142773739024,-0.032645186212699406,-1.5685670650194155,5.662168950334866,-0.032645186212699406,-0.5604373919817693,3.2192727197549478,True
3,employed,10,7.0,x1,-0.9181060794285605,3.27631171992582,0.8759008906940698,9.023573373549393,1.8939472482126258,0.8759008906940698,5.715139441732784,True
3,employed,11,40.0,x2,-0.020600516366188204,-0.12590709429641622,-0.04403251993051405,0.7929126681271623,-0.12590709429641622,0.015359069747240953,0.7360519448623077,True
3,employed,12,50.0,x2,-0.07005308761269391,4.706980243949033,1.9132657367365953,11.627318294441313,4.706980243949033,2.129501002518091,11.852537299233717,False
3,employed,13,49.0,x1,-0.17684799561188025,0.3768409524529055,-2.9597514838287835,8.468136109354425,0.3313321656947754,-2.9597514838287835,8.322238697607332,True
3,employed,14,40.0,x1,-0.8303614553763359,-0.8139400653199125,-5.0,10.94353230095537,0.33585316195091575,-5.0,11.597315643198419,False
3,employed,15,29.0,x1,0.6041195739714484,-3.4571050793245215,1.891287149147677,10.352919772447711,-5.0,1.891287149147677,10.897655197847156,False
3,employed,16,47.0,x1,0.6451661812348632,2.417668295018676,5.0,12.532211828959326,4.180364146593698,5.0,12.723578463594926,False
3,employed,17,2.0,x1,-0.2545953173865316,-1.0509218391040624,-1.1950388193751242,4.845030524323921,0.27701798194108496,-1.1950388193751242,4.8152113884475405,True
3,employed,18,3.0,x2,-0.781435417770884,-0.30444188724192056,-3.1052864091571433,8.599175994717264,-0.30444188724192056,3.0379758838052036,8.356787757248268,True
3,employed,19,35.0,x2,0.42651639262339636,-0.011533856550179689,-0.027781445574530883,0.10901355240080379,-0.011533856550179689,0.7587687886846586,3.0609659451766267,False
3,employed,20,39.0,x2,0.7309130961113257,0.024100333600592716,1.4291004118280632,5.334557199056739,0.024100333600592716,1.44039883569403,5.375304592874201,False
3,employed,21,38.0,x2,0.6017431842132641,-0.6284808112766926,0.25556564447845587,3.8526240691968714,-0.6284808112766926,-0.6226933299196855,4.576023251804042,False
3,employed,22,3.0,x1,-0.5309296991174028,2.0026510200224914,-1.9385814174895297,6.613602913754626,-1.2152488692855767,-1.9385814174895297,6.476090092412779,True
3,employed,23,32.0,x1,0.7162506092496463,3.3225980139520104,-0.05163544400498399,8.92877893823993,5.0,-0.05163544400498399,10.2089862852662,False
3,employed,24,1.0,x1,0.029258684232699617,-1.1252162096982552,-2.116718960697559,6.405096816444104,-1.2382944906547022,-2.116718960697559,7.0753818341684855,False
3,employed,25,35.0,x1,-0.9407854217427736,1.8249550397497547,-1.9509446055047936,6.9905101938505005,-4.595863165696686,-1.9509446055047936,11.780326846512434,False
3,employed,26,20.0,x2,0.7912697627673937,-1.6776636419411939,2.5619640150511422,9.24264005782359,-1.6776636419411939,3.458364729621283,10.609807931862964,False
3,employed,27,34.0,x2,-0.5246832732788054,2.869243775021384,1.6485085659203218,9.149128112649736,2.869243775021384,0.740974089195189,8.198888740677573,True
3,employed,28,43.0,x1,-0.30393715318097136,1.900053179516402,2.8072903102196793,8.547812345330474,1.4642858941802168,2.8072903102196793,9.204818658375165,False
3,employed,29,43.0,x2,-0.40211269776218894,-0.41084224461660046,0.6874119595289372,4.319262843305168,-0.41084224461660046,-1.237474724560108,5.405240680883377,False
3,employed,30,29.0,x2,-0.20611986450433184,-5.0,-3.8546992646402654,12.29023157640676,-5.0,-2.9184799145509044,11.34928972817132,True
3,employed,31,14.0,x1,0.7731151243437384,1.6840296179047165,-0.28903793856867477,6.287376826033821,3.6152477601578146,-0.28903793856867477,10.134215604772576,False
3,employed,32,10.0,x2,-0.8303768175284738,0.6523610648118883,2.649988574160256,8.563340437093938,0.6523610648118883,1.1768272895471419,5.247743881072012,True
3,employed,33,17.0,x2,0.4352782952831351,0.819425542636511,0.8155417434543013,4.225990308855739,0.819425542636511,1.6907038233721001,6.3552825603072804,False
3,employed,34,41.0,x1,0.9974867401335297,-0.9788594200455047,-0.08117202986815597,2.772609009961688,-3.5942644890053437,-0.08117202986815597,9.667797950983203,False
3,employed,35,15.0,x2,-0.18411609773743565,-5.0,-1.8719080673470596,10.986668032578478,-5.0,-1.1790432490618645,11.000888661208402,False
3,employed,36,7.0,x2,0.14974385924606715,1.0433197709641164,-0.9909117980677221,3.7341958561105426,1.0433197709641164,-1.5882685426678682,6.373305155151037,False
3,employed,37,50.0,x1,0.401762020241317,2.8216418417521107,-2.3997234630605435,10.04352550223076,4.408441327587128,-2.3997234630605435,12.444854188388971,False
3,employed,38,30.0,x2,-0.215261814156412,0.10008118918000708,1.7150902347675867,5.688387524068986,0.10008118918000708,0.7176595184042917,3.3117274679203885,True
3,employed,39,46.0,x1,-0.006166807739301117,-2.064062422333164,1.4136424539311836,7.6456137810387155,-2.051335876266052,1.4136424539311836,7.610031567166754,True
3,employed,40,7.0,x1,-0.26924307360173305,0.5707499631324797,2.8389820910641355,8.608873469670133,0.8938125983086771,2.8389820910641355,7.658537766307349,True
3,employed,41,4.0,x1,-0.5960419246224369,1.6431354032738756,-0.9361313855992943,6.250648880387459,2.041862430323635,-0.9361313855992943,5.593466362848538,True
3,employed,42,1.0,x2,-0.09344016699967317,0.8793996134974549,-3.330270800922961,9.301086612309637,0.8793996134974549,-3.028771937363806,7.56342008572452,True
3,employed,43,32.0,x2,-0.3134150752421845,0.46631176035953104,-4.099521392243583,10.63948483229412,0.46631176035953104,-2.4458341731361415,8.271587069538166,True
3,employed,44,21.0,x1,0.9184185456891518,2.2235935059645033,-0.9885880340636799,6.753361510949963,4.8429914526025435,-0.9885880340636799,10.607357028406524,False
3,employed,45,37.0,x2,0.08171327388990246,-3.387282209663982,0.010447751033635377,9.204126538890286,-3.387282209663982,0.20739073157247176,9.561003421104159,False
3,employed,46,14.0,x2,0.7939935975459904,-0.0003454061522631946,1.9632037507773603,4.884520806655175,-0.0003454061522631946,5.0,10.138629389499744,False
3,employed,47,12.0,x1,-0.3493145389666459,-0.3144895626687506,-1.0676944143523488,4.336395418842418,1.439582847764873,-1.0676944143523488,6.205146638700889,False
3,employed,48,45.0,x2,0.05908411057014473,-1.984879108521235,-1.282552923603998,6.914008327261929,-1.984879108521235,-1.3589487184315598,7.286474027860521,False
3,employed,49,37.0,x2,0.18148958832753226,0.11950817013511181,-4.12350080683899,9.498890731639575,0.11950817013511181,-4.436348447329667,11.131715532792485,False
3,employed,50,33.0,x2,-0.40123341697034887,-1.127958682662594,5.0,10.698141112403007,-1.127958682662594,3.3210555155563806,9.399262682474536,True
3,onlooker,13,17.0,x1,-0.6891168718331551,0.3313321656947754,-2.9597514838287835,8.322238697607332,0.2939033452902611,-2.9597514838287835,8.169521361105321,True
3,onlooker,43,14.0,x1,0.12297878882876923,0.46631176035953104,-2.4458341731361415,8.271587069538166,0.6237555792774097,-2.4458341731361415,8.285247760490606,False
3,onlooker,38,40.0,x2,-0.12322748283161422,0.10008118918000708,0.7176595184042917,3.3117274679203885,0.10008118918000708,0.9790647593070483,2.857192648123839,True
3,onlooker,21,50.0,x2,0.3491949539580481,-0.6284808112766926,0.25556564447845587,3.8526240691968714,-0.6284808112766926,-0.8148879499114628,4.5642252109124115,False
3,onlooker,39,46.0,x2,0.5751796724586784,-2.051335876266052,1.4136424539311836,7.610031567166754,-2.051335876266052,1.097545967215233,5.907013437020858,True
3,onlooker,11,29.0,x1,-0.7962116853709102,-0.12590709429641622,0.015359069747240953,0.7360519448623077,-0.3527757905542638,0.015359069747240953,2.475035070931771,False
3,onlooker,32,48.0,x1,0.025464128600222624,0.6523610648118883,1.1768272895471419,5.247743881072012,0.7195160877353163,1.1768272895471419,5.1276936132472635,True
3,onlooker,19,2.0,x1,0.9195490446584407,-0.011533856550179689,-0.027781445574530883,0.10901355240080379,-3.852027424531094,-0.027781445574530883,8.912279636652606,False
3,onlooker,9,3.0,x1,-0.5078667769901231,-0.032645186212699406,-0.5604373919817693,3.2192727197549478,-2.0771042042854475,-0.5604373919817693,6.986455936149291,False
3,onlooker,6,24.0,x2,0.0321756025142248,-1.1927260641546398,4.267649888486018,10.902530280531934,-1.1927260641546398,4.473070802881547,11.597734847658433,False
3,onlooker,18,3.0,x1,-0.7767992635015466,-0.30444188724192056,3.0379758838052036,8.356787757248268,-3.220379026184558,3.0379758838052036,10.241733912942609,False
3,onlooker,19,3.0,x2,0.3963794512198269,-0.011533856550179689,-0.027781445574530883,0.10901355240080379,-0.011533856550179689,-1.9240627070220653,4.9155705236830265,False
3,onlooker,11,16.0,x2,-0.21174844564380502,-0.12590709429641622,0.015359069747240953,0.7360519448623077,-0.12590709429641622,1.070849038820753,3.3150410720653203,False
3,onlooker,19,1.0,x1,-0.7758592580026049,-0.011533856550179689,-0.027781445574530883,0.10901355240080379,2.1229281584143043,-0.027781445574530883,5.564785048224792,False
3,onlooker,42,1.0,x1,0.016334711625750176,0.8793996134974549,-3.028771937363806,7.56342008572452,0.8490144220748153,-3.028771937363806,7.711251242569443,False
3,onlooker,22,17.0,x1,-0.13734595970710073,-1.2152488692855767,-1.9385814174895297,6.476090092412779,-1.0102920464647576,-1.9385814174895297,5.419510171737063,True
3,onlooker,38,43.0,x1,-0.4793029131694999,0.10008118918000708,0.9790647593070483,2.857192648123839,0.27561656883808283,0.9790647593070483,3.8825929742971437,False
3,onlooker,19,12.0,x2,-0.04027319889786973,-0.011533856550179689,-0.027781445574530883,0.10901355240080379,-0.011533856550179689,0.05039073366883472,0.2158802913088178,False
3,onlooker,33,12.0,x1,-0.33852851589026667,0.819425542636511,0.8155417434543013,4.225990308855739,2.135473666114068,0.8155417434543013,6.544418068487829,False
3,onlooker,46,3.0,x1,-0.07846078952086755,-0.0003454061522631946,1.9632037507773603,4.884520806655175,-0.3187299622147251,1.9632037507773603,6.302129248852825,False
3,onlooker,34,8.0,x1,-0.9052519599890363,-0.9788594200455047,-0.08117202986815597,2.772609009961688,-0.6658489692817341,-0.08117202986815597,3.3261287570101747,False
3,onlooker,10,47.0,x1,-0.9814804363577532,1.8939472482126258,0.8759008906940698,5.715139441732784,-0.27359027659975244,0.8759008906940698,3.826996495037616,True
3,onlooker,11,2.0,x2,-0.7787410648755935,-0.12590709429641622,0.015359069747240953,0.7360519448623077,-0.12590709429641622,0.8409259876457036,3.121856958355416,False
3,onlooker,30,12.0,x1,0.1384241008613536,-5.0,-2.9184799145509044,11.34928972817132,-5.0,-2.9184799145509044,11.34928972817132,False
3,onlooker,29,43.0,x2,-0.9905172141762522,-0.41084224461660046,0.6874119595289372,4.319262843305168,-0.41084224461660046,-2.4161222711269925,8.151490163537911,False
3,onlooker,41,31.0,x2,-0.6745130277900848,2.041862430323635,-0.9361313855992943,5.593466362848538,2.041862430323635,-0.49965842537954824,6.878655904290618,False
3,onlooker,37,43.0,x2,-0.4914730324916854,2.8216418417521107,-2.3997234630605435,10.04352550223076,2.8216418417521107,-2.4223856335717424,10.098879350990446,False
3,onlooker,46,23.0,x2,0.20684890866664296,-0.0003454061522631946,1.9632037507773603,4.884520806655175,-0.0003454061522631946,2.379971039356866,7.288891737881849,False
3,onlooker,49,18.0,x1,0.6263186916402257,0.11950817013511181,-4.12350080683899,9.498890731639575,0.3850360153922934,-4.12350080683899,10.60192240395069,False
3,onlooker,18,41.0,x2,0.20146783772528498,-0.30444188724192056,3.0379758838052036,8.356787757248268,-0.30444188724192056,3.8386306822604643,10.015078859384598,False
3,onlooker,11,22.0,x2,-0.36472873127287664,-0.12590709429641622,0.015359069747240953,0.7360519448623077,-0.12590709429641622,-0.6972991651453327,3.4172777007073027,False
3,onlooker,7,2.0,x2,-0.30704268918563815,1.770642056379323,2.9982784606028354,8.73680000027147,1.770642056379323,2.407900095539839,8.910661999490985,False
3,onlooker,2,10.0,x2,0.45036664170173757,4.16496286245564,1.0754892659509685,9.820565169553966,4.16496286245564,1.165377212238124,10.206879078645251,False
3,onlooker,34,38.0,x1,-0.3656936577400425,-0.9788594200455047,-0.08117202986815597,2.772609009961688,-0.5842976821735575,-0.08117202986815597,3.3142041796118744,False
3,onlooker,44,30.0,x1,-0.747947316506747,2.2235935059645033,-0.9885880340636799,6.753361510949963,-3.1792738723572107,-0.9885880340636799,8.187421169399572,False
3,onlooker,10,35.0,x2,-0.6541121271158439,-0.27359027659975244,0.8759008906940698,3.826996495037616,-0.27359027659975244,-0.921474271758184,3.817645357112291,True
3,onlooker,23,50.0,x1,-0.991984790533321,3.3225980139520104,-0.05163544400498399,8.92877893823993,-1.0922865384958973,-0.05163544400498399,3.143438173720075,True
3,onlooker,2,50.0,x2,0.16927766826833102,4.16496286245564,1.0754892659509685,9.820565169553966,4.16496286245564,0.6953650472757034,10.620746498312364,False
3,onlooker,9,45.0,x2,0.7607606002553844,-0.032645186212699406,-0.5604373919817693,3.2192727197549478,-0.032645186212699406,-0.9947443160590497,2.655012714581187,True
3,onlooker,25,32.0,x1,-0.4536256169982473,1.8249550397497547,-1.9509446055047936,6.9905101938505005,1.3234996130883092,-1.9509446055047936,7.099913274801704,False
3,onlooker,4,31.0,x1,-0.410489613594474,2.31209342548403,-0.019985340704532284,6.938636514487065,2.054279755798124,-0.019985340704532284,5.130241568357171,True
3,onlooker,32,42.0,x2,-0.9636789121712719,0.7195160877353163,1.1768272895471419,5.1276936132472635,0.7195160877353163,-2.876019998470742,8.269949655694667,False
3,onlooker,29,12.0,x1,0.7477769958076028,-0.41084224461660046,0.6874119595289372,4.319262843305168,-4.2378321701927995,0.6874119595289372,10.962505670108591,False
3,onlooker,14,31.0,x2,0.10708168017922293,-0.8139400653199125,-5.0,10.94353230095537,-0.8139400653199125,-5.0,10.94353230095537,False
3,onlooker,19,35.0,x2,0.45153926943086775,-0.011533856550179689,-0.027781445574530883,0.10901355240080379,-0.011533856550179689,0.804914141958651,2.9203857961021957,False
3,onlooker,27,39.0,x1,0.9668341519858752,2.869243775021384,0.740974089195189,8.198888740677573,5.0,0.740974089195189,11.33011729995498,False
3,onlooker,19,27.0,x2,-0.9750602441175735,-0.011533856550179689,-0.027781445574530883,0.10901355240080379,-0.011533856550179689,0.721801513824768,3.1516722989842383,False
3,onlooker,38,26.0,x1,-0.1840771392788696,0.10008118918000708,0.9790647593070483,2.857192648123839,-0.22716099370058074,0.9790647593070483,3.6049655343093012,False
3,onlooker,8,45.0,x2,-0.20998551991888714,-0.633087784524758,-2.727612782152231,8.591286184259392,-0.633087784524758,-2.1526597175218116,7.203304046328114,True
3,onlooker,33,8.0,x1,0.923099259082065,0.819425542636511,0.8155417434543013,4.225990308855739,2.1602395187459034,0.8155417434543013,6.694255280934339,False
4,employed,1,10.0,x1,-0.6009160142010193,2.7395604855596334,-0.10361920942688052,7.705652040107058,0.9289099393760518,-0.10361920942688052,2.858132004619876,True
4,employed,2,44.0,x2,0.8251654882838624,4.16496286245564,1.0754892659509685,9.820565169553966,4.16496286245564,2.778694619073192,11.455414485104816,False
4,employed,3,12.0,x1,-0.060398223650344196,-4.058226521123505,4.756223516367559,12.830884669310645,-3.5288236025851436,4.756223516367559,13.439285190942197,False
4,employed,4,37.0,x2,0.7567314676216033,2.054279755798124,-0.019985340704532284,5.130241568357171,2.054279755798124,1.7808373811810105,7.338453990783366,False
4,employed,5,20.0,x2,0.034038973698858443,-3.7188636732445413,-0.9991625097155564,9.620549039728585,-3.7188636732445413,-1.081818087435893,9.750644315781539,False
4,employed,6,38.0,x1,0.4622719533055908,-1.1927260641546398,4.267649888486018,10.902530280531934,-1.7903545984012827,4.267649888486018,11.25159298538146,False
4,employed,7,40.0,x2,0.13986763728305274,1.770642056379323,2.9982784606028354,8.73680000027147,1.770642056379323,3.0205588674379813,8.777208761971552,False
4,employed,8,6.0,x1,0.80794658175608,-0.633087784524758,-2.1526597175218116,7.203304046328114,-0.18092994947794178,-2.1526597175218116,6.33893180253936,True
4,employed,9,44.0,x2,0.5961948716366661,-0.032645186212699406,-0.9947443160590497,2.655012714581187,-0.032645186212699406,-0.9984146598130382,2.663357367917993,False
4,employed,10,5.0,x2,-0.5912052658371416,-0.27359027659975244,-0.921474271758184,3.817645357112291,-0.27359027659975244,-0.9674039671321915,3.853489903749566,False
4,employed,11,38.0,x1,-0.9537198108361071,-0.12590709429641622,0.015359069747240953,0.7360519448623077,0.08962240867189478,0.015359069747240953,0.46334631092293366,True
4,employed,12,49.0,x1,-0.24571063928863857,4.706980243949033,1.9132657367365953,11.627318294441313,3.579789547973438,1.9132657367365953,10.464094436391903,True
4,employed,13,37.0,x2,0.7751421769760867,0.2939033452902611,-2.9597514838287835,8.169521361105321,0.2939033452902611,-3.393852823014686,9.77520220058848,False
4,employed,14,21.0,x2,-0.36173502280066794,-0.8139400653199125,-5.0,10.94353230095537,-0.8139400653199125,-3.0988778417641782,8.179427862654382,True
4,employed,15,31.0,x1,0.16197874749610142,-3.4571050793245215,1.891287149147677,10.352919772447711,-4.289859638290462,1.891287149147677,11.110436476983551,False
4,employed,16,22.0,x1,0.2035495117354169,2.417668295018676,5.0,12.532211828959326,3.115427948776002,5.0,11.627740644029085,True
4,employed,17,47.0,x2,-0.06471948674680705,0.27701798194108496,-1.1950388193751242,4.8152113884475405,0.27701798194108496,-1.1867971548419727,4.76953239542549,True
4,employed,18,10.0,x1,-0.24558803423399223,-0.30444188724192056,3.0379758838052036,8.356787757248268,-0.296865100831358,3.0379758838052036,8.323991096284654,True
4,employed,19,21.0,x1,-0.7377826139475603,-0.011533856550179689,-0.027781445574530883,0.10901355240080379,-0.46670659347529353,-0.027781445574530883,2.9945870420308123,False
4,employed,20,8.0,x1,0.3691241467873545,0.024100333600592716,1.4291004118280632,5.334557199056739,0.09978196190752653,1.4291004118280632,5.431379390287141,False
4,employed,21,17.0,x1,0.9097967837116152,-0.6284808112766926,0.25556564447845587,3.8526240691968714,-1.4523007010009756,0.25556564447845587,5.87349224626519,False
4,employed,22,12.0,x2,-0.8021509897903554,-1.0102920464647576,-1.9385814174895297,5.419510171737063,-1.0102920464647576,1.15118158979412,4.41030332639448,True
4,employed,23,38.0,x1,0.7620721038357401,-1.0922865384958973,-0.05163544400498399,3.143438173720075,-2.0009567212717148,-0.05163544400498399,5.000704772456533,False
4,employed,24,14.0,x1,-0.5958237967090441,-1.1252162096982552,-2.116718960697559,6.405096816444104,-0.9397504755297985,-2.116718960697559,5.9969137990162515,True
4,employed,25,10.0,x2,0.044024602733024665,1.8249550397497547,-1.9509446055047936,6.9905101938505005,1.8249550397497547,-1.9962666279734225,7.006975667950465,False
4,employed,26,23.0,x1,-0.48112032029093155,-1.6776636419411939,2.5619640150511422,9.24264005782359,-1.3960268224406152,2.5619640150511422,9.056618785085712,True
4,employed,27,3.0,x1,-0.03701731934743857,2.869243775021384,0.740974089195189,8.198888740677573,2.612807394799094,0.740974089195189,8.431684222901355,False
4,employed,28,49.0,x1,0.30503840150532646,1.900053179516402,2.8072903102196793,8.547812345330474,2.443187782986357,2.8072903102196793,10.156148999805946,False
4,employed,29,25.0,x2,-0.7786158519407678,-0.41084224461660046,0.6874119595289372,4.319262843305168,-0.41084224461660046,-1.3668542850783187,5.905528137138351,False
4,employed,30,13.0,x1,-0.41045210085091455,-5.0,-2.9184799145509044,11.34928972817132,-2.827106250223928,-2.9184799145509044,9.508328162153932,True
4,employed,31,39.0,x1,0.7534215945292386,1.6840296179047165,-0.28903793856867477,6.287376826033821,4.498334644672354,-0.28903793856867477,11.60854632578154,False
4,employed,32,46.0,x2,0.9691372165015082,0.7195160877353163,1.1768272895471419,5.1276936132472635,0.7195160877353163,0.4147205947881818,4.34304717000726,True
4,employed,33,50.0,x2,0.9059982655359629,0.819425542636511,0.8155417434543013,4.225990308855739,0.819425542636511,-1.4544493883466503,6.159463771197128,False
4,employed,34,4.0,x2,-0.7244129281443896,-0.9788594200455047,-0.08117202986815597,2.772609009961688,-0.9788594200455047,-0.03684760120767474,2.6350625109140116,True
4,employed,35,15.0,x2,0.10579650812892294,-5.0,-1.8719080673470596,10.986668032578478,-5.0,-2.270040980659669,11.970290959541044,False
4,employed,36,5.0,x1,0.691593915604285,1.0433197709641164,-0.9909117980677221,3.7341958561105426,4.336816865970282,-0.9909117980677221,10.786162577011943,False
4,employed,37,31.0,x2,0.0847288046044099,2.8216418417521107,-2.3997234630605435,10.04352550223076,2.8216418417521107,-2.5785593244465717,10.269624048569353,False
4,employed,38,9.0,x2,-0.4934890511996053,0.10008118918000708,0.9790647593070483,2.857192648123839,0.10008118918000708,0.005011591455462372,0.5299755386092717,True
4,employed,39,8.0,x1,0.7038663155895972,-2.051335876266052,1.097545967215233,5.907013437020858,-3.367851604611345,1.097545967215233,9.524762910327006,False
4,employed,40,29.0,x1,0.4702588550392668,0.8938125983086771,2.8389820910641355,7.658537766307349,1.5073380909641525,2.8389820910641355,9.232763492063688,False
4,employed,41,15.0,x2,-0.2574947258234457,2.041862430323635,-0.9361313855992943,5.593466362848538,2.041862430323635,-0.20808602520649444,5.910986538106236,False
4,employed,42,20.0,x2,0.5200299434880697,0.8793996134974549,-3.028771937363806,7.56342008572452,0.8793996134974549,-5.0,10.592646546446108,False
4,employed,43,38.0,x1,-0.5863729449719366,0.46631176035953104,-2.4458341731361415,8.271587069538166,0.2515640617982391,-2.4458341731361415,7.9712035163681705,True
4,employed,44,48.0,x2,-0.7586893251126272,2.2235935059645033,-0.9885880340636799,6.753361510949963,2.2235935059645033,-1.211616057715832,7.514605675328697,False
4,employed,45,44.0,x1,-0.7992087087003814,-3.387282209663982,0.010447751033635377,9.204126538890286,1.0969785257017879,0.010447751033635377,3.1107464113070376,True
4,employed,46,13.0,x1,0.692957072135914,-0.0003454061522631946,1.9632037507773603,4.884520806655175,-0.2042471594315231,1.9632037507773603,5.714839250140091,False
4,employed,47,9.0,x2,-0.17286413738006035,-0.3144895626687506,-1.0676944143523488,4.336395418842418,-0.3144895626687506,-1.055083958539087,4.287714962599544,True
4,employed,48,23.0,x1,-0.5094820539535807,-1.984879108521235,-1.282552923603998,6.914008327261929,-1.5301192126010206,-1.282552923603998,7.08528547448168,False
4,employed,49,35.0,x2,0.7026692988044076,0.11950817013511181,-4.12350080683899,9.498890731639575,0.11950817013511181,-5.0,10.482609710125672,False
4,employed,50,43.0,x2,-0.3213557085268781,-1.127958682662594,3.3210555155563806,9.399262682474536,-1.127958682662594,1.4678325936502474,6.458062514208489,True
4,onlooker,25,13.0,x2,-0.5104069968997091,1.8249550397497547,-1.9509446055047936,6.9905101938505005,1.8249550397497547,-2.4658466947219115,8.988193389178427,False
4,onlooker,10,48.0,x1,0.7759776572111599,-0.27359027659975244,-0.921474271758184,3.817645357112291,1.054331622006302,-0.921474271758184,3.8232390449412397,False
4,onlooker,38,26.0,x1,-0.018784168976256232,0.10008118918000708,0.005011591455462372,0.5299755386092717,0.07197804348299458,0.005011591455462372,0.33694357597799796,True
4,onlooker,25,28.0,x1,-0.13087383060461932,1.8249550397497547,-1.9509446055047936,6.9905101938505005,1.8347834209722969,-1.9509446055047936,6.948107658609903,True
4,onlooker,9,7.0,x1,0.9044994316913666,-0.032645186212699406,-0.9947443160590497,2.655012714581187,-1.6637174723134756,-0.9947443160590497,6.240205792181676,False
4,onlooker,22,48.0,x2,-0.67284624457978,-1.0102920464647576,1.15118158979412,4.41030332639448,-1.0102920464647576,-0.4863475378500022,4.650225440317488,False
4,onlooker,27,11.0,x2,-0.4936307877467969,2.869243775021384,0.740974089195189,8.198888740677573,2.869243775021384,0.3827881755441911,8.466322920012702,False
4,onlooker,2,7.0,x1,0.8336968152583915,4.16496286245564,1.0754892659509685,9.820565169553966,5.0,1.0754892659509685,10.442805101453748,False
4,onlooker,18,31.0,x2,-0.06997173602145401,-0.296865100831358,3.0379758838052036,8.323991096284654,-0.296865100831358,2.80517895088633,8.272400001493047,True
4,onlooker,19,28.0,x2,-0.625522110769317,-0.011533856550179689,-0.027781445574530883,0.10901355240080379,-0.011533856550179689,1.7456186232923372,5.469432977332982,False
4,onlooker,50,41.0,x1,0.4832292654630306,-1.127958682662594,1.4678325936502474,6.458062514208489,-2.6597090107401353,1.4678325936502474,9.234764919571871,False
4,onlooker,22,8.0,x2,0.8413317165471357,-1.0102920464647576,1.15118158979412,4.41030332639448,-1.0102920464647576,3.9308080680775657,8.860524516501375,False
4,onlooker,19,3.0,x2,-0.31519264637874267,-0.011533856550179689,-0.027781445574530883,0.10901355240080379,-0.011533856550179689,1.4801017386690325,5.493046120066499,False
4,onlooker,38,31.0,x2,0.5016771694897193,0.07197804348299458,0.005011591455462372,0.33694357597799796,0.07197804348299458,0.15252952736775371,1.0996887959343096,False
4,onlooker,38,11.0,x2,0.8475666321863604,0.07197804348299458,0.005011591455462372,0.33694357597799796,0.07197804348299458,-0.0037585858719218733,0.3364499833263008,True
4,onlooker,20,33.0,x1,-0.995382454826516,0.024100333600592716,1.4291004118280632,5.334557199056739,0.815753092556177,1.4291004118280632,6.092229677868293,False
4,onlooker,50,14.0,x1,-0.8758737869196895,-1.127958682662594,1.4678325936502474,6.458062514208489,-0.8529180071273746,1.4678325936502474,6.158888119721492,True
4,onlooker,21,7.0,x2,-0.6953465796848486,-0.6284808112766926,0.25556564447845587,3.8526240691968714,-0.6284808112766926,2.1627016202283422,7.25508402563298,False
4,onlooker,32,20.0,x1,0.8437049003099901,0.7195160877353163,0.4147205947881818,4.34304717000726,1.3062417672515498,0.4147205947881818,5.694925978519539,False
4,onlooker,18,37.0,x1,-0.07780113969018476,-0.296865100831358,2.80517895088633,8.272400001493047,-0.05424170656661054,2.80517895088633,7.370084639088349,True
4,onlooker,33,30.0,x2,-0.05443205448200361,0.819425542636511,0.8155417434543013,4.225990308855739,0.819425542636511,0.6122912731287805,4.56779856227449,False
4,onlooker,47,17.0,x2,-0.6455289975014549,-0.3144895626687506,-1.055083958539087,4.287714962599544,-0.3144895626687506,-1.140108646106201,4.669627385186075,False
4,onlooker,34,43.0,x2,-0.9194925201201525,-0.9788594200455047,-0.03684760120767474,2.6350625109140116,-0.9788594200455047,-2.2518927351657876,6.953988549486361,False
4,onlooker,21,45.0,x1,0.49923723784573504,-0.6284808112766926,0.25556564447845587,3.8526240691968714,-1.4898943646849627,0.25556564447845587,5.971144254372323,False
4,onlooker,50,27.0,x1,0.31999143760230253,-0.8529180071273746,1.4678325936502474,6.158888119721492,-2.0439779067855044,1.4678325936502474,7.715839863095468,False
4,onlooker,17,48.0,x1,-0.2673290228869274,0.27701798194108496,-1.1867971548419727,4.76953239542549,-0.327652757122991,-1.1867971548419727,4.954496735173986,False
4,onlooker,38,20.0,x1,0.12363786012599864,0.07197804348299458,-0.0037585858719218733,0.3364499833263008,0.07789754108058812,-0.0037585858719218733,0.37470709701763427,False
4,onlooker,36,25.0,x2,0.814172653819017,1.0433197709641164,-0.9909117980677221,3.7341958561105426,1.0433197709641164,-0.2092793394833602,3.675508559210631,True
4,onlooker,19,33.0,x1,-0.31527513339989177,-0.011533856550179689,-0.027781445574530883,0.10901355240080379,0.25044697887829814,-0.027781445574530883,1.784502646971767,False
4,onlooker,19,23.0,x1,-0.7483859633754295,-0.011533856550179689,-0.027781445574530883,0.10901355240080379,-0.8203539935987048,-0.027781445574530883,2.8837653007826103,False
4,onlooker,7,34.0,x1,0.31103547668610454,1.770642056379323,2.9982784606028354,8.73680000027147,2.6258345587482674,2.9982784606028354,10.17581188076833,False
4,onlooker,33,1.0,x1,-0.3469063146564402,0.819425542636511,0.8155417434543013,4.225990308855739,0.8574063712218087,0.8155417434543013,4.130660522867107,True
4,onlooker,11,40.0,x1,0.7212608027922602,0.08962240867189478,0.015359069747240953,0.46334631092293366,-0.4904084531031909,0.015359069747240953,3.060411536711236,False
4,onlooker,12,34.0,x2,-0.7412743930834511,3.579789547973438,1.9132657367365953,10.464094436391903,3.579789547973438,0.46769665570801355,10.319846013687027,True
4,onlooker,15,7.0,x2,-0.4329584668015416,-3.4571050793245215,1.891287149147677,10.352919772447711,-3.4571050793245215,2.3705684101179303,11.224836976403697,False
4,onlooker,34,46.0,x2,-0.5949551841516281,-0.9788594200455047,-0.03684760120767474,2.6350625109140116,-0.9788594200455047,1.1530933192252943,4.3848947228053525,False
4,onlooker,26,36.0,x2,0.9058449369711314,-1.3960268224406152,2.5619640150511422,9.056618785085712,-1.3960268224406152,5.0,12.011588066121728,False
4,onlooker,31,13.0,x2,0.25095631382787253,1.6840296179047165,-0.28903793856867477,6.287376826033821,1.6840296179047165,0.38119448803997114,6.484970411303419,False
4,onlooker,18,49.0,x2,-0.20064772967272626,-0.05424170656661054,2.80517895088633,7.370084639088349,-0.05424170656661054,1.4149550878693695,5.305997564628672,True
4,onlooker,34,2.0,x2,-0.19987710773048928,-0.9788594200455047,-0.03684760120767474,2.6350625109140116,-0.9788594200455047,0.18548307462198835,3.3474140165753714,False
4,onlooker,43,30.0,x2,-0.11211422720804731,0.2515640617982391,-2.4458341731361415,7.9712035163681705,0.2515640617982391,-2.4988244851780324,8.093678877386305,False
4,onlooker,46,42.0,x2,-0.3555686523541235,-0.0003454061522631946,1.9632037507773603,4.884520806655175,-0.0003454061522631946,0.18821368276045747,1.251353897253367,True
4,onlooker,26,25.0,x2,0.2644050002297247,-1.3960268224406152,2.5619640150511422,9.056618785085712,-1.3960268224406152,3.755199619905961,10.685605728793632,False
4,onlooker,19,12.0,x2,0.8253436705110722,-0.011533856550179689,-0.027781445574530883,0.10901355240080379,-0.011533856550179689,-0.43672116034492287,2.8781399645497534,False
4,onlooker,46,42.0,x1,0.9564088615291226,-0.0003454061522631946,0.18821368276045747,1.251353897253367,-0.8417413388313657,0.18821368276045747,3.4280523800099982,False
4,onlooker,38,39.0,x2,0.5251801839252814,0.07197804348299458,-0.0037585858719218733,0.3364499833263008,0.07197804348299458,-0.5821419136199837,3.2954442903289487,False
4,onlooker,22,24.0,x2,-0.5195474477019937,-1.0102920464647576,1.15118158979412,4.41030332639448,-1.0102920464647576,-0.546647800557772,4.696639302460714,False
4,onlooker,33,15.0,x2,-0.4843831805952912,0.8574063712218087,0.8155417434543013,4.130660522867107,0.8574063712218087,1.3366147245748303,5.686184365617297,False
4,onlooker,29,21.0,x1,-0.5622867824107356,-0.41084224461660046,0.6874119595289372,4.319262843305168,-0.5332175339923881,0.6874119595289372,4.527353519680773,False
4,onlooker,39,44.0,x1,-0.6646009606444381,-2.051335876266052,1.097545967215233,5.907013437020858,0.7897862978515091,1.097545967215233,4.495861707489041,True
5,employed,1,2.0,x1,-0.3277400629412526,0.9289099393760518,-0.10361920942688052,2.858132004619876,1.9894941280673806,-0.10361920942688052,5.177525909642924,False
5,employed,2,41.0,x1,0.6783477324686489,4.16496286245564,1.0754892659509685,9.820565169553966,5.0,1.0754892659509685,10.442805101453748,False
5,employed,3,8.0,x1,0.5486718023661024,-4.058226521123505,4.756223516367559,12.830884669310645,-5.0,4.756223516367559,13.50015815508932,False
5,employed,4,7.0,x2,-0.21987481968694156,2.054279755798124,-0.019985340704532284,5.130241568357171,2.054279755798124,0.643654868375548,6.792460287090851,False
5,employed,5,50.0,x1,-0.6148183535381804,-3.7188636732445413,-0.9991625097155564,9.620549039728585,-1.9568276774725013,-0.9991625097155564,5.390956618569501,True
5,employed,6,9.0,x2,-0.154399334906413,-1.1927260641546398,4.267649888486018,10.902530280531934,-1.1927260641546398,3.455139723288897,10.05353853662718,True
5,employed,7,32.0,x1,0.8658015648265065,1.770642056379323,2.9982784606028354,8.73680000027147,2.6807085648610816,2.9982784606028354,10.058811315733825,False
5,employed,8,50.0,x1,-0.8607187268172107,-0.18092994947794178,-2.1526597175218116,6.33893180253936,-0.7593226548943319,-2.1526597175218116,6.864014560204492,False
5,employed,9,7.0,x2,0.5814759477919877,-0.032645186212699406,-0.9947443160590497,2.655012714581187,-0.032645186212699406,-3.316591019673514,8.874893158664,False
5,employed,10,15.0,x1,0.7696981190127212,-0.27359027659975244,-0.921474271758184,3.817645357112291,2.1767550789066568,-0.921474271758184,6.461802008413429,False
5,employed,11,34.0,x1,-0.7763103952386456,0.08962240867189478,0.015359069747240953,0.46334631092293366,-0.7398511420850206,0.015359069747240953,3.1122405998476563,False
5,employed,12,42.0,x2,-0.6472872399838483,3.579789547973438,0.46769665570801355,10.319846013687027,3.579789547973438,-1.7955228495916538,10.623903287711144,False
5,employed,13,22.0,x1,0.10436985711865998,0.2939033452902611,-2.9597514838287835,8.169521361105321,0.4300220319825472,-2.9597514838287835,8.584114689646345,False
5,employed,14,26.0,x1,0.37232583123030083,-0.8139400653199125,-3.0988778417641782,8.179427862654382,-0.5972141296267967,-3.0988778417641782,8.921612686589599,False
5,employed,15,33.0,x2,0.9840840110561098,-3.4571050793245215,1.891287149147677,10.352919772447711,-3.4571050793245215,2.949911002857596,11.207418818562946,False
5,employed,16,50.0,x1,0.03291880527128188,3.115427948776002,5.0,11.627740644029085,3.2460611565474644,5.0,12.441143307532936,False
5,employed,17,5.0,x1,0.4556865979374367,0.27701798194108496,-1.1867971548419727,4.76953239542549,1.2949515107965721,-1.1867971548419727,6.061970340040965,False
5,employed,18,49.0,x1,-0.36334722474195935,-0.05424170656661054,1.4149550878693695,5.305997564628672,0.008889828932217902,1.4149550878693695,5.274096887979653,True
5,employed,19,24.0,x1,-0.15044615036908815,-0.011533856550179689,-0.027781445574530883,0.10901355240080379,-0.15118047358427403,-0.027781445574530883,0.9597005820250435,False
5,employed,20,3.0,x1,0.3445288624468896,0.024100333600592716,1.4291004118280632,5.334557199056739,1.430579760995075,1.4291004118280632,7.287760400650422,False
5,employed,21,18.0,x2,0.5749277492630045,-0.6284808112766926,0.25556564447845587,3.8526240691968714,-0.6284808112766926,-0.41099951872956975,4.270153943347353,False
5,employed,22,42.0,x2,0.6424615731956909,-1.0102920464647576,1.15118158979412,4.41030332639448,-1.0102920464647576,3.836641108736878,9.172635244067147,False
5,employed,23,21.0,x2,-0.35690863551820096,-1.0922865384958973,-0.05163544400498399,3.143438173720075,-1.0922865384958973,0.05800727731534665,3.160651950336352,False
5,employed,24,38.0,x1,0.602778867685446,-0.9397504755297985,-2.116718960697559,5.9969137990162515,-1.5495990466254033,-2.116718960697559,8.016477110855702,False
5,employed,25,26.0,x1,0.7860620390726061,1.8347834209722969,-1.9509446055047936,6.948107658609903,4.374400708766114,-1.9509446055047936,11.427006043839802,False
5,employed,26,8.0,x1,0.7581375593179203,-1.3960268224406152,2.5619640150511422,9.056618785085712,-2.3172374000433735,2.5619640150511422,9.93482730784702,False
5,employed,27,5.0,x2,-0.6929489558907722,2.869243775021384,0.740974089195189,8.198888740677573,2.869243775021384,-0.4648517501273315,8.596362080630175,False
5,employed,28,27.0,x1,-0.86496303962517,1.900053179516402,2.8072903102196793,8.547812345330474,2.7383672229805196,2.8072903102196793,10.082518557547052,False
5,employed,29,3.0,x2,-0.998962511668589,-0.41084224461660046,0.6874119595289372,4.319262843305168,-0.41084224461660046,4.752002171854628,11.871651549684515,False
5,employed,30,22.0,x1,0.5492477625844596,-2.827106250223928,-2.9184799145509044,9.508328162153932,-3.824987386670319,-2.9184799145509044,10.649916740674596,False
5,employed,31,2.0,x1,0.3045152129317108,1.6840296179047165,-0.28903793856867477,6.287376826033821,0.9285477026709318,-0.28903793856867477,3.898512405834961,True
5,employed,32,42.0,x2,-0.6639983028442578,0.7195160877353163,0.4147205947881818,4.34304717000726,0.7195160877353163,-1.8717526024176139,6.371356713164186,False
5,employed,33,8.0,x1,0.7216019472410722,0.8574063712218087,0.8155417434543013,4.130660522867107,1.606671882129879,0.8155417434543013,6.391512335253424,False
5,employed,34,42.0,x1,0.07788353252837377,-0.9788594200455047,-0.03684760120767474,2.6350625109140116,-1.1235871979305923,-0.03684760120767474,3.3339826651247653,False
5,employed,35,42.0,x1,-0.8144878451510105,-5.0,-1.8719080673470596,10.986668032578478,-0.21130047802077456,-1.8719080673470596,5.8005625547853334,True
5,employed,36,20.0,x1,0.47559511221274575,1.0433197709641164,-0.2092793394833602,3.675508559210631,1.528055553646433,-0.2092793394833602,5.943954331242804,False
5,employed,37,13.0,x2,0.5046578288671055,2.8216418417521107,-2.3997234630605435,10.04352550223076,2.8216418417521107,-2.117100937994901,8.773255289607867,True
5,employed,38,25.0,x1,0.5005319758964661,0.07197804348299458,-0.0037585858719218733,0.3364499833263008,-0.8103624152326416,-0.0037585858719218733,2.9001599757436805,False
5,employed,39,23.0,x2,-0.26419131955636477,0.7897862978515091,1.097545967215233,4.495861707489041,0.7897862978515091,0.7939422137753185,4.350736757530122,True
5,employed,40,11.0,x1,-0.58324131712997,0.8938125983086771,2.8389820910641355,7.658537766307349,0.4247756528819198,2.8389820910641355,8.556279753016332,False
5,employed,41,37.0,x2,-0.762179303932079,2.041862430323635,-0.9361313855992943,5.593466362848538,2.041862430323635,-1.8362419370091567,7.057503098279351,False
5,employed,42,5.0,x2,-0.6474172699557397,0.8793996134974549,-3.028771937363806,7.56342008572452,0.8793996134974549,-1.714767742639345,6.200941994534251,True
5,employed,43,9.0,x1,0.6462152456137995,0.2515640617982391,-2.4458341731361415,7.9712035163681705,0.435224410807341,-2.4458341731361415,8.248841893509823,False
5,employed,44,20.0,x1,0.9807769147209648,2.2235935059645033,-0.9885880340636799,6.753361510949963,4.380805633505407,-0.9885880340636799,10.979143637008741,False
5,employed,45,7.0,x2,0.30707965138728666,1.0969785257017879,0.010447751033635377,3.1107464113070376,1.0969785257017879,-0.907054261665104,4.078172814882212,False
5,employed,46,22.0,x1,-0.21416364660585208,-0.0003454061522631946,0.18821368276045747,1.251353897253367,-0.21663926151891583,0.18821368276045747,2.1728739959980534,False
5,employed,47,43.0,x1,0.9511912916567993,-0.3144895626687506,-1.055083958539087,4.287714962599544,-0.8529148408725193,-1.055083958539087,4.046735461960825,True
5,employed,48,43.0,x2,-0.6153986419297339,-1.984879108521235,-1.282552923603998,6.914008327261929,-1.984879108521235,-1.998434624748403,6.577429247409206,True
5,employed,49,11.0,x2,0.31214775819012663,0.11950817013511181,-4.12350080683899,9.498890731639575,0.11950817013511181,-5.0,10.482609710125672,False
5,employed,50,15.0,x2,0.46945026156115977,-0.8529180071273746,1.4678325936502474,6.158888119721492,-0.8529180071273746,1.2690417418127145,5.334145117941826,True
5,onlooker,30,27.0,x2,0.6570938496775716,-2.827106250223928,-2.9184799145509044,9.508328162153932,-2.827106250223928,-5.0,11.760619272128366,False
5,onlooker,38,2.0,x1,-0.9010817257079686,0.07197804348299458,-0.0037585858719218733,0.3364499833263008,3.760091867459384,-0.0037585858719218733,9.265297128917533,False
5,onlooker,32,24.0,x1,-0.4796306893140172,0.7195160877353163,0.4147205947881818,4.34304717000726,-0.07631907775923097,0.4147205947881818,2.862341374131614,True
5,onlooker,20,39.0,x1,0.65322296931586,0.024100333600592716,1.4291004118280632,5.334557199056739,-0.4760633255308683,1.4291004118280632,6.167086836185682,False
5,onlooker,29,19.0,x1,-0.45860647700978596,-0.41084224461660046,0.6874119595289372,4.319262843305168,-0.22771683152500277,0.6874119595289372,3.7797869209120454,True
5,onlooker,26,16.0,x1,0.12819027409444583,-1.3960268224406152,2.5619640150511422,9.056618785085712,-1.9743514461275686,2.5619640150511422,9.028588692751255,True
5,onlooker,36,4.0,x2,-0.9978650699545055,1.0433197709641164,-0.2092793394833602,3.675508559210631,1.0433197709641164,-0.020389470149957012,2.8045515214007612,True
5,onlooker,11,45.0,x2,0.2925815264571183,0.08962240867189478,0.015359069747240953,0.46334631092293366,0.08962240867189478,0.016796030873385083,0.4651974065659634,False
5,onlooker,11,45.0,x2,-0.06008811942532,0.08962240867189478,0.015359069747240953,0.46334631092293366,0.08962240867189478,0.015063957841842012,0.46298629208848086,True
5,onlooker,23,47.0,x2,-0.88102661563332,-1.0922865384958973,-0.05163544400498399,3.143438173720075,-1.0922865384958973,-0.9357002927272471,3.9931573088402996,False
5,onlooker,11,30.0,x1,-0.6090269808359918,0.08962240867189478,0.015063957841842012,0.46298629208848086,-1.6867440403732394,0.015063957841842012,5.607335291819211,False
5,onlooker,36,11.0,x1,-0.8016860588023713,1.0433197709641164,-0.020389470149957012,2.8045515214007612,0.278753891297848,-0.020389470149957012,1.9925103966827113,True
5,onlooker,11,22.0,x1,-0.6477234016538402,0.08962240867189478,0.015063957841842012,0.46298629208848086,-0.622817923737448,0.015063957841842012,3.255419010116214,False
5,onlooker,9,44.0,x2,-0.35920559280538433,-0.032645186212699406,-0.9947443160590497,2.655012714581187,-0.032645186212699406,-0.9925329451354258,2.650327742874428,True
5,onlooker,19,3.0,x1,-0.2852607529958917,-0.011533856550179689,-0.027781445574530883,0.10901355240080379,-1.1658964531893177,-0.027781445574530883,3.6538346944166418,False
5,onlooker,15,31.0,x2,-0.5892194046551866,-3.4571050793245215,1.891287149147677,10.352919772447711,-3.4571050793245215,0.6065972990086808,10.126339440594487,True
5,onlooker,45,47.0,x1,-0.8003378856464196,1.0969785257017879,0.010447751033635377,3.1107464113070376,-0.46359500853827207,0.010447751033635377,2.9757602540237973,True
5,onlooker,8,6.0,x1,0.23913851262062402,-0.18092994947794178,-2.1526597175218116,6.33893180253936,0.06102946846117013,-2.1526597175218116,5.850591579957722,True
5,onlooker,9,43.0,x1,0.5085430298757849,-0.032645186212699406,-0.9925329451354258,2.650327742874428,-0.17717781831490048,-0.9925329451354258,3.3208852038795134,False
5,onlooker,41,26.0,x2,0.9933544230383069,2.041862430323635,-0.9361313855992943,5.593466362848538,2.041862430323635,-4.410979924045364,11.59987275941989,False
5,onlooker,4,21.0,x1,-0.35212666212472765,2.054279755798124,-0.019985340704532284,5.130241568357171,1.109608232034227,-0.019985340704532284,3.207332092260494,True
5,onlooker,47,29.0,x1,0.6123819308894505,-0.8529148408725193,-1.055083958539087,4.046735461960825,-1.2357748050249922,-1.055083958539087,5.150782360012922,False
5,onlooker,11,49.0,x2,-0.0027209062473696477,0.08962240867189478,0.015063957841842012,0.46298629208848086,0.08962240867189478,0.00380331111847804,0.45443488732773263,True
5,onlooker,24,49.0,x1,-0.2385352775657099,-0.9397504755297985,-2.116718960697559,5.9969137990162515,-0.6870799204722412,-2.116718960697559,6.92258005580425,False
5,onlooker,19,30.0,x2,-0.7438947789044261,-0.011533856550179689,-0.027781445574530883,0.10901355240080379,-0.011533856550179689,-2.1781569440330735,5.972722617837505,False
5,onlooker,19,10.0,x1,-0.7934330417859008,-0.011533856550179689,-0.027781445574530883,0.10901355240080379,-0.2194580790296359,-0.027781445574530883,1.5343116108891626,False
5,onlooker,44,29.0,x1,-0.2826544169441776,2.2235935059645033,-0.9885880340636799,6.753361510949963,1.5307198117721719,-0.9885880340636799,6.253675473939527,True
5,onlooker,20,23.0,x1,0.2662983642894188,0.024100333600592716,1.4291004118280632,5.334557199056739,0.3213923315540686,1.4291004118280632,5.947667294562347,False
5,onlooker,46,47.0,x2,-0.21701604093867322,-0.0003454061522631946,0.18821368276045747,1.251353897253367,-0.0003454061522631946,-0.0816018490627603,0.39875054579956215,True
5,onlooker,19,24.0,x1,0.13586846085698512,-0.011533856550179689,-0.027781445574530883,0.10901355240080379,0.11458150681245571,-0.027781445574530883,0.666075006384617,False
5,onlooker,23,34.0,x1,0.10879804675952731,-1.0922865384958973,-0.05163544400498399,3.143438173720075,-1.1046271874328615,-0.05163544400498399,3.227525486803654,False
5,onlooker,19,17.0,x2,-0.24281442488053817,-0.011533856550179689,-0.027781445574530883,0.10901355240080379,-0.011533856550179689,-0.3092071784478138,2.201662966179534,False
5,onlooker,7,10.0,x1,0.44622760429077224,1.770642056379323,2.9982784606028354,8.73680000027147,2.682834952938312,2.9982784606028354,10.0529442484212,False
5,onlooker,19,11.0,x2,0.12534482114971457,-0.011533856550179689,-0.027781445574530883,0.10901355240080379,-0.011533856550179689,-0.03174043125327333,0.12562703831505262,False
5,onlooker,38,13.0,x2,0.653579763847489,0.07197804348299458,-0.0037585858719218733,0.3364499833263008,0.07197804348299458,1.9282185543095782,5.0356660507661815,False
5,onlooker,46,30.0,x1,0.3378953179831592,-0.0003454061522631946,-0.0816018490627603,0.39875054579956215,0.9548038481176755,-0.0816018490627603,2.754603933020388,False
5,onlooker,4,48.0,x2,-0.21503053147011242,1.109608232034227,-0.019985340704532284,3.207332092260494,1.109608232034227,-0.44541234173914923,4.911013489013747,False
5,onlooker,46,29.0,x2,-0.9907624023133448,-0.0003454061522631946,-0.0816018490627603,0.39875054579956215,-0.0003454061522631946,0.6803081193496847,3.219080763269997,False
5,onlooker,3,35.0,x2,0.1253360276638662,-4.058226521123505,4.756223516367559,12.830884669310645,-4.058226521123505,5.0,12.043666195298243,True
5,onlooker,2,38.0,x1,0.7042906741383634,4.16496286245564,1.0754892659509685,9.820565169553966,5.0,1.0754892659509685,10.442805101453748,False
5,onlooker,24,23.0,x1,-0.989053782330745,-0.9397504755297985,-2.116718960697559,5.9969137990162515,-1.0906168455482592,-2.116718960697559,6.227400138823469,False
5,onlooker,39,17.0,x2,0.7575272395650792,0.7897862978515091,0.7939422137753185,4.350736757530122,0.7897862978515091,2.2944062399818526,7.541750242585769,False
5,onlooker,19,29.0,x2,-0.45931642360134495,-0.011533856550179689,-0.027781445574530883,0.10901355240080379,-0.011533856550179689,0.30071863144086197,2.143801705621105,False
5,onlooker,11,39.0,x1,-0.006819042307436796,0.08962240867189478,0.00380331111847804,0.45443488732773263,0.09439685585435005,0.00380331111847804,0.4882895708678885,False
5,onlooker,28,49.0,x1,0.9271598244443073,1.900053179516402,2.8072903102196793,8.547812345330474,3.550902977829547,2.8072903102196793,11.432133106818503,False
5,onlooker,43,10.0,x2,0.18854538860315984,0.2515640617982391,-2.4458341731361415,7.9712035163681705,0.2515640617982391,-2.733245203112523,8.208215908287656,False
5,onlooker,45,19.0,x2,-0.7977876681288301,-0.46359500853827207,0.010447751033635377,2.9757602540237973,-0.46359500853827207,-0.020051030582832162,2.979512797834819,False
5,onlooker,40,24.0,x2,0.1287853607183571,0.8938125983086771,2.8389820910641355,7.658537766307349,0.8938125983086771,3.477203838627607,9.778222565401748,False
5,onlooker,49,30.0,x2,-0.15004122866779723,0.11950817013511181,-4.12350080683899,9.498890731639575,0.11950817013511181,-3.9426979915897205,8.968054736156219,True
5,onlooker,19,22.0,x1,-0.7632018336426625,-0.011533856550179689,-0.027781445574530883,0.10901355240080379,-0.773787938458612,-0.027781445574530883,3.0299338683363612,False
5,scout,19,,,,-0.011533856550179689,-0.027781445574530883,,2.947505584175718,3.3771685818704107,10.986625479111531,
6,employed,1,15.0,x1,-0.3924067631801118,0.9289099393760518,-0.10361920942688052,2.858132004619876,-0.7921920173715977,-0.10361920942688052,3.15827317945573,False
6,employed,2,44.0,x2,-0.9520592889440891,4.16496286245564,1.0754892659509685,9.820565169553966,4.16496286245564,-0.889634700626613,9.872423324751074,False
6,employed,3,27.0,x2,-0.07264857063699792,-4.058226521123505,5.0,12.043666195298243,-4.058226521123505,4.690587855274092,13.06987644744957,False
6,employed,4,35.0,x1,-0.673216599701091,1.109608232034227,-0.019985340704532284,3.207332092260494,0.22035056173544454,-0.019985340704532284,1.5328022616818662,True
6,employed,5,34.0,x2,-0.24653198425024714,-1.9568276774725013,-0.9991625097155564,5.390956618569501,-1.9568276774725013,-0.7619211058475133,6.176454959443266,False
6,employed,6,32.0,x2,-0.9198099802544482,-1.1927260641546398,3.455139723288897,10.05353853662718,-1.1927260641546398,0.6585318647374079,5.31463278230693,True
6,employed,7,24.0,x2,0.044501787964744244,1.770642056379323,2.9982784606028354,8.73680000027147,1.770642056379323,3.225904991285759,9.682455014933836,False
6,employed,8,12.0,x2,-0.7207526916417586,0.06102946846117013,-2.1526597175218116,5.850591579957722,0.06102946846117013,-0.26403080845577875,1.948809254204321,True
6,employed,9,11.0,x2,-0.3117178438733039,-0.032645186212699406,-0.9925329451354258,2.650327742874428,-0.032645186212699406,-0.6819571555631592,3.2330047717920434,False
6,employed,10,5.0,x1,0.8946395914592089,-0.27359027659975244,-0.921474271758184,3.817645357112291,1.2323005440459043,-0.921474271758184,4.987577620375646,False
6,employed,11,21.0,x1,0.617939205013498,0.08962240867189478,0.00380331111847804,0.45443488732773263,0.533366541524558,0.00380331111847804,3.1605500559622866,False
6,employed,12,49.0,x1,-0.8385294399945218,3.579789547973438,0.46769665570801355,10.319846013687027,0.6782417419911941,0.46769665570801355,4.4250728657783895,True
6,employed,13,33.0,x2,0.742818173482428,0.2939033452902611,-2.9597514838287835,8.169521361105321,0.2939033452902611,-5.0,11.430127083746804,False
6,employed,14,33.0,x2,-0.14194775728517461,-0.8139400653199125,-3.0988778417641782,8.179427862654382,-0.8139400653199125,-2.5432347605692516,8.257567329653567,False
6,employed,15,23.0,x1,-0.9282022279852822,-3.4571050793245215,0.6065972990086808,10.126339440594487,-1.2620752409464884,0.6065972990086808,5.660790699287819,True
6,employed,16,28.0,x1,0.9870859935736949,3.115427948776002,5.0,11.627740644029085,4.3151073604550145,5.0,13.507539905047528,False
6,employed,17,48.0,x1,-0.9192015423156736,0.27701798194108496,-1.1867971548419727,4.76953239542549,-1.802121312171214,-1.1867971548419727,6.553113685061017,False
6,employed,18,36.0,x1,-0.3964702666061384,0.008889828932217902,1.4149550878693695,5.274096887979653,0.11588290568573482,1.4149550878693695,5.411834492174076,False
6,employed,19,46.0,x2,-0.9097705085814429,2.947505584175718,3.3771685818704107,10.986625479111531,2.947505584175718,0.23048124785388335,7.8464129351468355,True
6,employed,20,47.0,x1,0.6749514875755538,0.024100333600592716,1.4291004118280632,5.334557199056739,0.6160430302375536,1.4291004118280632,6.230608956558694,False
6,employed,21,6.0,x2,-0.8803513253654016,-0.6284808112766926,0.25556564447845587,3.8526240691968714,-0.6284808112766926,0.6103174905609106,4.567060112182379,False
6,employed,22,42.0,x1,-0.6884846580508412,-1.0102920464647576,1.15118158979412,4.41030332639448,0.29073166986585286,1.15118158979412,4.631158091566046,False
6,employed,23,28.0,x2,0.831489715757419,-1.0922865384958973,-0.05163544400498399,3.143438173720075,-1.0922865384958973,-2.428802806756814,8.026766126507265,False
6,employed,24,29.0,x2,-0.2055333970543518,-0.9397504755297985,-2.116718960697559,5.9969137990162515,-0.9397504755297985,-1.5403764068782615,6.241981094265391,False
6,employed,25,22.0,x2,-0.873765658592258,1.8347834209722969,-1.9509446055047936,6.948107658609903,1.8347834209722969,0.759586732566857,6.286738123144431,True
6,employed,26,49.0,x1,-0.37869162983783444,-1.9743514461275686,2.5619640150511422,9.028588692751255,-1.1814243353934315,2.5619640150511422,8.522370540032966,True
6,employed,27,10.0,x2,-0.42790539631920943,2.869243775021384,0.740974089195189,8.198888740677573,2.869243775021384,0.029603464441215865,7.091621308487838,True
6,employed,28,49.0,x1,-0.811427893023986,1.900053179516402,2.8072903102196793,8.547812345330474,0.45526929411976824,2.8072903102196793,8.603643444515498,False
6,employed,29,44.0,x2,0.4156877888028956,-0.22771683152500277,0.6874119595289372,3.7797869209120454,-0.22771683152500277,1.3841046908991195,5.578716694201166,False
6,employed,30,42.0,x2,0.9517950807357927,-2.827106250223928,-2.9184799145509044,9.508328162153932,-2.827106250223928,-4.064167238398124,10.788724400563101,False
6,employed,31,43.0,x2,0.8867647025557057,0.9285477026709318,-0.28903793856867477,3.898512405834961,0.9285477026709318,1.623532832850811,6.268335939980421,False
6,employed,32,7.0,x2,0.5915771303339401,-0.07631907775923097,0.4147205947881818,2.862341374131614,-0.07631907775923097,-1.1136531535221297,3.365171669037722,False
6,employed,33,27.0,x1,0.08699119015972134,0.8574063712218087,0.8155417434543013,4.130660522867107,0.6823942410574398,0.8155417434543013,4.516642220781403,False
6,employed,34,46.0,x2,0.9436076372934226,-0.9788594200455047,-0.03684760120767474,2.6350625109140116,-0.9788594200455047,0.0053828488697067745,2.598300831964434,True
6,employed,35,36.0,x1,-0.034123221056432174,-0.21130047802077456,-1.8719080673470596,5.8005625547853334,-0.19457824444684474,-1.8719080673470596,5.714480533660648,True
6,employed,36,23.0,x1,-0.2273170855536364,0.278753891297848,-0.020389470149957012,1.9925103966827113,-0.0329070233790712,-0.020389470149957012,0.14898663879530405,True
6,employed,37,18.0,x1,-0.2169863166311372,2.8216418417521107,-2.117100937994901,8.773255289607867,2.211313142893505,-2.117100937994901,8.11239016163238,True
6,employed,38,5.0,x1,-0.8451278294791236,0.07197804348299458,-0.0037585858719218733,0.3364499833263008,-1.6426221319029521,-0.0037585858719218733,5.657878257886406,False
6,employed,39,40.0,x2,-0.10785421415954777,0.7897862978515091,0.7939422137753185,4.350736757530122,0.7897862978515091,1.014508382665242,4.181373335312664,True
6,employed,40,47.0,x1,0.2244420171879049,0.8938125983086771,2.8389820910641355,7.658537766307349,1.2858516282359682,2.8389820910641355,8.681331318324885,False
6,employed,41,2.0,x1,-0.6849533173650411,2.041862430323635,-0.9361313855992943,5.593466362848538,3.496087114411604,-0.9361313855992943,9.769237146529226,False
6,employed,42,11.0,x2,0.9514720487793211,0.8793996134974549,-1.714767742639345,6.200941994534251,0.8793996134974549,-3.349940064131138,9.3914445078771,False
6,employed,43,11.0,x2,0.0315113525761026,0.2515640617982391,-2.4458341731361415,7.9712035163681705,0.2515640617982391,-2.523025563586126,8.138193599940069,False
6,employed,44,47.0,x2,0.9543854598287147,1.5307198117721719,-0.9885880340636799,6.253675473939527,1.5307198117721719,-0.9251252906064831,6.232043561499349,True
6,employed,45,12.0,x1,-0.9017647124999197,-0.46359500853827207,0.010447751033635377,2.9757602540237973,0.5660730805247747,0.010447751033635377,3.2149549778297026,False
6,employed,46,8.0,x1,-0.8733430425948838,-0.0003454061522631946,-0.0816018490627603,0.39875054579956215,0.05325591358151216,-0.0816018490627603,0.5127039696970681,False
6,employed,47,10.0,x1,0.13713942940747081,-0.8529148408725193,-1.055083958539087,4.046735461960825,-0.9323630810586182,-1.055083958539087,3.8052267808510263,True
6,employed,48,45.0,x1,0.07443776738868002,-1.984879108521235,-1.998434624748403,6.577429247409206,-2.098120100487864,-1.998434624748403,6.963134321933557,False
6,employed,49,31.0,x2,-0.5962654967809178,0.11950817013511181,-3.9426979915897205,8.968054736156219,0.11950817013511181,-1.7641465650065324,5.636493590713318,True
6,employed,50,40.0,x2,0.23557781701116642,-0.8529180071273746,1.2690417418127145,5.334145117941826,-0.8529180071273746,0.8991986214983165,3.911324762636309,True
6,onlooker,45,48.0,x2,-0.30419844848681543,-0.46359500853827207,0.010447751033635377,2.9757602540237973,-0.46359500853827207,-0.6006511508717683,4.342680625597961,False
6,onlooker,6,13.0,x1,-0.12431686864832558,-1.1927260641546398,0.6585318647374079,5.31463278230693,-1.0079129511319402,0.6585318647374079,4.5939348257261905,True
6,onlooker,47,19.0,x2,0.54154642733074,-0.9323630810586182,-1.055083958539087,3.8052267808510263,-0.9323630810586182,-1.7512772031619055,6.028039609407074,False
6,onlooker,32,9.0,x1,-0.3585317620930968,-0.07631907775923097,0.4147205947881818,2.862341374131614,-0.0606606004655902,0.4147205947881818,2.8345316415380464,True
6,onlooker,36,33.0,x1,-0.13048050638190767,-0.0329070233790712,-0.020389470149957012,0.14898663879530405,0.08326151918704679,-0.020389470149957012,0.42722893672238316,False
6,onlooker,11,37.0,x2,-0.6622539167745705,0.08962240867189478,0.00380331111847804,0.45443488732773263,0.08962240867189478,-1.4007738349606866,5.302149536970415,False
6,onlooker,47,10.0,x2,-0.7853752743349591,-0.9323630810586182,-1.055083958539087,3.8052267808510263,-0.9323630810586182,-0.9501502141297273,3.612743300590957,True
6,onlooker,29,26.0,x2,0.016385829556489595,-0.22771683152500277,0.6874119595289372,3.7797869209120454,-0.22771683152500277,0.6566958690523831,3.777521780397166,True
6,onlooker,24,50.0,x1,-0.027438774658836262,-0.9397504755297985,-2.116718960697559,5.9969137990162515,-0.9373678989962339,-2.116718960697559,6.00143841450971,False
6,onlooker,28,21.0,x2,-0.8663484905970742,1.900053179516402,2.8072903102196793,8.547812345330474,1.900053179516402,0.5966074976354467,6.633479180225471,True
6,onlooker,34,12.0,x1,0.27521796045809976,-0.9788594200455047,0.0053828488697067745,2.598300831964434,-1.4349234221339922,0.0053828488697067745,5.349796543154152,False
6,onlooker,4,50.0,x2,-0.061989841974655624,0.22035056173544454,-0.019985340704532284,1.5328022616818662,0.22035056173544454,0.03699472785806014,1.5558279999496674,False
6,onlooker,46,24.0,x1,-0.8793383628515565,-0.0003454061522631946,-0.0816018490627603,0.39875054579956215,-0.8264003219131579,-0.0816018490627603,2.986757930084384,False
6,onlooker,42,32.0,x2,0.5635140951478903,0.8793996134974549,-1.714767742639345,6.200941994534251,0.8793996134974549,-2.9147644362328036,7.504989650591655,False
6,onlooker,24,33.0,x1,0.712458007593215,-0.9397504755297985,-2.116718960697559,5.9969137990162515,-2.2201492618989533,-2.116718960697559,8.166051575520438,False
6,onlooker,36,18.0,x1,0.3250591887323997,-0.0329070233790712,-0.020389470149957012,0.14898663879530405,-0.046493474282946756,-0.020389470149957012,0.21093774702419354,False
6,onlooker,36,49.0,x2,-0.2581753569166616,-0.0329070233790712,-0.020389470149957012,0.14898663879530405,-0.0329070233790712,-0.4705845804905143,3.011144885365003,False
6,onlooker,23,41.0,x2,0.011524629485482496,-1.0922865384958973,-0.05163544400498399,3.143438173720075,-1.0922865384958973,-0.041441955996696596,3.119757799507433,True
6,onlooker,38,23.0,x1,-0.5690097163745991,0.07197804348299458,-0.0037585858719218733,0.3364499833263008,-0.590499816093806,-0.0037585858719218733,3.238955348250912,False
6,onlooker,38,7.0,x1,-0.6028326729373839,0.07197804348299458,-0.0037585858719218733,0.3364499833263008,1.0959882107998309,-0.0037585858719218733,3.101507971194597,False
6,onlooker,36,38.0,x1,0.78937577373563,-0.0329070233790712,-0.020389470149957012,0.14898663879530405,-0.11570075418662765,-0.020389470149957012,0.662116123783044,False
6,onlooker,13,6.0,x2,0.9120933190452583,0.2939033452902611,-2.9597514838287835,8.169521361105321,0.2939033452902611,-5.0,11.430127083746804,False
6,onlooker,9,11.0,x1,-0.41734109288306853,-0.032645186212699406,-0.9925329451354258,2.650327742874428,0.018382105460621412,-0.9925329451354258,2.6301354134751986,True
6,onlooker,32,45.0,x1,0.5210920454597339,-0.0606606004655902,0.4147205947881818,2.8345316415380464,0.14930531442311068,0.4147205947881818,3.052572577126345,False
6,onlooker,38,9.0,x2,-0.2846347369480515,0.07197804348299458,-0.0037585858719218733,0.3364499833263008,0.07197804348299458,-0.28519811552186747,2.1281480940991426,False
6,onlooker,28,8.0,x2,-0.453140595746655,1.900053179516402,0.5966074976354467,6.633479180225471,1.900053179516402,0.2066173428908768,5.7404902540338405,True
6,onlooker,16,7.0,x1,0.10047938381651522,3.115427948776002,5.0,11.627740644029085,3.250551206609163,5.0,12.467499437361878,False
6,onlooker,38,4.0,x1,-0.037753796473700474,0.07197804348299458,-0.0037585858719218733,0.3364499833263008,0.07757966933938798,-0.0037585858719218733,0.3726175998120351,False
6,onlooker,39,37.0,x2,0.6301461924375082,0.7897862978515091,1.014508382665242,4.181373335312664,0.7897862978515091,2.987880072281043,7.936556155399574,False
6,onlooker,25,42.0,x1,-0.518493857571461,1.8347834209722969,0.759586732566857,6.286738123144431,1.339422785173356,0.759586732566857,5.842394353273885,True
6,onlooker,20,9.0,x1,-0.06503092114285636,0.024100333600592716,1.4291004118280632,5.334557199056739,0.02372847195734538,1.4291004118280632,5.3343602302942905,True
6,onlooker,22,12.0,x2,0.5035614184615631,-1.0102920464647576,1.15118158979412,4.41030332639448,-1.0102920464647576,1.4953582326996278,6.224146993930585,False
6,onlooker,17,14.0,x1,-0.7382193382990099,0.27701798194108496,-1.1867971548419727,4.76953239542549,-0.5283483458199085,-1.1867971548419727,5.333120206052396,False
6,onlooker,25,15.0,x2,-0.2614543173180628,1.339422785173356,0.759586732566857,5.842394353273885,1.339422785173356,0.7195869846590269,5.891171497453847,False
6,onlooker,11,39.0,x2,0.8600066947094347,0.08962240867189478,0.00380331111847804,0.45443488732773263,0.08962240867189478,-0.8654098167885169,2.9073751293727743,False
6,onlooker,29,33.0,x2,0.7343445532134121,-0.22771683152500277,0.6566958690523831,3.777521780397166,-0.22771683152500277,0.5400482663849127,3.648480949855632,True
6,onlooker,50,31.0,x1,0.7795589330797374,-0.8529180071273746,0.8991986214983165,3.911324762636309,-2.2416755151758796,0.8991986214983165,6.969303101415477,False
6,onlooker,46,39.0,x2,-0.07813721785377958,-0.0003454061522631946,-0.0816018490627603,0.39875054579956215,-0.0003454061522631946,0.00404515490552744,0.011921905396296228,True
6,onlooker,5,1.0,x2,-0.04559873343415077,-1.9568276774725013,-0.9991625097155564,5.390956618569501,-1.9568276774725013,-0.9583268694869534,5.39812386351576,False
6,onlooker,29,20.0,x1,0.13633470258272906,-0.22771683152500277,0.5400482663849127,3.648480949855632,-0.2619975521910928,0.5400482663849127,3.752584032218565,False
6,onlooker,32,42.0,x2,-0.7826857934754752,-0.0606606004655902,0.4147205947881818,2.8345316415380464,-0.0606606004655902,-1.2519996742880526,4.386509195352193,False
6,onlooker,11,40.0,x1,0.6956737344473092,0.08962240867189478,0.00380331111847804,0.45443488732773263,-0.46983158375861533,0.00380331111847804,2.9951684110936907,False
6,onlooker,50,43.0,x2,0.7797980141446621,-0.8529180071273746,0.8991986214983165,3.911324762636309,-0.8529180071273746,3.5076485520030363,9.894268478126959,False
6,onlooker,17,21.0,x1,-0.46382979035889793,0.27701798194108496,-1.1867971548419727,4.76953239542549,-0.14297933348735187,-1.1867971548419727,4.1722889155396246,True
6,onlooker,35,48.0,x2,-0.31071822697676454,-0.19457824444684474,-1.8719080673470596,5.714480533660648,-0.19457824444684474,-1.911222174928279,5.663681141827212,True
6,onlooker,33,15.0,x2,-0.660400052454585,0.8574063712218087,0.8155417434543013,4.130660522867107,0.8574063712218087,0.6775548213823194,4.485206100038159,False
6,onlooker,11,3.0,x2,0.8985870460185148,0.08962240867189478,0.00380331111847804,0.45443488732773263,0.08962240867189478,-4.485714312871053,11.186728500893864,False
6,onlooker,22,42.0,x1,0.36265894537938226,-1.0102920464647576,1.15118158979412,4.41030332639448,-1.6956056309588678,1.15118158979412,6.619354819014255,False
6,onlooker,11,9.0,x2,0.6239764030210897,0.08962240867189478,0.00380331111847804,0.45443488732773263,0.08962240867189478,0.6254936244952877,3.3551082623841073,False
6,onlooker,12,46.0,x2,-0.7198891906210187,0.6782417419911941,0.46769665570801355,4.4250728657783895,0.6782417419911941,0.1339189520650912,3.4588941584207658,True
7,employed,1,35.0,x1,0.6289477520618678,0.9289099393760518,-0.10361920942688052,2.858132004619876,1.6355253070595333,-0.10361920942688052,5.784891701845218,False
7,employed,2,13.0,x1,-0.4475852730868679,4.16496286245564,1.0754892659509685,9.820565169553966,2.432333631329655,1.0754892659509685,7.998367133214792,True
7,employed,3,49.0,x1,-0.47080478930768344,-4.058226521123505,5.0,12.043666195298243,-2.0913290200220915,5.0,10.916185320353858,True
7,employed,4,23.0,x1,-0.1349688135152678,0.22035056173544454,-0.019985340704532284,1.5328022616818662,0.043185489741098676,-0.019985340704532284,0.19390396088536876,True
7,employed,5,14.0,x2,0.551582172874181,-1.9568276774725013,-0.9991625097155564,5.390956618569501,-1.9568276774725013,0.15900303555305484,5.445222329476504,False
7,employed,6,39.0,x2,-0.24336397155242873,-1.0079129511319402,0.6585318647374079,4.5939348257261905,-1.0079129511319402,0.74516372391973,4.344277145901611,True
7,employed,7,42.0,x2,-0.5738501312019952,1.770642056379323,2.9982784606028354,8.73680000027147,1.770642056379323,0.29369627851124447,6.270212140558382,True
7,employed,8,1.0,x2,0.14233472411148207,0.06102946846117013,-0.26403080845577875,1.948809254204321,0.06102946846117013,-0.28686294914783866,2.1133191664095787,False
7,employed,9,50.0,x1,-0.9227113803462308,0.018382105460621412,-0.9925329451354258,2.6301354134751986,-0.7855764241212746,-0.9925329451354258,4.155391023548955,False
7,employed,10,12.0,x1,0.037829284974168376,-0.27359027659975244,-0.921474271758184,3.817645357112291,-0.3095974012785673,-0.921474271758184,3.9934887135599095,False
7,employed,11,41.0,x2,-0.8219159898498936,0.08962240867189478,0.00380331111847804,0.45443488732773263,0.08962240867189478,-0.7687440455285693,3.1732198200163393,False
7,employed,12,21.0,x1,0.49415160125977264,0.6782417419911941,0.1339189520650912,3.4588941584207658,1.323960784090779,0.1339189520650912,5.033874989247256,False
7,employed,13,20.0,x1,-0.622327159048722,0.2939033452902611,-2.9597514838287835,8.169521361105321,0.12576618392263933,-2.9597514838287835,7.256546287975008,True
7,employed,14,10.0,x1,-0.1799024261700115,-0.8139400653199125,-3.0988778417641782,8.179427862654382,-0.7167298273487026,-3.0988778417641782,8.609723198787618,False
7,employed,15,25.0,x1,0.723628835632028,-1.2620752409464884,0.6065972990086808,5.660790699287819,-3.1445942284866106,0.6065972990086808,9.083840384841785,False
7,employed,16,33.0,x2,0.3808039090310029,3.115427948776002,5.0,11.627740644029085,3.115427948776002,5.0,11.627740644029085,False
7,employed,17,50.0,x1,-0.1763131193980525,-0.14297933348735187,-1.1867971548419727,4.1722889155396246,-0.26815083561814024,-1.1867971548419727,4.733632574360168,False
7,employed,18,21.0,x2,0.8466939354516245,0.008889828932217902,1.4149550878693695,5.274096887979653,0.008889828932217902,2.396603098415091,7.36132007072373,False
7,employed,19,13.0,x1,0.4596304926057333,2.947505584175718,0.23048124785388335,7.8464129351468355,4.244463054719047,0.23048124785388335,10.67285160512819,False
7,employed,20,38.0,x1,-0.8044240051091138,0.02372847195734538,1.4291004118280632,5.3343602302942905,0.06254158552880676,1.4291004118280632,5.37052079560689,False
7,employed,21,24.0,x1,-0.598875057356892,-0.6284808112766926,0.25556564447845587,3.8526240691968714,-0.8148924493097319,0.25556564447845587,3.7955097425591267,True
7,employed,22,10.0,x1,-0.0723437790742476,-1.0102920464647576,1.15118158979412,4.41030332639448,-0.9569962563820364,1.15118158979412,4.368606385196184,True
7,employed,23,15.0,x1,0.5921208952517418,-1.0922865384958973,-0.041441955996696596,3.119757799507433,-0.9917510999972217,-0.041441955996696596,2.666618501370437,True
7,employed,24,46.0,x1,0.6054412105767313,-0.9397504755297985,-2.116718960697559,5.9969137990162515,-1.5085050179556516,-2.116718960697559,7.990240479368561,False
7,employed,25,14.0,x2,-0.45173121262278326,1.339422785173356,0.759586732566857,5.842394353273885,1.339422785173356,-0.9834021484577529,5.647049270830774,True
7,employed,26,13.0,x1,-0.7299238078875279,-1.1814243353934315,2.5619640150511422,8.522370540032966,-0.22727485389976998,2.5619640150511422,8.140745240029617,True
7,employed,27,48.0,x1,-0.19590440368586126,2.869243775021384,0.029603464441215865,7.091621308487838,1.9182997261030739,0.029603464441215865,4.944103161595468,True
7,employed,28,12.0,x2,0.6933421010164871,1.900053179516402,0.2066173428908768,5.7404902540338405,1.900053179516402,0.2570221979265447,6.002299405704182,False
7,employed,29,20.0,x2,-0.9297663777806668,-0.22771683152500277,0.5400482663849127,3.648480949855632,-0.22771683152500277,1.3666590593117214,5.509659060358171,False
7,employed,30,8.0,x1,0.27850068071234,-2.827106250223928,-2.9184799145509044,9.508328162153932,-3.631454013867351,-2.9184799145509044,11.267735203043847,False
7,employed,31,40.0,x1,-0.5781312230225741,0.9285477026709318,-0.28903793856867477,3.898512405834961,0.9084662543041647,-0.28903793856867477,3.8934994537837153,True
7,employed,32,46.0,x1,0.7019942401043289,-0.0606606004655902,0.4147205947881818,2.8345316415380464,-0.10300151946431912,0.4147205947881818,2.9216825583973045,False
7,employed,33,43.0,x1,-0.5446777064015718,0.8574063712218087,0.8155417434543013,4.130660522867107,0.5274175716839475,0.8155417434543013,4.5385918289035665,False
7,employed,34,3.0,x2,0.7348470789651673,-0.9788594200455047,0.0053828488697067745,2.598300831964434,-0.9788594200455047,-3.6648969751877147,9.749760126863263,False
7,employed,35,15.0,x2,0.23783276234705175,-0.19457824444684474,-1.911222174928279,5.663681141827212,-0.19457824444684474,-2.510042135505907,7.989287264369031,False
7,employed,36,39.0,x2,-0.7434134829777597,-0.0329070233790712,-0.020389470149957012,0.14898663879530405,-0.0329070233790712,0.748967547137595,3.104214133656733,False
7,employed,37,40.0,x1,0.8770229179221316,2.211313142893505,-2.117100937994901,8.11239016163238,3.3667913148692885,-2.117100937994901,10.285584749975886,False
7,employed,38,36.0,x1,-0.11755450303888382,0.07197804348299458,-0.0037585858719218733,0.3364499833263008,0.05964833157182434,-0.0037585858719218733,0.2614220636061444,True
7,employed,39,44.0,x1,0.05491526014511794,0.7897862978515091,1.014508382665242,4.181373335312664,0.7490977411843196,1.014508382665242,4.344588314653123,False
7,employed,40,37.0,x2,0.6410118877172082,0.8938125983086771,2.8389820910641355,7.658537766307349,0.8938125983086771,5.0,10.524920872804698,False
7,employed,41,37.0,x1,-0.4242902479036921,2.041862430323635,-0.9361313855992943,5.593466362848538,2.1137587151673625,-0.9361313855992943,5.984158176372496,False
7,employed,42,6.0,x1,-0.5233229412758797,0.8793996134974549,-1.714767742639345,6.200941994534251,-0.10827434893132404,-1.714767742639345,5.710975952654021,True
7,employed,43,25.0,x1,0.010553844586191685,0.2515640617982391,-2.4458341731361415,7.9712035163681705,0.24008296990000522,-2.4458341731361415,7.946110743553097,True
7,employed,44,29.0,x2,-0.2097963249042183,1.5307198117721719,-0.9251252906064831,6.232043561499349,1.5307198117721719,-0.617737263002847,6.459023442011201,False
7,employed,45,39.0,x2,0.8263075006944156,-0.46359500853827207,0.010447751033635377,2.9757602540237973,-0.46359500853827207,-0.8192150800355337,4.452494178288326,False
7,employed,46,13.0,x2,0.473046435403776,-0.0003454061522631946,0.00404515490552744,0.011921905396296228,-0.0003454061522631946,1.406058590120486,5.236491412180925,False
7,employed,47,34.0,x1,0.04618099855862989,-0.9323630810586182,-0.9501502141297273,3.612743300590957,-0.9302158336948833,-0.9501502141297273,3.6163737075630853,False
7,employed,48,10.0,x2,0.590464517165419,-1.984879108521235,-1.998434624748403,6.577429247409206,-1.984879108521235,-2.634341499583072,8.993945678988075,False
7,employed,49,48.0,x1,0.44367266446722686,0.11950817013511181,-1.7641465650065324,5.636493590713318,1.05316728112751,-1.7641465650065324,6.084890378835301,False
7,employed,50,45.0,x2,0.9683705298959995,-0.8529180071273746,0.8991986214983165,3.911324762636309,-0.8529180071273746,1.7598387728757308,6.156685173217721,False
7,onlooker,18,33.0,x1,-0.052134524723844056,0.008889828932217902,1.4149550878693695,5.274096887979653,0.05312683558480524,1.4149550878693695,5.304691429773602,False
7,onlooker,50,5.0,x1,-0.17525017140555077,-0.8529180071273746,0.8991986214983165,3.911324762636309,-1.046378366071603,0.8991986214983165,3.847866237537542,True
7,onlooker,46,14.0,x1,0.5755857012777454,-0.0003454061522631946,0.00404515490552744,0.011921905396296228,0.4679480463005765,0.00404515490552744,2.9890470917589487,False
7,onlooker,20,50.0,x2,0.767059672847415,0.02372847195734538,1.4291004118280632,5.3343602302942905,0.02372847195734538,1.8355667057596583,5.173166082272086,True
7,onlooker,13,39.0,x1,-0.32628691233346263,0.12576618392263933,-2.9597514838287835,7.256546287975008,0.34242725662380435,-2.9597514838287835,8.361856464306317,False
7,onlooker,35,33.0,x1,0.6591908181714099,-0.19457824444684474,-1.911222174928279,5.663681141827212,-0.8880368439532005,-1.911222174928279,5.635016385440046,True
7,onlooker,2,12.0,x1,0.42383562117715745,2.432333631329655,1.0754892659509685,7.998367133214792,3.1757802568492353,1.0754892659509685,8.316878774182774,False
7,onlooker,32,25.0,x2,-0.8895800865840391,-0.0606606004655902,0.4147205947881818,2.8345316415380464,-0.0606606004655902,-0.8290215562036509,2.918058451898045,False
7,onlooker,18,44.0,x2,-0.9382143259279356,0.008889828932217902,1.4149550878693695,5.274096887979653,0.008889828932217902,-0.7805418470395411,2.9963550167312225,True
7,onlooker,21,48.0,x1,-0.8982385309099707,-0.8148924493097319,0.25556564447845587,3.7955097425591267,-1.8658195472641368,0.25556564447845587,6.024166102910549,False
7,onlooker,38,13.0,x2,0.7332176643073449,0.05964833157182434,-0.0037585858719218733,0.2614220636061444,0.05964833157182434,2.1636276224771076,5.9303440057371475,False
7,onlooker,38,45.0,x2,-0.568150419137468,0.05964833157182434,-0.0037585858719218733,0.2614220636061444,0.05964833157182434,0.004312750395378559,0.26164285213405636,False
7,onlooker,31,40.0,x1,-0.508600514010038,0.9084662543041647,-0.28903793856867477,3.8934994537837153,0.9010133973327334,-0.28903793856867477,3.893599550510015,False
7,onlooker,11,2.0,x1,0.9170305879509046,0.08962240867189478,0.00380331111847804,0.45443488732773263,-2.0587154412411337,0.00380331111847804,5.142182095355476,False
7,onlooker,38,32.0,x1,0.4879894453899818,0.05964833157182434,-0.0037585858719218733,0.2614220636061444,0.11835782059222327,-0.0037585858719218733,0.6686268123916723,False
7,onlooker,31,24.0,x1,-0.10093551775295828,0.9084662543041647,-0.28903793856867477,3.8934994537837153,0.7219155417586942,-0.28903793856867477,3.9898758183878873,False
7,onlooker,36,10.0,x1,0.7761173900297393,-0.0329070233790712,-0.020389470149957012,0.14898663879530405,0.15389143493443078,-0.020389470149957012,0.9714969232271113,False
7,onlooker,42,18.0,x1,0.15721859362504875,-0.10827434893132404,-1.714767742639345,5.710975952654021,-0.12669473619826516,-1.714767742639345,5.764221586381414,False
7,onlooker,7,49.0,x1,0.805785375260567,1.770642056379323,0.29369627851124447,6.270212140558382,3.1011015945120532,0.29369627851124447,8.538387853033445,False
7,onlooker,46,17.0,x2,-0.6617305852342885,-0.0003454061522631946,0.00404515490552744,0.011921905396296228,-0.0003454061522631946,-0.7839716236454376,2.9842569232201552,False
7,onlooker,10,5.0,x1,-0.7597787397972313,-0.27359027659975244,-0.921474271758184,3.817645357112291,-1.5524782678144167,-0.921474271758184,6.257013046564843,False
7,onlooker,4,50.0,x1,-0.8518846332618528,0.043185489741098676,-0.019985340704532284,0.19390396088536876,-0.884997215983275,-0.019985340704532284,2.682117973003774,False
7,onlooker,6,42.0,x2,0.16048043348588625,-1.0079129511319402,0.74516372391973,4.344277145901611,-1.0079129511319402,1.1399345920187023,4.323984059193059,True
7,onlooker,39,31.0,x1,0.7643501406578961,0.7897862978515091,1.014508382665242,4.181373335312664,0.6990732564436488,1.014508382665242,4.510470442455905,False
7,onlooker,36,26.0,x1,0.4254993875225994,-0.0329070233790712,-0.020389470149957012,0.14898663879530405,0.04979636946158254,-0.020389470149957012,0.22765634943031232,False
7,onlooker,24,17.0,x2,-0.06469509509957505,-0.9397504755297985,-2.116718960697559,5.9969137990162515,-0.9397504755297985,-2.056557581032563,5.6488848684732105,True
7,onlooker,8,41.0,x1,-0.47859243732811074,0.06102946846117013,-0.26403080845577875,1.948809254204321,1.0090411436187878,-0.26403080845577875,3.8846640738350513,False
7,onlooker,8,14.0,x2,0.6841403035444795,0.06102946846117013,-0.26403080845577875,1.948809254204321,0.06102946846117013,1.675402301413997,5.671471838932661,False
7,onlooker,16,35.0,x2,0.7128192613114785,3.115427948776002,5.0,11.627740644029085,3.115427948776002,5.0,11.627740644029085,False
7,onlooker,4,39.0,x2,-0.38466906724193994,0.043185489741098676,-0.019985340704532284,0.19390396088536876,0.043185489741098676,0.3779523949317602,2.63645322798654,False
7,onlooker,10,35.0,x1,0.8195932454664676,-0.27359027659975244,-0.921474271758184,3.817645357112291,0.2300059797031906,-0.921474271758184,3.5782810624689785,True
7,onlooker,13,29.0,x2,-0.4203317723010169,0.12576618392263933,-2.9597514838287835,7.256546287975008,0.12576618392263933,-1.4886744521228044,5.663948564541283,True
7,onlooker,32,31.0,x1,0.22067077758035958,-0.0606606004655902,0.4147205947881818,2.8345316415380464,-0.27451857708164024,0.4147205947881818,3.4741467315908428,False
7,onlooker,36,7.0,x2,0.3870809391734391,-0.0329070233790712,-0.020389470149957012,0.14898663879530405,-0.0329070233790712,-0.14196607672272762,0.8933993953980282,False
7,onlooker,36,34.0,x2,-0.8518588945225873,-0.0329070233790712,-0.020389470149957012,0.14898663879530405,-0.0329070233790712,0.0015649090394172331,0.12182332538240503,True
7,onlooker,24,21.0,x1,-0.8265770327136017,-0.9397504755297985,-2.056557581032563,5.6488848684732105,-0.8365456987063388,-2.056557581032563,6.037846446731294,False
7,onlooker,11,23.0,x1,0.4858126197161645,0.08962240867189478,0.00380331111847804,0.45443488732773263,0.6149673058100988,0.00380331111847804,3.2513645817480215,False
7,onlooker,11,42.0,x2,0.09159657147892686,0.08962240867189478,0.00380331111847804,0.45443488732773263,0.08962240867189478,0.16121852748562113,1.2445716275532566,False
7,onlooker,38,24.0,x2,-0.0016115491555532824,0.05964833157182434,-0.0037585858719218733,0.2614220636061444,0.05964833157182434,-0.0070667723590936305,0.2631877416365467,False
7,onlooker,36,47.0,x2,-0.01637483717418009,-0.0329070233790712,0.0015649090394172331,0.12182332538240503,-0.0329070233790712,-0.014019271138682258,0.13491750786453993,False
7,onlooker,31,30.0,x2,0.47503027459545155,0.9084662543041647,-0.28903793856867477,3.8934994537837153,0.9084662543041647,0.9600266053149704,3.6589343795567193,True
7,onlooker,4,27.0,x1,-0.036816821587912996,0.043185489741098676,-0.019985340704532284,0.19390396088536876,0.11222123603819324,-0.019985340704532284,0.6348213029525707,False
7,onlooker,46,25.0,x1,-0.06335893061133802,-0.0003454061522631946,0.00404515490552744,0.011921905396296228,0.08454087371721454,0.00404515490552744,0.4193483696246436,False
7,onlooker,48,23.0,x2,-0.6382311393558193,-1.984879108521235,-1.998434624748403,6.577429247409206,-1.984879108521235,-0.7494209640600158,6.260579293628453,True
7,onlooker,10,5.0,x1,-0.9988637414821111,0.2300059797031906,-0.921474271758184,3.5782810624689785,-1.954342869102329,-0.921474271758184,5.475055199163819,False
7,onlooker,23,39.0,x1,0.4669328855996717,-0.9917510999972217,-0.041441955996696596,2.666618501370437,-1.82360949797846,-0.041441955996696596,5.239462742444697,False
7,onlooker,3,29.0,x1,-0.691433749173048,-2.0913290200220915,5.0,10.916185320353858,-0.8027646575249603,5.0,11.00569515091888,False
7,onlooker,46,9.0,x2,0.2532784353949631,-0.0003454061522631946,0.00404515490552744,0.011921905396296228,-0.0003454061522631946,0.25645689683278505,1.8150346011390224,False
7,onlooker,16,33.0,x1,-0.1754828070718497,3.115427948776002,5.0,11.627740644029085,2.719183983917986,5.0,12.278220589114202,False
7,onlooker,38,12.0,x1,0.8115837058285202,0.05964833157182434,-0.0037585858719218733,0.2614220636061444,-0.44239200085743047,-0.0037585858719218733,2.8984747798586885,False
8,employed,1,26.0,x2,0.5121862954257057,0.9289099393760518,-0.10361920942688052,2.858132004619876,0.9289099393760518,-1.4688944063211862,6.1152465501536355,False
8,employed,2,43.0,x1,0.9976572219096098,2.432333631329655,1.0754892659509685,7.998367133214792,4.619448335941064,1.0754892659509685,11.409539803047979,False
8,employed,3,12.0,x2,-0.4262151728730903,-2.0913290200220915,5.0,10.916185320353858,-2.0913290200220915,2.9260024249399543,8.312516228450772,True
8,employed,4,14.0,x1,-0.4742573356804347,0.043185489741098676,-0.019985340704532284,0.19390396088536876,-0.3633125923457502,-0.019985340704532284,2.53681147126828,False
8,employed,5,30.0,x2,0.987045046291686,-1.9568276774725013,-0.9991625097155564,5.390956618569501,-1.9568276774725013,0.8952902269885882,5.561350348512111,False
8,employed,6,50.0,x1,0.053546462724615385,-1.0079129511319402,1.1399345920187023,4.323984059193059,-1.0058532642246867,1.1399345920187023,4.320239623698999,True
8,employed,7,33.0,x1,0.7199410874032119,1.770642056379323,0.29369627851124447,6.270212140558382,2.428117948607041,0.29369627851124447,8.009612851779602,False
8,employed,8,47.0,x1,-0.5922787453409122,0.06102946846117013,-0.26403080845577875,1.948809254204321,-0.5273358243994202,-0.26403080845577875,3.7339635641300473,False
8,employed,9,27.0,x1,0.6656741093230245,0.018382105460621412,-0.9925329451354258,2.6301354134751986,-1.246343864447663,-0.9925329451354258,5.086246395296051,False
8,employed,10,16.0,x1,-0.12038191503906659,0.2300059797031906,-0.921474271758184,3.5782810624689785,0.57735860203597,-0.921474271758184,4.570840593427462,False
8,employed,11,50.0,x1,0.970093393441742,0.08962240867189478,0.00380331111847804,0.45443488732773263,1.1916492551952627,0.00380331111847804,3.8480008552139258,False
8,employed,12,46.0,x2,0.5968966896561152,0.6782417419911941,0.1339189520650912,3.4588941584207658,0.6782417419911941,0.21144019166270456,3.7233267818612714,False
8,employed,13,15.0,x2,-0.3582998518656251,0.12576618392263933,-1.4886744521228044,5.663948564541283,0.12576618392263933,-0.7379388940741644,3.3584826202408,True
8,employed,14,28.0,x2,0.12155474912402431,-0.8139400653199125,-3.0988778417641782,8.179427862654382,-0.8139400653199125,-3.500676479665594,9.950144236102151,False
8,employed,15,26.0,x1,0.2733405598326122,-1.2620752409464884,0.6065972990086808,5.660790699287819,-1.5449281580568421,0.6065972990086808,6.484462952418273,False
8,employed,16,22.0,x1,0.4983483146310659,3.115427948776002,5.0,11.627740644029085,5.0,5.0,12.642411176571153,False
8,employed,17,18.0,x2,-0.3386460061072949,-0.14297933348735187,-1.1867971548419727,4.1722889155396246,-0.14297933348735187,-1.0492204173947894,3.301492350485454,True
8,employed,18,7.0,x2,-0.6225755799421615,0.008889828932217902,-0.7805418470395411,2.9963550167312225,0.008889828932217902,-0.11174742302878027,0.6196479336544667,True
8,employed,19,43.0,x2,-0.10743532283911694,2.947505584175718,0.23048124785388335,7.8464129351468355,2.947505584175718,-0.05704956341948714,6.973555333541469,True
8,employed,20,12.0,x1,0.5186822000447748,0.02372847195734538,1.8355667057596583,5.173166082272086,-0.3157559109023111,1.8355667057596583,6.2927514473658945,False
8,employed,21,29.0,x2,-0.957687977153413,-0.8148924493097319,0.25556564447845587,3.7955097425591267,-0.8148924493097319,0.5280112311873497,4.53919779124594,False
8,employed,22,16.0,x2,-0.6459971777573179,-0.9569962563820364,1.15118158979412,4.368606385196184,-0.9569962563820364,3.6375074204875255,9.798668265035737,False
8,employed,23,34.0,x1,-0.4499379187394943,-0.9917510999972217,-0.041441955996696596,2.666618501370437,-0.9859506443506905,-0.041441955996696596,2.655772257624616,True
8,employed,24,4.0,x2,-0.8901300216046615,-0.9397504755297985,-2.056557581032563,5.6488848684732105,-0.9397504755297985,-0.24374348874991925,3.661123141018962,True
8,employed,25,30.0,x2,-0.9565530885918208,1.339422785173356,-0.9834021484577529,5.647049270830774,1.339422785173356,-2.834406762279518,8.893993850858521,False
8,employed,26,43.0,x1,-0.6892057614854488,-0.22727485389976998,2.5619640150511422,8.140745240029617,0.09483085093833626,2.5619640150511422,7.84806784400603,True
8,employed,27,31.0,x2,-0.11062394397850861,1.9182997261030739,0.029603464441215865,4.944103161595468,1.9182997261030739,0.13253054185354213,5.31614028739877,False
8,employed,28,22.0,x2,-0.8564057152799083,1.900053179516402,0.2066173428908768,5.7404902540338405,1.900053179516402,1.0155475623878767,5.506040745541597,True
8,employed,29,41.0,x1,0.7861049695065052,-0.22771683152500277,0.5400482663849127,3.648480949855632,-2.0118443679531226,0.5400482663849127,6.8070811234842115,False
8,employed,30,1.0,x1,-0.6427916486057645,-2.827106250223928,-2.9184799145509044,9.508328162153932,-0.4127704115210151,-2.9184799145509044,8.526683278365955,True
8,employed,31,46.0,x2,0.0989872256001163,0.9084662543041647,0.9600266053149704,3.6589343795567193,0.9084662543041647,1.0546565568161763,3.8560772422426877,False
8,employed,32,8.0,x2,-0.5944190947816823,-0.0606606004655902,0.4147205947881818,2.8345316415380464,-0.0606606004655902,0.011257800090110126,0.27282392495333996,True
8,employed,33,34.0,x2,0.4496336444937461,0.8574063712218087,0.8155417434543013,4.130660522867107,0.8574063712218087,1.1798164398453972,4.753997868556969,False
8,employed,34,30.0,x1,0.9062967598250515,-0.9788594200455047,0.0053828488697067745,2.598300831964434,-1.4919040542438258,0.0053828488697067745,5.522252846824657,False
8,employed,35,25.0,x2,-0.3994561757149466,-0.8880368439532005,-1.911222174928279,5.635016385440046,-0.8880368439532005,-1.540598735402622,6.26271094220375,False
8,employed,36,24.0,x2,-0.2806674126667781,-0.0329070233790712,0.0015649090394172331,0.12182332538240503,-0.0329070233790712,-0.06728516427354861,0.35535470451238327,False
8,employed,37,11.0,x2,-0.9080735013197199,2.211313142893505,-2.117100937994901,8.11239016163238,2.211313142893505,-0.19116399053864352,6.755129350697036,True
8,employed,38,18.0,x1,0.4228186954194846,0.05964833157182434,-0.0037585858719218733,0.2614220636061444,0.0811099754393492,-0.0037585858719218733,0.39604154221238064,False
8,employed,39,1.0,x1,-0.12164297358813059,0.7897862978515091,1.014508382665242,4.181373335312664,0.8067097113029637,1.014508382665242,4.109162924535234,True
8,employed,40,32.0,x2,0.22080821834861442,0.8938125983086771,2.8389820910641355,7.658537766307349,0.8938125983086771,3.463366853735209,9.748077695610274,False
8,employed,41,39.0,x2,0.621039431319595,2.041862430323635,-0.9361313855992943,5.593466362848538,2.041862430323635,-2.1475555979916887,7.377435467858577,False
8,employed,42,35.0,x1,-0.7944046077105011,-0.10827434893132404,-1.714767742639345,5.710975952654021,-0.7277212678965393,-1.714767742639345,6.514543163186303,False
8,employed,43,24.0,x2,0.20681191497521723,0.24008296990000522,-2.4458341731361415,7.946110743553097,0.24008296990000522,-2.901252764523143,7.918323290519213,True
8,employed,44,13.0,x2,-0.914896364706447,1.5307198117721719,-0.9251252906064831,6.232043561499349,1.5307198117721719,-0.7538691368965652,6.3865784777640044,False
8,employed,45,11.0,x2,-0.09021119653472232,-0.46359500853827207,0.010447751033635377,2.9757602540237973,-0.46359500853827207,0.009848348158585965,2.97560406956173,True
8,employed,46,21.0,x1,-0.6466660373456767,-0.0003454061522631946,0.00404515490552744,0.011921905396296228,-0.5270853147825414,0.00404515490552744,3.1478499146978085,False
8,employed,47,41.0,x1,0.8513733374734491,-0.9323630810586182,-0.9501502141297273,3.612743300590957,-3.464539381082803,-0.9501502141297273,9.696842127156062,False
8,employed,48,10.0,x1,0.8591458311344433,-1.984879108521235,-0.7494209640600158,6.260579293628453,-3.887788398511094,-0.7494209640600158,9.83261100727658,False
8,employed,49,1.0,x2,0.8499249454138909,0.11950817013511181,-1.7641465650065324,5.636493590713318,0.11950817013511181,-3.175470187055841,8.151841751591569,False
8,employed,50,47.0,x2,-0.9758962739681496,-1.046378366071603,0.8991986214983165,3.847866237537542,-1.046378366071603,-0.9055740164584274,3.8295452033029815,True
8,onlooker,38,49.0,x2,0.8118044376355567,0.05964833157182434,-0.0037585858719218733,0.2614220636061444,0.05964833157182434,1.4253321875498448,5.35277282914975,False
8,onlooker,48,27.0,x1,-0.8436877202292234,-1.984879108521235,-0.7494209640600158,6.260579293628453,1.3081849441099052,-0.7494209640600158,5.723798130604468,True
8,onlooker,44,31.0,x1,0.2294734883765781,1.5307198117721719,-0.9251252906064831,6.232043561499349,1.673510506259091,-0.9251252906064831,6.217909194362814,True
8,onlooker,22,30.0,x2,-0.6928404418277709,-0.9569962563820364,1.15118158979412,4.368606385196184,-0.9569962563820364,-1.6684444849657578,6.214316999979914,False
8,onlooker,38,4.0,x2,0.45956153408758404,0.05964833157182434,-0.0037585858719218733,0.2614220636061444,0.05964833157182434,0.003698606472215685,0.26139998098286243,True
8,onlooker,44,24.0,x2,0.01966073211409869,1.673510506259091,-0.9251252906064831,6.217909194362814,1.673510506259091,-0.9385217556802068,6.210119179514262,True
8,onlooker,17,49.0,x2,0.46624894911909065,-0.14297933348735187,-1.0492204173947894,3.301492350485454,-0.14297933348735187,-0.7158868523730544,3.452453176623504,False
8,onlooker,18,9.0,x2,-0.5608408155958173,0.008889828932217902,-0.11174742302878027,0.6196479336544667,0.008889828932217902,-0.6057278936120591,3.249058473467532,False
8,onlooker,25,48.0,x2,0.46829269152183617,1.339422785173356,-0.9834021484577529,5.647049270830774,1.339422785173356,-1.0929738270648361,5.893474283263576,False
8,onlooker,11,44.0,x2,-0.2435989539806378,0.08962240867189478,0.00380331111847804,0.45443488732773263,0.08962240867189478,-0.22574608946341623,1.7470227648354677,False
8,onlooker,44,12.0,x2,0.2373212238726352,1.673510506259091,-0.9385217556802068,6.210119179514262,1.673510506259091,-1.193034696973156,6.817236182446955,False
8,onlooker,46,13.0,x1,0.38585318117170986,-0.0003454061522631946,0.00404515490552744,0.011921905396296228,-0.049005964365286966,0.00404515490552744,0.2022048623868966,False
8,onlooker,50,8.0,x2,-0.8231954185986512,-1.046378366071603,-0.9055740164584274,3.8295452033029815,-1.046378366071603,-0.3774585867975655,4.5021267208264995,False
8,onlooker,36,17.0,x2,-0.8575110452668178,-0.0329070233790712,0.0015649090394172331,0.12182332538240503,-0.0329070233790712,-0.8994951145822137,2.6665052738496304,False
8,onlooker,26,38.0,x2,-0.42975519916962246,0.09483085093833626,2.5619640150511422,7.84806784400603,0.09483085093833626,1.46253615485855,5.532064801789755,True
8,onlooker,18,43.0,x1,0.04014382452297616,0.008889828932217902,-0.11174742302878027,0.6196479336544667,-0.00039114794970864127,-0.11174742302878027,0.6167880900019225,True
8,onlooker,44,22.0,x1,0.9059503231202068,1.673510506259091,-0.9385217556802068,6.210119179514262,4.0566189578437095,-0.9385217556802068,9.079727799532682,False
8,onlooker,35,6.0,x1,0.7701859764536014,-0.8880368439532005,-1.911222174928279,5.635016385440046,-0.797296289264138,-1.911222174928279,6.026443519081063,False
8,onlooker,27,7.0,x1,-0.6946197323171586,1.9182997261030739,0.029603464441215865,4.944103161595468,1.8157337950849866,0.029603464441215865,5.250264106267235,False
8,onlooker,36,3.0,x1,-0.42681247017237345,-0.0329070233790712,0.0015649090394172331,0.12182332538240503,-0.9114672004234277,0.0015649090394172331,2.616225514596714,False
8,onlooker,8,23.0,x1,-0.1712924560112774,0.06102946846117013,-0.26403080845577875,1.948809254204321,-0.11831032645733774,-0.26403080845577875,2.137352132191577,False
8,onlooker,30,14.0,x1,-0.9359128212436456,-0.4127704115210151,-2.9184799145509044,8.526683278365955,-0.7882302340052778,-2.9184799145509044,7.934278392151139,True
8,onlooker,33,19.0,x1,0.3026699974800928,0.8574063712218087,0.8155417434543013,4.130660522867107,0.22479604770390504,0.8155417434543013,3.651632339167844,True
8,onlooker,5,1.0,x1,-0.5034115042294145,-1.9568276774725013,-0.9991625097155564,5.390956618569501,-0.5041141629633652,-0.9991625097155564,4.6457223733069455,True
8,onlooker,24,20.0,x1,0.6206051105469328,-0.9397504755297985,-0.24374348874991925,3.661123141018962,-1.5376904342446998,-0.24374348874991925,6.043492059854575,False
8,onlooker,19,27.0,x2,0.18703118488438442,2.947505584175718,-0.05704956341948714,6.973555333541469,2.947505584175718,-0.073256381894094,7.0256240251668665,False
8,onlooker,2,27.0,x2,-0.3103374812023243,2.432333631329655,1.0754892659509685,7.998367133214792,2.432333631329655,0.7509117006851578,8.128841589623171,False
8,onlooker,22,5.0,x2,0.5656411312972904,-0.9569962563820364,1.15118158979412,4.368606385196184,-0.9569962563820364,2.367504658919227,7.624147367309591,False
8,onlooker,46,2.0,x1,0.20274552562269577,-0.0003454061522631946,0.00404515490552744,0.011921905396296228,-0.4935601962778483,0.00404515490552744,3.066470530025381,False
8,onlooker,38,14.0,x2,0.5751111697264335,0.05964833157182434,0.003698606472215685,0.26139998098286243,0.05964833157182434,1.7880249767831315,5.396496087111355,False
8,onlooker,34,47.0,x1,0.9620096227075456,-0.9788594200455047,0.0053828488697067745,2.598300831964434,-1.0235893455715617,0.0053828488697067745,2.711024742629672,False
8,onlooker,4,23.0,x1,0.0939755751564364,0.043185489741098676,-0.019985340704532284,0.19390396088536876,0.139899149856646,-0.019985340704532284,0.854806835329097,False
8,onlooker,8,18.0,x2,0.9752948955129235,0.06102946846117013,-0.26403080845577875,1.948809254204321,0.06102946846117013,-0.4125520169341575,2.8257567468492018,False
8,onlooker,1,24.0,x1,0.6853092434363923,0.9289099393760518,-0.10361920942688052,2.858132004619876,2.209520194554715,-0.10361920942688052,6.402635089247571,False
8,onlooker,17,25.0,x1,0.95609149157596,-0.14297933348735187,-1.0492204173947894,3.301492350485454,-1.5602913862330314,-1.0492204173947894,6.376302240828686,False
8,onlooker,26,7.0,x1,-0.8965570166672179,0.09483085093833626,1.46253615485855,5.532064801789755,1.5972911457860015,1.46253615485855,7.586325895305809,False
8,onlooker,46,14.0,x2,0.008127813129101824,-0.0003454061522631946,0.00404515490552744,0.011921905396296228,-0.0003454061522631946,0.02926513317645145,0.1054282981136514,False
8,onlooker,4,22.0,x2,0.8602110385002482,0.043185489741098676,-0.019985340704532284,0.19390396088536876,0.043185489741098676,-1.027436062245926,2.7759691702010696,False
8,onlooker,28,49.0,x2,-0.4823287255252007,1.900053179516402,1.0155475623878767,5.506040745541597,1.900053179516402,-0.32517876342815333,6.296798717995671,False
8,onlooker,28,44.0,x2,-0.10349529089251241,1.900053179516402,1.0155475623878767,5.506040745541597,1.900053179516402,0.813310589890287,5.968222499114145,False
8,onlooker,13,43.0,x1,-0.220221062254782,0.12576618392263933,-0.7379388940741644,3.3584826202408,0.15094114796412741,-0.7379388940741644,3.4504512699505985,False
8,onlooker,31,49.0,x2,-0.6270334104882722,0.9084662543041647,0.9600266053149704,3.6589343795567193,0.9084662543041647,-0.7481209884323705,4.272347464400479,False
8,onlooker,15,2.0,x1,-0.21632458017989453,-1.2620752409464884,0.6065972990086808,5.660790699287819,-0.462883792638474,0.6065972990086808,4.34867538226689,True
8,onlooker,11,35.0,x2,-0.6373570824682953,0.08962240867189478,0.00380331111847804,0.45443488732773263,0.08962240867189478,-1.216751745520712,4.194819121321096,False
8,onlooker,36,13.0,x1,-0.28956433175760043,-0.0329070233790712,0.0015649090394172331,0.12182332538240503,0.013039077861083818,0.0015649090394172331,0.0417307826236919,True
8,onlooker,18,37.0,x1,-0.06698147372331387,-0.00039114794970864127,-0.11174742302878027,0.6167880900019225,0.1477520648911466,-0.11174742302878027,1.2589818587959454,False
8,onlooker,18,43.0,x1,0.14390125128240538,-0.00039114794970864127,-0.11174742302878027,0.6167880900019225,-0.03499567440931508,-0.11174742302878027,0.6605762699659903,False
8,onlooker,11,46.0,x1,-0.3146994079327188,0.08962240867189478,0.00380331111847804,0.45443488732773263,0.061309590613731785,0.00380331111847804,0.271165216487248,True
8,onlooker,4,26.0,x2,-0.7521238911182444,0.043185489741098676,-0.019985340704532284,0.19390396088536876,0.043185489741098676,1.0950544952048122,3.142009366984347,False
8,onlooker,11,38.0,x2,-0.7384963732473628,0.061309590613731785,0.00380331111847804,0.271165216487248,0.061309590613731785,0.003725987116951143,0.27113687443085555,True
9,employed,1,41.0,x1,0.8738145762619074,0.9289099393760518,-0.10361920942688052,2.858132004619876,-0.043604169900944956,-0.10361920942688052,0.625073323722003,True
9,employed,2,31.0,x1,0.42071838404565853,2.432333631329655,1.0754892659509685,7.998367133214792,3.0734526516917158,1.0754892659509685,7.657652158204268,True
9,employed,3,36.0,x1,0.9856159145408898,-2.0913290200220915,2.9260024249399543,8.312516228450772,-4.16542770734789,2.9260024249399543,10.967861064580186,False
9,employed,4,18.0,x1,-0.674286897514595,0.043185489741098676,-0.019985340704532284,0.19390396088536876,0.013802333908446644,-0.019985340704532284,0.08434303263474563,True
9,employed,5,27.0,x1,0.06649961966341644,-0.5041141629633652,-0.9991625097155564,4.6457223733069455,-0.6652037652536609,-0.9991625097155564,4.561905164801658,True
9,employed,6,10.0,x2,0.22621883798827902,-1.0058532642246867,1.1399345920187023,4.320239623698999,-1.0058532642246867,1.6062641098010482,6.307514436420487,False
9,employed,7,1.0,x1,0.8553368049084431,1.770642056379323,0.29369627851124447,6.270212140558382,3.322433626883088,0.29369627851124447,9.53847479365465,False
9,employed,8,14.0,x2,-0.9208795832196164,0.06102946846117013,-0.26403080845577875,1.948809254204321,0.06102946846117013,-2.8745835629801837,7.138177854858963,False
9,employed,9,6.0,x2,-0.5195021034407166,0.018382105460621412,-0.9925329451354258,2.6301354134751986,0.018382105460621412,0.11528842593518818,0.6561784493604823,True
9,employed,10,15.0,x1,-0.9343800010045427,0.2300059797031906,-0.921474271758184,3.5782810624689785,-0.41741636647345126,-0.921474271758184,4.3780933178235735,False
9,employed,11,15.0,x1,-0.6141165270130358,0.061309590613731785,0.003725987116951143,0.27113687443085555,-0.260606229392326,0.003725987116951143,1.8475312504406252,False
9,employed,12,20.0,x2,-0.22966452528806158,0.6782417419911941,0.1339189520650912,3.4588941584207658,0.6782417419911941,0.5247270756248503,4.511695547083779,False
9,employed,13,18.0,x2,-0.344152232938592,0.12576618392263933,-0.7379388940741644,3.3584826202408,0.12576618392263933,-0.5224337010667938,3.3152597039277585,True
9,employed,14,5.0,x1,-0.9495901057476757,-0.8139400653199125,-3.0988778417641782,8.179427862654382,-0.6727015464114826,-3.0988778417641782,8.756931467749643,False
9,employed,15,10.0,x1,0.5132988548332307,-0.462883792638474,0.6065972990086808,4.34867538226689,-0.8185433193071083,0.6065972990086808,4.56937099720108,False
9,employed,16,50.0,x2,0.8570523501146581,3.115427948776002,5.0,11.627740644029085,3.115427948776002,5.0,11.627740644029085,False
9,employed,17,26.0,x1,0.06364771155586846,-0.14297933348735187,-1.0492204173947894,3.301492350485454,-0.15811540751072595,-1.0492204173947894,3.389863981493829,False
9,employed,18,16.0,x2,0.5478788772753125,-0.00039114794970864127,-0.11174742302878027,0.6167880900019225,-0.00039114794970864127,-2.91236586207276,6.945444484556333,False
9,employed,19,39.0,x1,0.6885447151648891,2.947505584175718,-0.05704956341948714,6.973555333541469,4.421539268689059,-0.05704956341948714,10.988675473423354,False
9,employed,20,45.0,x1,-0.1313015035494085,0.02372847195734538,1.8355667057596583,5.173166082272086,-0.04025783374666003,1.8355667057596583,5.195632396197567,False
9,employed,21,39.0,x1,0.6127974575917572,-0.8148924493097319,0.25556564447845587,3.7955097425591267,-1.8086061305584922,0.25556564447845587,6.094815356557518,False
9,employed,22,16.0,x2,0.8584844880122999,-0.9569962563820364,1.15118158979412,4.368606385196184,-0.9569962563820364,-2.152969312543789,6.229965032602994,False
9,employed,23,5.0,x1,0.9885383583265657,-0.9859506443506905,-0.041441955996696596,2.655772257624616,-1.3030212376516375,-0.041441955996696596,4.709061670295487,False
9,employed,24,39.0,x1,-0.8134581893513455,-0.9397504755297985,-0.24374348874991925,3.661123141018962,0.48092186582539265,-0.24374348874991925,3.565785184457543,True
9,employed,25,34.0,x1,-0.9316411781434797,1.339422785173356,-0.9834021484577529,5.647049270830774,-0.8203843797658075,-0.9834021484577529,3.994907406960142,True
9,employed,26,39.0,x2,0.5984458433181106,0.09483085093833626,1.46253615485855,5.532064801789755,0.09483085093833626,1.7306565128187086,5.642410200897544,False
9,employed,27,31.0,x2,0.713720783833141,1.9182997261030739,0.029603464441215865,4.944103161595468,1.9182997261030739,-0.6344588689596932,6.579960476219288,False
9,employed,28,5.0,x1,-0.44815231591837357,1.900053179516402,1.0155475623878767,5.506040745541597,0.7504273387920071,1.0155475623878767,4.34207496018173,True
9,employed,29,21.0,x2,-0.9150840943438034,-0.22771683152500277,0.5400482663849127,3.648480949855632,-0.22771683152500277,0.279722743961092,2.7356888131810213,True
9,employed,30,22.0,x2,-0.46957308777486806,-0.7882302340052778,-2.9184799145509044,7.934278392151139,-0.7882302340052778,-1.0074763957570967,4.172017763588283,True
9,employed,31,20.0,x2,-0.14979473601538706,0.9084662543041647,0.9600266053149704,3.6589343795567193,0.9084662543041647,1.091177903531968,4.04097231665957,False
9,employed,32,45.0,x1,-0.4593180589447219,-0.0606606004655902,0.011257800090110126,0.27282392495333996,-0.24573565066357494,0.011257800090110126,1.7332258559459288,False
9,employed,33,45.0,x2,-0.14805807037430152,0.22479604770390504,0.8155417434543013,3.651632339167844,0.22479604770390504,0.6962523340334983,3.7673683621545746,False
9,employed,34,17.0,x2,0.0050240986702920765,-0.9788594200455047,0.0053828488697067745,2.598300831964434,-0.9788594200455047,0.01068127973743191,2.6006786793774066,False
9,employed,35,21.0,x1,-0.48525537388970785,-0.8880368439532005,-1.911222174928279,5.635016385440046,-0.8525431333825478,-1.911222174928279,5.7781747935806465,False
9,employed,36,25.0,x1,-0.6963965338423375,0.013039077861083818,0.0015649090394172331,0.0417307826236919,-0.5673541292531795,0.0015649090394172331,3.2152449345175715,False
9,employed,37,18.0,x2,0.13158043874818115,2.211313142893505,-0.19116399053864352,6.755129350697036,2.211313142893505,-0.20161365733546588,6.798255740742508,False
9,employed,38,21.0,x2,0.6478247221015929,0.05964833157182434,0.003698606472215685,0.26139998098286243,0.05964833157182434,-0.1594670874307282,1.1094038232201595,False
9,employed,39,13.0,x2,0.9395431576620201,0.8067097113029637,1.014508382665242,4.109162924535234,0.8067097113029637,2.458531801158484,8.11283202366741,False
9,employed,40,39.0,x1,0.9351860519949444,0.8938125983086771,2.8389820910641355,7.658537766307349,0.975270003324912,2.8389820910641355,7.500109923766933,True
9,employed,41,43.0,x2,-0.7157921482967147,2.041862430323635,-0.9361313855992943,5.593466362848538,2.041862430323635,-2.342749839082998,8.600248202216708,False
9,employed,42,26.0,x2,-0.6600429576084286,-0.10827434893132404,-1.714767742639345,5.710975952654021,-0.10827434893132404,0.38238931908595286,2.7920661575485934,True
9,employed,43,41.0,x1,0.1683242983665918,0.24008296990000522,-2.901252764523143,7.918323290519213,-0.06320029358713858,-2.901252764523143,7.0686278061656065,True
9,employed,44,13.0,x1,0.8591979440143427,1.673510506259091,-0.9385217556802068,6.210119179514262,3.003329245870442,-0.9385217556802068,7.281997162350663,False
9,employed,45,6.0,x2,0.127724806942628,-0.46359500853827207,0.009848348158585965,2.97560406956173,-0.46359500853827207,-0.13449169916696702,3.181722433493466,False
9,employed,46,36.0,x1,-0.8823029253351364,-0.0003454061522631946,0.00404515490552744,0.011921905396296228,0.011463763246814243,0.00404515490552744,0.038314602405325804,False
9,employed,47,30.0,x1,0.6318024309261883,-0.9323630810586182,-0.9501502141297273,3.612743300590957,-1.0234265642032312,-0.9501502141297273,3.6639256699122176,False
9,employed,48,4.0,x1,0.024485942213254175,1.3081849441099052,-0.7494209640600158,5.723798130604468,1.3398791219051391,-0.7494209640600158,5.857676602544711,False
9,employed,49,13.0,x1,0.3258489030738416,0.11950817013511181,-1.7641465650065324,5.636493590713318,0.11746900320702498,-1.7641465650065324,5.629638084974321,True
9,employed,50,6.0,x1,0.8741028613410138,-1.046378366071603,-0.9055740164584274,3.8295452033029815,-1.0818014735521286,-0.9055740164584274,3.996231698755445,False
9,onlooker,46,10.0,x1,-0.35346823126979077,-0.0003454061522631946,0.00404515490552744,0.011921905396296228,0.08107649077660915,0.00404515490552744,0.39591195030791626,False
9,onlooker,32,37.0,x1,-0.11468796967948358,-0.0606606004655902,0.011257800090110126,0.27282392495333996,0.19990745532536053,0.011257800090110126,1.3543350084913084,False
9,onlooker,8,6.0,x2,0.9995306738286878,0.06102946846117013,-0.26403080845577875,1.948809254204321,0.06102946846117013,-1.6673372912242002,5.681457367985445,False
9,onlooker,23,44.0,x1,-0.035247990741771096,-0.9859506443506905,-0.041441955996696596,2.655772257624616,-0.892209982335897,-0.041441955996696596,2.6979335416030463,False
9,onlooker,46,5.0,x2,-0.7719616173308981,-0.0003454061522631946,0.00404515490552744,0.011921905396296228,-0.0003454061522631946,-0.7703926563941176,3.0252821870418996,False
9,onlooker,46,48.0,x2,-0.3705651050692733,-0.0003454061522631946,0.00404515490552744,0.011921905396296228,-0.0003454061522631946,-0.2751630966350767,1.9577086244404218,False
9,onlooker,17,24.0,x2,-0.16767663986541836,-0.14297933348735187,-1.0492204173947894,3.301492350485454,-0.14297933348735187,-0.9141607525105002,3.0744415150920053,True
9,onlooker,9,46.0,x2,-0.49338479858871254,0.018382105460621412,0.11528842593518818,0.6561784493604823,0.018382105460621412,0.060402687063869455,0.2815234434060625,True
9,onlooker,36,4.0,x2,-0.9224973369431411,0.013039077861083818,0.0015649090394172331,0.0417307826236919,0.013039077861083818,-0.018315138959835803,0.07700359971519477,False
9,onlooker,34,17.0,x1,0.3109187854400026,-0.9788594200455047,0.0053828488697067745,2.598300831964434,-1.2387502413316498,0.0053828488697067745,4.224793299705205,False
9,onlooker,4,48.0,x2,0.49702893378619084,0.013802333908446644,-0.019985340704532284,0.08434303263474563,0.013802333908446644,0.34256526943750915,2.414487577652207,False
9,onlooker,45,7.0,x1,-0.35967806221426124,-0.46359500853827207,0.009848348158585965,2.97560406956173,0.3400110494985671,0.009848348158585965,2.397621705862733,True
9,onlooker,18,28.0,x2,-0.4062630289851714,-0.00039114794970864127,-0.11174742302878027,0.6167880900019225,-0.00039114794970864127,0.34623085230638545,2.433169263178105,False
9,onlooker,4,20.0,x1,-0.4909013707454357,0.013802333908446644,-0.019985340704532284,0.08434303263474563,0.01867508868285946,-0.019985340704532284,0.09718951602489456,False
9,onlooker,18,10.0,x1,-0.47620725087052906,-0.00039114794970864127,-0.11174742302878027,0.6167880900019225,0.10932563481834486,-0.11174742302878027,0.9994231010310561,False
9,onlooker,32,20.0,x1,-0.30923321366101586,-0.0606606004655902,0.011257800090110126,0.27282392495333996,-0.03456469640237362,0.011257800090110126,0.13765146274956708,True
9,onlooker,29,39.0,x2,-0.24226408730408555,-0.22771683152500277,0.279722743961092,2.7356888131810213,-0.22771683152500277,0.45773491608590244,3.4514134440848996,False
9,onlooker,32,49.0,x1,0.04396022823610135,-0.03456469640237362,0.011257800090110126,0.13765146274956708,-0.041248132536781654,0.011257800090110126,0.1689242713426542,False
9,onlooker,46,39.0,x2,-0.8825626366997006,-0.0003454061522631946,0.00404515490552744,0.011921905396296228,-0.0003454061522631946,0.8958422454852313,2.646687236065724,False
9,onlooker,21,36.0,x2,0.9734238248963998,-0.8148924493097319,0.25556564447845587,3.7955097425591267,-0.8148924493097319,0.5028160118960233,4.5116390854550055,False
9,onlooker,23,5.0,x1,0.12401834942573564,-0.9859506443506905,-0.041441955996696596,2.655772257624616,-1.0257291428797601,-0.041441955996696596,2.7654403103141267,False
9,onlooker,5,38.0,x2,0.015353994923555714,-0.6652037652536609,-0.9991625097155564,4.561905164801658,-0.6652037652536609,-1.014560434202535,4.595204012972587,False
9,onlooker,36,44.0,x2,0.2578960343255543,0.013039077861083818,0.0015649090394172331,0.0417307826236919,0.013039077861083818,0.24400953179294524,1.7204031928750187,False
9,onlooker,32,38.0,x1,0.6849100029053348,-0.03456469640237362,0.011257800090110126,0.13765146274956708,-0.09909214166590191,0.011257800090110126,0.5266258475175154,False
9,onlooker,45,2.0,x1,0.11238059359557862,0.3400110494985671,0.009848348158585965,2.397621705862733,0.03282525968525157,0.009848348158585965,0.1279236304835618,True
9,onlooker,9,44.0,x1,0.2967953704067223,0.018382105460621412,0.060402687063869455,0.2815234434060625,-0.4728523413250463,0.060402687063869455,3.050060123463734,False
9,onlooker,21,10.0,x1,-0.321952748160347,-0.8148924493097319,0.25556564447845587,3.7955097425591267,-0.47848452854059226,0.25556564447845587,3.5964655542005883,True
9,onlooker,36,11.0,x1,-0.8128341093232545,0.013039077861083818,0.0015649090394172331,0.0417307826236919,0.052274997100959224,0.0015649090394172331,0.21913461161331016,False
9,onlooker,46,38.0,x2,-0.6004101386837348,-0.0003454061522631946,0.00404515490552744,0.011921905396296228,-0.0003454061522631946,0.0038370837126220983,0.011291978913178458,True
9,onlooker,12,49.0,x1,0.41636897351823476,0.6782417419911941,0.1339189520650912,3.4588941584207658,0.9117301116157679,0.1339189520650912,3.0274889001220555,True
9,onlooker,32,16.0,x1,-0.4017497116669555,-0.03456469640237362,0.011257800090110126,0.13765146274956708,1.2309439405510694,0.011257800090110126,4.165838790552012,False
9,onlooker,1,37.0,x1,-0.9136495498862309,-0.043604169900944956,-0.10361920942688052,0.625073323722003,2.016600017964374,-0.10361920942688052,5.23916946700847,False
9,onlooker,1,37.0,x2,0.8977475142982507,-0.043604169900944956,-0.10361920942688052,0.625073323722003,-0.043604169900944956,-0.02502609979401084,0.20832547045290584,True
9,onlooker,38,24.0,x1,-0.027909500878253946,0.05964833157182434,0.003698606472215685,0.26139998098286243,0.07140586564605944,0.003698606472215685,0.33280642808992456,False
9,onlooker,22,16.0,x1,0.04342842837168037,-0.9569962563820364,1.15118158979412,4.368606385196184,-1.1338552392748398,1.15118158979412,4.937117684662407,False
9,onlooker,21,31.0,x1,0.796240161002189,-0.47848452854059226,0.25556564447845587,3.5964655542005883,-1.5828304431750135,0.25556564447845587,6.138990954839322,False
9,onlooker,50,4.0,x2,-0.2306330546773172,-1.046378366071603,-0.9055740164584274,3.8295452033029815,-1.046378366071603,-0.7013279949816664,4.593123623548497,False
9,onlooker,9,19.0,x2,-0.425053962903154,0.018382105460621412,0.060402687063869455,0.2815234434060625,0.018382105460621412,0.01047914254402485,0.07173182211543905,True
9,onlooker,8,39.0,x1,-0.007422514341528297,0.06102946846117013,-0.26403080845577875,1.948809254204321,0.06656429075785765,-0.26403080845577875,1.962634687066274,False
9,onlooker,46,2.0,x2,-0.8660439737360202,-0.0003454061522631946,0.0038370837126220983,0.011291978913178458,-0.0003454061522631946,0.9319349980811974,2.5892924642665176,False
9,onlooker,19,4.0,x2,-0.474540807170333,2.947505584175718,-0.05704956341948714,6.973555333541469,2.947505584175718,-0.03946107725519147,6.930401773966084,True
9,onlooker,50,11.0,x1,-0.6037645171758186,-1.046378366071603,-0.9055740164584274,3.8295452033029815,-0.37759568172201285,-0.9055740164584274,4.252615347046731,False
9,onlooker,31,25.0,x1,0.16087659440568958,0.9084662543041647,0.9600266053149704,3.6589343795567193,1.1865978565494588,0.9600266053149704,4.630771651577707,False
9,onlooker,18,42.0,x1,-0.7228388971150743,-0.00039114794970864127,-0.11174742302878027,0.6167880900019225,-0.07837332196450342,-0.11174742302878027,0.8248468633223145,False
9,onlooker,21,35.0,x1,0.7364728805657994,-0.47848452854059226,0.25556564447845587,3.5964655542005883,-0.17686035506627584,0.25556564447845587,2.3516484204418266,True
9,onlooker,18,29.0,x2,-0.861720109985477,-0.00039114794970864127,-0.11174742302878027,0.6167880900019225,-0.00039114794970864127,0.2255902923257655,1.5666866456904427,False
9,onlooker,8,4.0,x2,0.4557617839970438,0.06102946846117013,-0.26403080845577875,1.948809254204321,0.06102946846117013,-0.3752574062144799,2.649427218974307,False
9,onlooker,12,37.0,x1,-0.8672034419134509,0.9117301116157679,0.1339189520650912,3.0274889001220555,2.0387329893921375,0.1339189520650912,5.470154608371072,False
9,onlooker,44,41.0,x2,-0.8221425138994347,1.673510506259091,-0.9385217556802068,6.210119179514262,1.673510506259091,-0.9365565308127354,6.211022252034166,False
9,onlooker,1,4.0,x2,0.7072603462934679,-0.043604169900944956,-0.02502609979401084,0.20832547045290584,-0.043604169900944956,-0.02859122881321739,0.21854058746280147,False
10,employed,1,13.0,x2,0.09654663571637734,-0.043604169900944956,-0.02502609979401084,0.20832547045290584,-0.043604169900944956,0.022996930688629603,0.2030350473381266,True
10,employed,2,22.0,x2,0.5910510524572041,3.0734526516917158,1.0754892659509685,7.657652158204268,3.0734526516917158,1.0307512382805424,7.517101620342853,True
10,employed,3,25.0,x2,0.001321681322539403,-2.0913290200220915,2.9260024249399543,8.312516228450772,-2.0913290200220915,2.9311694119468643,8.30285250878677,True
10,employed,4,50.0,x2,-0.6997408865014858,0.013802333908446644,-0.019985340704532284,0.08434303263474563,0.013802333908446644,-0.6396679457522397,3.2529490662528002,False
10,employed,5,42.0,x2,-0.8965005087922304,-0.6652037652536609,-0.9991625097155564,4.561905164801658,-0.6652037652536609,0.23939940772783308,3.8192220510047687,True
10,employed,6,25.0,x1,0.7726696478660471,-1.0058532642246867,1.1399345920187023,4.320239623698999,-1.1491594418696374,1.1399345920187023,4.9608368547040484,False
10,employed,7,34.0,x1,0.37042923873226585,1.770642056379323,0.29369627851124447,6.270212140558382,2.789137795184613,0.29369627851124447,8.280293212542192,False
10,employed,8,14.0,x2,-0.16285041727709149,0.06102946846117013,-0.26403080845577875,1.948809254204321,0.06102946846117013,-0.7256868307467765,3.202115980682916,False
10,employed,9,19.0,x1,0.04288642031598844,0.018382105460621412,0.01047914254402485,0.07173182211543905,-0.10723751520498442,0.01047914254402485,0.5864600355452407,False
10,employed,10,24.0,x1,-0.3462032962460213,0.2300059797031906,-0.921474271758184,3.5782810624689785,0.31687388655918824,-0.921474271758184,4.026242233101378,False
10,employed,11,16.0,x2,-0.4982942166897557,0.061309590613731785,0.003725987116951143,0.27113687443085555,0.061309590613731785,2.493340432733892,7.698334083625264,False
10,employed,12,19.0,x2,-0.7001170441318787,0.9117301116157679,0.1339189520650912,3.0274889001220555,0.9117301116157679,0.012532638425876444,2.6198353992386214,True
10,employed,13,44.0,x2,0.20423878366685466,0.12576618392263933,-0.5224337010667938,3.3152597039277585,0.12576618392263933,-0.4374523828942425,3.0693392461292963,True
10,employed,14,7.0,x2,0.38771866841800273,-0.8139400653199125,-3.0988778417641782,8.179427862654382,-0.8139400653199125,-4.414242162186742,11.325719080988767,False
10,employed,15,43.0,x2,-0.5249286558954822,-0.462883792638474,0.6065972990086808,4.34867538226689,-0.462883792638474,-1.2347737199239612,5.476073826702432,False
10,employed,16,8.0,x1,-0.9827654857324959,3.115427948776002,5.0,11.627740644029085,0.11367054264879917,5.0,10.453097285755115,True
10,employed,17,3.0,x1,0.5245026966070232,-0.14297933348735187,-0.9141607525105002,3.0744415150920053,0.8789353310335675,-0.9141607525105002,3.795855768871171,False
10,employed,18,50.0,x1,-0.9102393550474468,-0.00039114794970864127,-0.11174742302878027,0.6167880900019225,-0.9524898787608548,-0.11174742302878027,2.8926379746366817,False
10,employed,19,38.0,x1,-0.8562756683180799,2.947505584175718,-0.03946107725519147,6.930401773966084,0.474703685195105,-0.03946107725519147,3.0301471722203144,True
10,employed,20,31.0,x2,0.5121505648564757,0.02372847195734538,1.8355667057596583,5.173166082272086,0.02372847195734538,2.283975062756901,6.764292628008256,False
10,employed,21,18.0,x2,-0.9781305577786725,-0.17686035506627584,0.25556564447845587,2.3516484204418266,-0.17686035506627584,-0.10371449112179221,1.4322106392008718,True
10,employed,22,31.0,x1,0.9824892562800556,-0.9569962563820364,1.15118158979412,4.368606385196184,-2.7897931311244477,1.15118158979412,8.152717723418881,False
10,employed,23,13.0,x2,-0.6210174456255684,-0.9859506443506905,-0.041441955996696596,2.655772257624616,-0.9859506443506905,-0.2873713397497014,3.957118667843297,False
10,employed,24,7.0,x2,0.11051123980011224,0.48092186582539265,-0.24374348874991925,3.565785184457543,0.48092186582539265,-0.30313662374783423,3.746552551950462,False
10,employed,25,31.0,x2,0.5845416743408047,-0.8203843797658075,-0.9834021484577529,3.994907406960142,-0.8203843797658075,-2.119417246150124,6.430114346334239,False
10,employed,26,38.0,x2,0.7850829895901743,0.09483085093833626,1.46253615485855,5.532064801789755,0.09483085093833626,2.607844698672094,7.865847724301398,False
10,employed,27,41.0,x1,-0.5054658338411111,1.9182997261030739,0.029603464441215865,4.944103161595468,1.9807564514235825,0.029603464441215865,4.919793461081095,True
10,employed,28,29.0,x2,-0.40517608181284004,0.7504273387920071,1.0155475623878767,4.34207496018173,0.7504273387920071,0.7174089455570676,4.544769508793522,False
10,employed,29,17.0,x2,0.8638887384599927,-0.22771683152500277,0.279722743961092,2.7356888131810213,-0.22771683152500277,1.3111052515961412,5.260073359433669,False
10,employed,30,35.0,x2,0.9491808265022117,-0.7882302340052778,-1.0074763957570967,4.172017763588283,-0.7882302340052778,-0.1496582301355086,3.3511333463889916,True
10,employed,31,21.0,x1,0.07487514670795314,0.9084662543041647,0.9600266053149704,3.6589343795567193,0.9897302434068218,0.9600266053149704,3.5883727767488947,True
10,employed,32,24.0,x2,-0.7854258849525462,-0.03456469640237362,0.011257800090110126,0.13765146274956708,-0.03456469640237362,-0.18902681286110978,1.2901364379009412,False
10,employed,33,12.0,x1,0.055272721208964315,0.22479604770390504,0.8155417434543013,3.651632339167844,0.18682733270036378,0.8155417434543013,3.4680437791873016,True
10,employed,34,4.0,x1,0.8629238586177785,-0.9788594200455047,0.0053828488697067745,2.598300831964434,-1.8354509310697402,0.0053828488697067745,5.162089333883962,False
10,employed,35,7.0,x2,-0.6040385071661858,-0.8880368439532005,-1.911222174928279,5.635016385440046,-0.8880368439532005,-0.5793665238894941,4.559463212172222,True
10,employed,36,39.0,x2,-0.8061309164213726,0.013039077861083818,0.0015649090394172331,0.0417307826236919,0.013039077861083818,0.8181299597164517,2.8780811750123907,False
10,employed,37,46.0,x1,0.4514019414450712,2.211313142893505,-0.19116399053864352,6.755129350697036,3.2096601057463543,-0.19116399053864352,8.667722857179127,False
10,employed,38,4.0,x1,0.38369412257130575,0.05964833157182434,0.003698606472215685,0.26139998098286243,0.07723917141868017,0.003698606472215685,0.37036431248182966,False
10,employed,39,31.0,x2,0.5146988654798372,0.8067097113029637,1.014508382665242,4.109162924535234,0.8067097113029637,1.0425500916567518,4.19152399322461,False
10,employed,40,42.0,x1,0.4367011263463101,0.975270003324912,2.8389820910641355,7.500109923766933,1.4484550424013931,2.8389820910641355,9.163455731719765,False
10,employed,41,29.0,x2,-0.35507336283644464,2.041862430323635,-0.9361313855992943,5.593466362848538,2.041862430323635,-0.5044139710977098,6.880853436839702,False
10,employed,42,35.0,x2,0.9139431692615589,-0.10827434893132404,0.38238931908595286,2.7920661575485934,-0.10827434893132404,1.261379502270755,4.573577053588515,False
10,employed,43,29.0,x1,0.3286897368685078,-0.06320029358713858,-2.901252764523143,7.0686278061656065,-0.00912539602182412,-2.901252764523143,6.974898646662403,True
10,employed,44,22.0,x1,0.5122416194861488,1.673510506259091,-0.9385217556802068,6.210119179514262,3.0209655504236483,-0.9385217556802068,7.323518694768403,False
10,employed,45,50.0,x1,-0.6792213518645278,0.03282525968525157,0.009848348158585965,0.1279236304835618,-0.7001928859384192,0.009848348158585965,3.1918610989187255,False
10,employed,46,10.0,x1,0.07887551732877895,-0.0003454061522631946,0.0038370837126220983,0.011291978913178458,-0.018514490879013287,0.0038370837126220983,0.06297239399578958,False
10,employed,47,24.0,x1,0.1431395690134376,-0.9323630810586182,-0.9501502141297273,3.612743300590957,-1.1346600792487747,-0.9501502141297273,4.253712482308416,False
10,employed,48,3.0,x1,-0.1914470873391021,1.3081849441099052,-0.7494209640600158,5.723798130604468,0.6573578973082296,-0.7494209640600158,4.58984817553231,True
10,employed,49,29.0,x2,0.17038270260992538,0.11746900320702498,-1.7641465650065324,5.629638084974321,0.11746900320702498,-2.112386541649917,5.7723638252466145,False
10,employed,50,33.0,x1,0.4404320580053276,-1.046378366071603,-0.9055740164584274,3.8295452033029815,-1.5895216899256384,-0.9055740164584274,6.2857846938429525,False
10,onlooker,34,40.0,x1,0.24952126936918329,-0.9788594200455047,0.0053828488697067745,2.598300831964434,-1.4664562742765614,0.0053828488697067745,5.453386771437408,False
10,onlooker,29,31.0,x1,-0.7976132664933353,-0.22771683152500277,0.279722743961092,2.7356888131810213,0.7433351066941263,0.279722743961092,3.9506563449185355,False
10,onlooker,11,27.0,x2,0.7459744308034142,0.061309590613731785,0.003725987116951143,0.27113687443085555,0.061309590613731785,-0.015577949300645492,0.28218624617995447,False
10,onlooker,36,5.0,x1,0.18454990088880874,0.013039077861083818,0.0015649090394172331,0.0417307826236919,0.1382087273364538,0.0015649090394172331,0.8280944549848184,False
10,onlooker,9,37.0,x1,0.6548817050174944,0.018382105460621412,0.01047914254402485,0.07173182211543905,-1.4177283113192083,0.01047914254402485,5.28553897158131,False
10,onlooker,32,29.0,x2,-0.32281711357837195,-0.03456469640237362,0.011257800090110126,0.13765146274956708,-0.03456469640237362,0.09792287836752013,0.5586838723235279,False
10,onlooker,22,44.0,x2,0.44664066193431307,-0.9569962563820364,1.15118158979412,4.368606385196184,-0.9569962563820364,2.0845280752631217,5.767020541162058,False
10,onlooker,28,19.0,x1,-0.8992405234228913,0.7504273387920071,1.0155475623878767,4.34207496018173,0.5024854562114569,1.0155475623878767,4.681800728274673,False
10,onlooker,6,11.0,x1,-0.25323291348265053,-1.0058532642246867,1.1399345920187023,4.320239623698999,-0.7356125053334911,1.1399345920187023,4.8950255888718,False
10,onlooker,46,25.0,x1,-0.5303196734815379,-0.0003454061522631946,0.0038370837126220983,0.011291978913178458,-0.43522820688113345,0.0038370837126220983,2.870686384118248,False
10,onlooker,4,18.0,x1,0.6314612711021137,0.013802333908446644,-0.019985340704532284,0.08434303263474563,0.02276496800396217,-0.019985340704532284,0.10996856985161019,False
10,onlooker,18,39.0,x2,0.6054099522537577,-0.00039114794970864127,-0.11174742302878027,0.6167880900019225,-0.00039114794970864127,-0.7935938965795156,2.954041536353895,False
10,onlooker,4,31.0,x2,0.9181921267422215,0.013802333908446644,-0.019985340704532284,0.08434303263474563,0.013802333908446644,-0.9198245936529627,2.6083013473991525,False
10,onlooker,19,3.0,x1,0.8466053805157572,0.474703685195105,-0.03946107725519147,3.0301471722203144,2.647120780011387,-0.03946107725519147,7.762787621266174,False
10,onlooker,45,26.0,x2,0.10450624068801928,0.03282525968525157,0.009848348158585965,0.1279236304835618,0.03282525968525157,-0.14196659341295131,0.8932349126846231,False
10,onlooker,9,42.0,x2,-0.00279992321574718,0.018382105460621412,0.01047914254402485,0.07173182211543905,0.018382105460621412,0.011520462481497226,0.07385061873547416,False
10,onlooker,1,35.0,x2,0.9009925396054121,-0.043604169900944956,0.022996930688629603,0.2030350473381266,-0.043604169900944956,0.5657219093944627,3.2367753549829215,False
10,onlooker,43,14.0,x2,-0.8933498301333187,-0.00912539602182412,-2.901252764523143,6.974898646662403,-0.00912539602182412,-3.0778010937065057,7.2149032967026265,False
10,onlooker,46,47.0,x2,0.06483063942573875,-0.0003454061522631946,0.0038370837126220983,0.011291978913178458,-0.0003454061522631946,0.06568469023577429,0.2966842773603813,False
10,onlooker,34,23.0,x2,-0.16046926580248266,-0.9788594200455047,0.0053828488697067745,2.598300831964434,-0.9788594200455047,-0.0021310931885494917,2.597617645071829,True
10,onlooker,4,6.0,x1,-0.5345357066476251,0.013802333908446644,-0.019985340704532284,0.08434303263474563,-0.5312399917768545,-0.019985340704532284,3.1611051196577447,False
10,onlooker,44,8.0,x1,-0.5466026961705786,1.673510506259091,-0.9385217556802068,6.210119179514262,0.7921240234748148,-0.9385217556802068,4.0958718633876074,True
10,onlooker,30,11.0,x2,-0.6735866305644258,-0.7882302340052778,-0.1496582301355086,3.3511333463889916,-0.7882302340052778,-0.046340672054662385,3.0130978445825254,True
10,onlooker,31,19.0,x2,0.2523185716809384,0.9897302434068218,0.9600266053149704,3.5883727767488947,0.9897302434068218,1.2122159097937648,4.836485129311747,False
10,onlooker,46,8.0,x1,0.8268673196261278,-0.0003454061522631946,0.0038370837126220983,0.011291978913178458,-0.05109428421626249,0.0038370837126220983,0.21334452253153957,False
10,onlooker,46,41.0,x2,0.2625718346121704,-0.0003454061522631946,0.0038370837126220983,0.011291978913178458,-0.0003454061522631946,0.25064632917744556,1.7694247854944511,False
10,onlooker,32,33.0,x2,0.3809911024356263,-0.03456469640237362,0.011257800090110126,0.13765146274956708,-0.03456469640237362,-0.2951672261634859,2.1248333928755234,False
10,onlooker,1,48.0,x1,0.1712075229311596,-0.043604169900944956,0.022996930688629603,0.2030350473381266,-0.16361414909653274,0.022996930688629603,1.0567216452231496,False
10,onlooker,39,19.0,x1,-0.9752055721684081,0.8067097113029637,1.014508382665242,4.109162924535234,0.4829355846490899,1.014508382665242,4.655846141684595,False
10,onlooker,27,25.0,x1,-0.12602142337709643,1.9807564514235825,0.029603464441215865,4.919793461081095,1.6277526967973925,0.029603464441215865,5.676504206871176,False
10,onlooker,16,13.0,x2,0.055089748994365584,0.11367054264879917,5.0,10.453097285755115,0.11367054264879917,5.0,10.453097285755115,False
10,onlooker,18,49.0,x1,-0.6541453844661371,-0.00039114794970864127,-0.11174742302878027,0.6167880900019225,0.07670652594194992,-0.11174742302878027,0.8166247363898838,False
10,onlooker,13,16.0,x2,0.08661835247191396,0.12576618392263933,-0.4374523828942425,3.0693392461292963,0.12576618392263933,-0.9084355499450245,2.9883603811608705,True
10,onlooker,26,33.0,x1,0.9000035411484157,0.09483085093833626,1.46253615485855,5.532064801789755,0.012033691579315858,1.46253615485855,5.442864040711033,True
10,onlooker,11,35.0,x2,-0.9499195939896328,0.061309590613731785,0.003725987116951143,0.27113687443085555,0.061309590613731785,-0.5501650141966867,3.2362343671138416,False
10,onlooker,11,24.0,x1,-0.9380104230377311,0.061309590613731785,0.003725987116951143,0.27113687443085555,0.4549102783968466,0.003725987116951143,2.944495592878209,False
10,onlooker,32,35.0,x2,0.49346342967609336,-0.03456469640237362,0.011257800090110126,0.13765146274956708,-0.03456469640237362,0.3027093046512097,2.1767706957927904,False
10,onlooker,27,31.0,x2,-0.20786949744302552,1.9807564514235825,0.029603464441215865,4.919793461081095,1.9807564514235825,0.22301005514400457,5.843813257663239,False
10,onlooker,1,6.0,x2,0.30999184840292826,-0.043604169900944956,0.022996930688629603,0.2030350473381266,-0.043604169900944956,-0.32324463949792354,2.3238808157108974,False
10,onlooker,50,1.0,x1,0.1151669936527655,-1.046378366071603,-0.9055740164584274,3.8295452033029815,-1.1618648555571462,-0.9055740164584274,4.510493466059572,False
10,onlooker,38,42.0,x1,0.09040980244528019,0.05964833157182434,0.003698606472215685,0.26139998098286243,0.07483018794219588,0.003698606472215685,0.3546894641711167,False
10,onlooker,32,36.0,x1,0.7179324993868612,-0.03456469640237362,0.011257800090110126,0.13765146274956708,-0.06874099303958556,0.011257800090110126,0.3212880038285353,False
10,onlooker,5,47.0,x1,-0.94796519289686,-0.6652037652536609,0.23939940772783308,3.8192220510047687,-0.9184614975949004,0.23939940772783308,3.631974879079515,True
10,onlooker,44,4.0,x1,-0.6107435767901555,0.7921240234748148,-0.9385217556802068,4.0958718633876074,0.3167690508956941,-0.9385217556802068,4.03628712385553,True
10,onlooker,1,23.0,x2,-0.33128154656521547,-0.043604169900944956,0.022996930688629603,0.2030350473381266,-0.043604169900944956,0.0016495166485740696,0.1733324623009449,True
10,onlooker,8,24.0,x1,-0.19525823365563233,0.06102946846117013,-0.26403080845577875,1.948809254204321,0.1430169162959371,-0.26403080845577875,2.2433400916623225,False
10,onlooker,38,45.0,x2,0.3051345035341637,0.05964833157182434,0.003698606472215685,0.26139998098286243,0.05964833157182434,0.0018221080958817388,0.2608883055276583,True
10,onlooker,5,16.0,x2,0.8266365936645597,-0.9184614975949004,0.23939940772783308,3.631974879079515,-0.9184614975949004,-3.695887249665516,9.737962631494362,False
10,onlooker,4,21.0,x1,0.8850092384669626,0.013802333908446644,-0.019985340704532284,0.08434303263474563,0.18254057508202914,-0.019985340704532284,1.2137963464630457,False
10,onlooker,46,21.0,x1,0.33479377619759476,-0.0003454061522631946,0.0038370837126220983,0.011291978913178458,0.05875070014998463,0.0038370837126220983,0.256247157189343,False
11,employed,1,24.0,x2,0.5069210788726835,-0.043604169900944956,0.0016495166485740696,0.1733324623009449,-0.043604169900944956,0.12604440369298853,0.7927465137288405,False
11,employed,2,3.0,x1,-0.7116857021572831,3.0734526516917158,1.0307512382805424,7.517101620342853,-0.6022486188309921,1.0307512382805424,4.730615182963206,True
11,employed,3,32.0,x1,-0.5348954751138728,-2.0913290200220915,2.9311694119468643,8.30285250878677,-0.9911750899422593,2.9311694119468643,7.212463633331268,True
11,employed,4,34.0,x2,-0.2975541450774033,0.013802333908446644,-0.019985340704532284,0.08434303263474563,0.013802333908446644,-0.014672735348913673,0.06775340039932987,True
11,employed,5,45.0,x1,0.6385187711199729,-0.9184614975949004,0.23939940772783308,3.631974879079515,-1.525875948836127,0.23939940772783308,6.01150350499293,False
11,employed,6,26.0,x2,0.5457901741897155,-1.0058532642246867,1.1399345920187023,4.320239623698999,-1.0058532642246867,0.9638618288424673,3.612025411166791,True
11,employed,7,15.0,x1,-0.011480446376274767,1.770642056379323,0.29369627851124447,6.270212140558382,1.7450001826396506,0.29369627851124447,6.286556420250953,False
11,employed,8,11.0,x1,0.7217723370419877,0.06102946846117013,-0.26403080845577875,1.948809254204321,0.06082728404045848,-0.26403080845577875,1.9483244701314821,True
11,employed,9,42.0,x2,0.8042993368180025,0.018382105460621412,0.01047914254402485,0.07173182211543905,0.018382105460621412,-0.28864796580451413,2.0627585975336733,False
11,employed,10,44.0,x1,0.9191925241189896,0.2300059797031906,-0.921474271758184,3.5782810624689785,0.15025401329343768,-0.921474271758184,3.10952364884259,True
11,employed,11,13.0,x1,0.863648581590631,0.061309590613731785,0.003725987116951143,0.27113687443085555,0.00564174522832963,0.003725987116951143,0.020340098940959894,True
11,employed,12,29.0,x2,-0.15500983216369568,0.9117301116157679,0.012532638425876444,2.6198353992386214,0.9117301116157679,0.053949731840690344,2.690426516419365,False
11,employed,13,29.0,x2,-0.31479528669944434,0.12576618392263933,-0.9084355499450245,2.9883603811608705,0.12576618392263933,-0.5344089191705259,3.339964743302389,False
11,employed,14,16.0,x1,-0.5173713240449425,-0.8139400653199125,-3.0988778417641782,8.179427862654382,-0.33402093687700607,-3.0988778417641782,8.680363145524785,False
11,employed,15,5.0,x2,-0.006870205705625132,-0.462883792638474,0.6065972990086808,4.34867538226689,-0.462883792638474,0.6040745739609096,4.345604845495636,True
11,employed,16,45.0,x2,0.2603039385487693,0.11367054264879917,5.0,10.453097285755115,0.11367054264879917,5.0,10.453097285755115,False
11,employed,17,27.0,x2,-0.142814163498167,-0.14297933348735187,-0.9141607525105002,3.0744415150920053,-0.14297933348735187,-0.7793778553270383,3.3418424755074487,False
11,employed,18,24.0,x1,-0.5814453048560981,-0.00039114794970864127,-0.11174742302878027,0.6167880900019225,0.2794660440759625,-0.11174742302878027,2.215701749205824,False
11,employed,19,42.0,x1,-0.6032340734369439,0.474703685195105,-0.03946107725519147,3.0301471722203144,0.12303147094475753,-0.03946107725519147,0.7579916647113447,True
11,employed,20,37.0,x2,0.5199700229923052,0.02372847195734538,1.8355667057596583,5.173166082272086,0.02372847195734538,2.889405912513097,7.019851435948393,False
11,employed,21,30.0,x2,0.725852749909657,-0.17686035506627584,-0.10371449112179221,1.4322106392008718,-0.17686035506627584,-0.14535943546448749,1.6610169863371493,False
11,employed,22,15.0,x1,0.7632344424857265,-0.9569962563820364,1.15118158979412,4.368606385196184,-1.334119907172603,1.15118158979412,6.09033495559936,False
11,employed,23,37.0,x1,0.5974996555235215,-0.9859506443506905,-0.041441955996696596,2.655772257624616,-2.8963146558469273,-0.041441955996696596,7.027847503757732,False
11,employed,24,34.0,x1,0.6926860339799388,0.48092186582539265,-0.24374348874991925,3.565785184457543,1.4920919752134398,-0.24374348874991925,5.949307246235353,False
11,employed,25,50.0,x1,-0.15967429095072272,-0.8203843797658075,-0.9834021484577529,3.994907406960142,-0.8564698092883127,-0.9834021484577529,3.8446185314820487,True
11,employed,26,41.0,x1,0.48915951903606714,0.012033691579315858,1.46253615485855,5.442864040711033,-0.980876357990442,1.46253615485855,6.11712336549332,False
11,employed,27,23.0,x1,0.853897999465024,1.9807564514235825,0.029603464441215865,4.919793461081095,4.514021705503925,0.029603464441215865,11.162133407964479,False
11,employed,28,20.0,x1,0.1309318325524751,0.7504273387920071,1.0155475623878767,4.34207496018173,0.8455753531404764,1.0155475623878767,3.945728157704672,True
11,employed,29,6.0,x2,-0.5484496118674675,-0.22771683152500277,0.279722743961092,2.7356888131810213,-0.22771683152500277,0.6549385595276467,3.776982723823164,False
11,employed,30,43.0,x1,-0.2068945543423053,-0.7882302340052778,-0.046340672054662385,3.0130978445825254,-0.6270376857647572,-0.046340672054662385,3.2810972891622368,False
11,employed,31,20.0,x2,-0.5080379636187595,0.9897302434068218,0.9600266053149704,3.5883727767488947,0.9897302434068218,1.404834215011454,5.943794668821294,False
11,employed,32,25.0,x1,0.6116339227012448,-0.03456469640237362,0.011257800090110126,0.13765146274956708,0.46814035188026276,0.011257800090110126,2.991088854351219,False
11,employed,33,45.0,x1,-0.8597711359116322,0.18682733270036378,0.8155417434543013,3.4680437791873016,0.05442079545141462,0.8155417434543013,2.944939914822687,True
11,employed,34,29.0,x2,-0.06545326421533093,-0.9788594200455047,-0.0021310931885494917,2.597617645071829,-0.9788594200455047,0.016317160484510845,2.6049216467271994,False
11,employed,35,31.0,x1,-0.10544862618346174,-0.8880368439532005,-0.5793665238894941,4.559463212172222,-0.6900288842985658,-0.5793665238894941,4.5747357894771525,False
11,employed,36,20.0,x1,-0.05623857514102126,0.013039077861083818,0.0015649090394172331,0.0417307826236919,0.013640234154178414,0.0015649090394172331,0.04384533496853438,False
11,employed,37,29.0,x1,0.0019664220635535745,2.211313142893505,-0.19116399053864352,6.755129350697036,2.21610930524887,-0.19116399053864352,6.784687249875191,False
11,employed,38,24.0,x1,0.6356706199161615,0.05964833157182434,0.0018221080958817388,0.2608883055276583,-0.2081428771014137,0.0018221080958817388,1.4209150381245697,False
11,employed,39,37.0,x2,-0.31724301163761437,0.8067097113029637,1.014508382665242,4.109162924535234,0.8067097113029637,0.6320172479417716,4.567204613902771,False
11,employed,40,41.0,x2,0.7073013380090003,0.975270003324912,2.8389820910641355,7.500109923766933,0.975270003324912,5.0,10.285489970437608,False
11,employed,41,8.0,x1,0.16536492346151754,2.041862430323635,-0.9361313855992943,5.593466362848538,2.369456155663329,-0.9361313855992943,7.642233588866786,False
11,employed,42,14.0,x2,0.4783446438534451,-0.10827434893132404,0.38238931908595286,2.7920661575485934,-0.10827434893132404,2.0476348193015026,5.3742894217771315,False
11,employed,43,12.0,x1,0.3428070483460637,-0.00912539602182412,-2.901252764523143,6.974898646662403,-0.3248011545482831,-2.901252764523143,8.285552273719656,False
11,employed,44,13.0,x1,0.02228752685988633,0.3167690508956941,-0.9385217556802068,4.03628712385553,0.3210260324236714,-0.9385217556802068,4.055295412501934,False
11,employed,45,48.0,x1,-0.237384923087131,0.03282525968525157,0.009848348158585965,0.1279236304835618,0.18107989183278528,0.009848348158585965,1.1930184973655966,False
11,employed,46,43.0,x1,0.9738891624077892,-0.0003454061522631946,0.0038370837126220983,0.011291978913178458,0.008205330827752369,0.0038370837126220983,0.02780398059877287,False
11,employed,47,43.0,x1,-0.6682679405533143,-0.9323630810586182,-0.9501502141297273,3.612743300590957,-0.31539293463787044,-0.9501502141297273,4.04077827648441,False
11,employed,48,41.0,x2,-0.9357012097988775,0.6573578973082296,-0.7494209640600158,4.58984817553231,0.6573578973082296,-0.9241261313763771,4.497371643280918,True
11,employed,49,20.0,x2,0.7414667466357276,0.11746900320702498,-1.7641465650065324,5.629638084974321,0.11746900320702498,-4.433214252702994,11.119355506627267,False
11,employed,50,34.0,x2,0.06548085467575615,-1.046378366071603,-0.9055740164584274,3.8295452033029815,-1.046378366071603,-0.9647322312249026,3.735319016211666,True
11,onlooker,18,41.0,x2,0.4191168078964418,-0.00039114794970864127,-0.11174742302878027,0.6167880900019225,-0.00039114794970864127,0.2337657518447933,1.6338287019181519,False
11,onlooker,22,45.0,x2,-0.5401039643627352,-0.9569962563820364,1.15118158979412,4.368606385196184,-0.9569962563820364,0.5347429813277965,4.59683255433551,False
11,onlooker,8,33.0,x2,0.9439886854035406,0.06082728404045848,-0.26403080845577875,1.9483244701314821,0.06082728404045848,-1.283135082531121,4.60653466130907,False
11,onlooker,11,14.0,x1,-0.7210023040756202,0.00564174522832963,0.003725987116951143,0.020340098940959894,-0.5852786285554213,0.003725987116951143,3.2346302661132396,False
11,onlooker,45,12.0,x2,0.0063570534497756626,0.03282525968525157,0.009848348158585965,0.1279236304835618,0.03282525968525157,0.009831283981882087,0.12790093846958017,True
11,onlooker,50,1.0,x1,0.11297218102158824,-1.046378366071603,-0.9647322312249026,3.735319016211666,-1.1596639540851723,-0.9647322312249026,4.429553297115817,False
11,onlooker,25,41.0,x2,-0.28943692089444606,-0.8564698092883127,-0.9834021484577529,3.8446185314820487,-0.8564698092883127,-0.9697202444076691,3.834498960861876,True
11,onlooker,19,9.0,x1,0.48163046327157333,0.12303147094475753,-0.03946107725519147,0.7579916647113447,0.1734337933239582,-0.03946107725519147,1.1686976344224935,False
11,onlooker,38,7.0,x1,-0.2130858520233565,0.05964833157182434,0.0018221080958817388,0.2608883055276583,0.4242368872290465,0.0018221080958817388,2.8257993976595768,False
11,onlooker,45,1.0,x2,-0.4024818587547354,0.03282525968525157,0.009831283981882087,0.12790093846958017,0.03282525968525157,0.006538271057673501,0.1242314918156997,True
11,onlooker,29,17.0,x1,-0.4559096216446612,-0.22771683152500277,0.279722743961092,2.7356888131810213,-0.18908419085554212,0.279722743961092,2.5523687508824016,True
11,onlooker,21,9.0,x2,0.059250481918967646,-0.17686035506627584,-0.10371449112179221,1.4322106392008718,-0.17686035506627584,-0.11048051894856992,1.4662831699891368,False
11,onlooker,36,29.0,x1,-0.8137813382829382,0.013039077861083818,0.0015649090394172331,0.0417307826236919,-0.15144506625325396,0.0015649090394172331,0.9382999691057461,False
11,onlooker,44,9.0,x2,0.5296240012222573,0.3167690508956941,-0.9385217556802068,4.03628712385553,0.3167690508956941,-1.4411354085612404,5.9732796508064006,False
11,onlooker,17,40.0,x1,-0.5874541931893085,-0.14297933348735187,-0.9141607525105002,3.0744415150920053,0.5139409284541758,-0.9141607525105002,4.541772859881011,False
11,onlooker,9,26.0,x2,-0.934127970603279,0.018382105460621412,0.01047914254402485,0.07173182211543905,0.018382105460621412,1.3668862126576529,5.05861076213008,False
11,onlooker,9,37.0,x1,0.674766956610851,0.018382105460621412,0.01047914254402485,0.07173182211543905,-1.4613352967254416,0.01047914254402485,5.438819462233063,False
11,onlooker,4,45.0,x2,0.5950344081063581,0.013802333908446644,-0.014672735348913673,0.06775340039932987,0.013802333908446644,-0.027294013991397442,0.11125170236785964,False
11,onlooker,45,35.0,x2,0.3483061345879295,0.03282525968525157,0.006538271057673501,0.1242314918156997,0.03282525968525157,0.21061250542225485,1.4682783377004616,False
11,onlooker,27,33.0,x1,0.8382193291332103,1.9807564514235825,0.029603464441215865,4.919793461081095,3.5954482326579553,0.029603464441215865,9.60842416349653,False
11,onlooker,4,17.0,x2,-0.8550900528082563,0.013802333908446644,-0.014672735348913673,0.06775340039932987,0.013802333908446644,-0.7838159914440085,2.9884831713133093,False
11,onlooker,46,22.0,x2,0.3506889413523768,-0.0003454061522631946,0.0038370837126220983,0.011291978913178458,-0.0003454061522631946,-0.3985239464915641,2.7110821536540475,False
11,onlooker,44,50.0,x2,-0.6764350844154685,0.3167690508956941,-0.9385217556802068,4.03628712385553,0.3167690508956941,-0.9562514409178526,4.053943328729055,False
11,onlooker,40,45.0,x1,-0.9022492462982488,0.975270003324912,2.8389820910641355,7.500109923766933,0.12494994369828216,2.8389820910641355,7.4802463823012655,True
11,onlooker,38,18.0,x2,0.29719358294086407,0.05964833157182434,0.0018221080958817388,0.2608883055276583,0.05964833157182434,0.035574243963734015,0.3206539149595895,False
11,onlooker,25,13.0,x1,-0.7295572759920279,-0.8564698092883127,-0.9697202444076691,3.834498960861876,-0.13987239370000648,-0.9697202444076691,3.0581282149005102,True
11,onlooker,4,7.0,x2,0.2755800802691555,0.013802333908446644,-0.014672735348913673,0.06775340039932987,0.013802333908446644,-0.09965309294101636,0.5331623683131856,False
11,onlooker,17,11.0,x1,0.3837701854118061,-0.14297933348735187,-0.9141607525105002,3.0744415150920053,-0.20001567242217158,-0.9141607525105002,3.4051502891808814,False
11,onlooker,36,27.0,x2,0.8699156337317018,0.013039077861083818,0.0015649090394172331,0.0417307826236919,0.013039077861083818,-0.022826268651859855,0.09266600719728801,False
11,onlooker,18,42.0,x2,-0.8497211841356074,-0.00039114794970864127,-0.11174742302878027,0.6167880900019225,-0.00039114794970864127,0.308131034605862,2.192024465036259,False
11,onlooker,37,50.0,x1,0.6931964325756337,2.211313142893505,-0.19116399053864352,6.755129350697036,4.469533275340051,-0.19116399053864352,11.361505319959539,False
11,onlooker,31,32.0,x2,-0.2934209011261064,0.9897302434068218,0.9600266053149704,3.5883727767488947,0.9897302434068218,0.6816380075255526,4.506774647747466,False
11,onlooker,36,39.0,x2,0.9964569622357078,0.013039077861083818,0.0015649090394172331,0.0417307826236919,0.013039077861083818,-1.0077896676062579,2.663033677530493,False
11,onlooker,24,4.0,x2,0.19171590146197048,0.48092186582539265,-0.24374348874991925,3.565785184457543,0.48092186582539265,-0.2876599947367658,3.700731259198655,False
11,onlooker,4,13.0,x1,-0.3424401773885255,0.013802333908446644,-0.014672735348913673,0.06775340039932987,0.05214325456840905,-0.014672735348913673,0.2295812842775793,False
11,onlooker,36,10.0,x2,-0.6684941063152949,0.013039077861083818,0.0015649090394172331,0.0417307826236919,0.013039077861083818,-0.6154813432218771,3.2535511573996847,False
11,onlooker,1,44.0,x1,0.3870108487121213,-0.043604169900944956,0.0016495166485740696,0.1733324623009449,-0.18307251593457294,0.0016495166485740696,1.2074586562627059,False
11,onlooker,1,3.0,x1,0.11734859295011213,-0.043604169900944956,0.0016495166485740696,0.1733324623009449,0.06759194428634649,0.0016495166485740696,0.30849083235363084,False
11,onlooker,11,31.0,x2,-0.13079164863806936,0.00564174522832963,0.003725987116951143,0.020340098940959894,0.00564174522832963,0.128802121564675,0.7523710405571724,False
11,onlooker,46,15.0,x2,0.358290736877787,-0.0003454061522631946,0.0038370837126220983,0.011291978913178458,-0.0003454061522631946,-0.2112224489701103,1.4467935207084364,False
11,onlooker,2,48.0,x2,0.9615149358167043,-0.6022486188309921,1.0307512382805424,4.730615182963206,-0.6022486188309921,2.910395026895743,8.55867588524212,False
11,onlooker,37,23.0,x1,-0.5600131213454773,2.211313142893505,-0.19116399053864352,6.755129350697036,0.42080346963402104,-0.19116399053864352,3.211693772673176,True
11,onlooker,41,37.0,x2,-0.5560919208781019,2.041862430323635,-0.9361313855992943,5.593466362848538,2.041862430323635,-0.5218610358884612,6.8853327660411185,False
11,onlooker,21,24.0,x2,0.6528210999454183,-0.17686035506627584,-0.10371449112179221,1.4322106392008718,-0.17686035506627584,-0.012300606865943947,1.1584847358714012,True
11,onlooker,36,32.0,x1,0.2996548451265568,0.013039077861083818,0.0015649090394172331,0.0417307826236919,0.02730377946543973,0.0015649090394172331,0.09714771829391866,False
11,onlooker,11,20.0,x2,-0.9086754291265877,0.00564174522832963,0.003725987116951143,0.020340098940959894,0.00564174522832963,1.66827463822117,5.632312179273924,False
11,onlooker,38,22.0,x1,-0.12352328582485295,0.05964833157182434,0.0018221080958817388,0.2608883055276583,-0.06593094844829026,0.0018221080958817388,0.29833477112541873,False
11,onlooker,11,12.0,x2,0.17564385913805847,0.00564174522832963,0.003725987116951143,0.020340098940959894,0.00564174522832963,0.002179152894968269,0.01808000125212006,True
11,onlooker,10,4.0,x2,0.5350148319617967,0.15025401329343768,-0.921474271758184,3.10952364884259,0.15025401329343768,-1.4066265433828888,5.460492036832566,False
11,onlooker,18,20.0,x2,-0.13736343696841735,-0.00039114794970864127,-0.11174742302878027,0.6167880900019225,-0.00039114794970864127,0.15574233855875896,0.9744454723418277,False
12,employed,1,41.0,x1,-0.35832620812036575,-0.043604169900944956,0.0016495166485740696,0.1733324623009449,0.7036731691191995,0.0016495166485740696,3.1844563121737655,False
12,employed,2,39.0,x2,0.8790896815590865,-0.6022486188309921,1.0307512382805424,4.730615182963206,-0.6022486188309921,1.0450301650510072,4.771609580139639,False
12,employed,3,34.0,x1,-0.13663783764595072,-0.9911750899422593,2.9311694119468643,7.212463633331268,-0.9894923034384054,2.9311694119468643,7.212312277358507,True
12,employed,4,38.0,x1,-0.08420526049722898,0.013802333908446644,-0.014672735348913673,0.06775340039932987,0.017662808084446716,-0.014672735348913673,0.07893792935878752,False
12,employed,5,22.0,x2,0.05056632714536646,-0.9184614975949004,0.23939940772783308,3.631974879079515,-0.9184614975949004,0.19329393162415312,3.3635346620244815,True
12,employed,6,17.0,x1,-0.7914995674399976,-1.0058532642246867,0.9638618288424673,3.612025411166791,-0.3228889212908358,0.9638618288424673,4.09143261776509,False
12,employed,7,22.0,x1,-0.7522862377413961,1.770642056379323,0.29369627851124447,6.270212140558382,-0.28132270784721003,0.29369627851124447,3.0442366123316273,True
12,employed,8,22.0,x2,0.11386744242690061,0.06082728404045848,-0.26403080845577875,1.9483244701314821,0.06082728404045848,-0.42517742473533504,2.878614968701417,False
12,employed,9,47.0,x1,-0.9275553379093928,0.018382105460621412,0.01047914254402485,0.07173182211543905,-0.8634866672869606,0.01047914254402485,2.7333732932511343,False
12,employed,10,32.0,x2,-0.08452962669984543,0.15025401329343768,-0.921474271758184,3.10952364884259,0.15025401329343768,-0.8426307779138743,3.2334992585492874,False
12,employed,11,1.0,x1,-0.5009036481225593,0.00564174522832963,0.002179152894968269,0.01808000125212006,-0.019025713315057945,0.002179152894968269,0.06390076271191036,False
12,employed,12,6.0,x2,-0.5664117085371105,0.9117301116157679,0.012532638425876444,2.6198353992386214,0.9117301116157679,0.5513766305509639,4.563810866283916,False
12,employed,13,15.0,x1,-0.19738732923560742,0.12576618392263933,-0.9084355499450245,2.9883603811608705,0.009574137194638274,-0.9084355499450245,2.6238528217273296,True
12,employed,14,27.0,x1,-0.9980200121472278,-0.8139400653199125,-3.0988778417641782,8.179427862654382,1.975222986268246,-3.0988778417641782,8.363444521762496,False
12,employed,15,8.0,x1,-0.8128672287823986,-0.462883792638474,0.6040745739609096,4.345604845495636,-0.03717622105582391,0.6040745739609096,3.2651812909347275,True
12,employed,16,28.0,x1,-0.34185025919746037,0.11367054264879917,5.0,10.453097285755115,0.36387239182324715,5.0,11.687642204739937,False
12,employed,17,28.0,x1,-0.5563533956506443,-0.14297933348735187,-0.9141607525105002,3.0744415150920053,0.407006423204399,-0.9141607525105002,4.34541794705628,False
12,employed,18,2.0,x1,0.8827338025404936,-0.00039114794970864127,-0.11174742302878027,0.6167880900019225,0.5308887859087311,-0.11174742302878027,3.298538108646387,False
12,employed,19,6.0,x1,-0.7462825040765664,0.12303147094475753,-0.03946107725519147,0.7579916647113447,-0.7194354560313068,-0.03946107725519147,3.179906660900216,False
12,employed,20,8.0,x1,0.9625530479865454,0.02372847195734538,1.8355667057596583,5.173166082272086,-0.01198110268993521,1.8355667057596583,5.164149763456944,True
12,employed,21,32.0,x2,0.22057990340770117,-0.17686035506627584,-0.012300606865943947,1.1584847358714012,-0.17686035506627584,-0.01749711799674967,1.1628212717282165,False
12,employed,22,50.0,x2,-0.8231224614506905,-0.9569962563820364,1.15118158979412,4.368606385196184,-0.9569962563820364,-0.5904746027805934,4.596476816168639,False
12,employed,23,49.0,x1,-0.5919737068919182,-0.9859506443506905,-0.041441955996696596,2.655772257624616,-0.3327552253285758,-0.041441955996696596,2.3800351879351607,True
12,employed,24,32.0,x2,-0.15983286939441665,0.48092186582539265,-0.24374348874991925,3.565785184457543,0.48092186582539265,-0.20298590105534292,3.4374652276507693,True
12,employed,25,19.0,x1,0.8624866569589251,-0.13987239370000648,-0.9697202444076691,3.0581282149005102,-0.36662346901905074,-0.9697202444076691,4.276294063716435,False
12,employed,26,8.0,x1,0.9941380221524871,0.012033691579315858,1.46253615485855,5.442864040711033,-0.03647387392371897,1.46253615485855,5.4555165268389345,False
12,employed,27,19.0,x1,0.2975498077771088,1.9807564514235825,0.029603464441215865,4.919793461081095,2.53352216226779,0.029603464441215865,7.738845738246852,False
12,employed,28,49.0,x1,-0.8847978992420504,0.8455753531404764,1.0155475623878767,3.945728157704672,0.20134838429456137,1.0155475623878767,3.530424660605686,True
12,employed,29,47.0,x1,0.13562277070868656,-0.18908419085554212,0.279722743961092,2.5523687508824016,-0.08827864835692333,0.279722743961092,2.136915972475635,True
12,employed,30,36.0,x2,-0.7016316322273033,-0.7882302340052778,-0.046340672054662385,3.0130978445825254,-0.7882302340052778,-0.012728600998825855,2.974207863424429,True
12,employed,31,27.0,x2,0.34702742945048737,0.9897302434068218,0.9600266053149704,3.5883727767488947,0.9897302434068218,1.2829089561936382,5.327724903579689,False
12,employed,32,23.0,x1,-0.6900296437878866,-0.03456469640237362,0.011257800090110126,0.13765146274956708,-0.24032500085824238,0.011257800090110126,1.6898747425598377,False
12,employed,33,12.0,x2,0.708785581986997,0.05442079545141462,0.8155417434543013,2.944939914822687,0.05442079545141462,1.384703019302731,5.176234384514604,False
12,employed,34,2.0,x2,0.4177241568816248,-0.9788594200455047,-0.0021310931885494917,2.597617645071829,-0.9788594200455047,-0.4335909942594028,4.489038859333689,False
12,employed,35,50.0,x2,-0.9850340077864668,-0.8880368439532005,-0.5793665238894941,4.559463212172222,-0.8880368439532005,-0.9589648510495581,3.7190181050260134,True
12,employed,36,8.0,x2,0.34828860178626897,0.013039077861083818,0.0015649090394172331,0.0417307826236919,0.013039077861083818,0.09406887012623995,0.4920630923171925,False
12,employed,37,3.0,x2,0.1795799677117178,0.42080346963402104,-0.19116399053864352,3.211693772673176,0.42080346963402104,-0.751872522142209,4.364434646546258,False
12,employed,38,34.0,x1,0.17629269622814037,0.05964833157182434,0.0018221080958817388,0.2608883055276583,0.2427296631582672,0.0018221080958817388,1.70645036171975,False
12,employed,39,18.0,x1,0.39456459197327787,0.8067097113029637,1.014508382665242,4.109162924535234,1.1251631325152762,1.014508382665242,4.233143777084624,False
12,employed,40,30.0,x2,-0.5847256558121605,0.12494994369828216,2.8389820910641355,7.4802463823012655,0.12494994369828216,1.1715136864610702,3.983157868841197,True
12,employed,41,28.0,x2,0.763814434277855,2.041862430323635,-0.9361313855992943,5.593466362848538,2.041862430323635,-2.4268519371481148,8.911619624756234,False
12,employed,42,33.0,x2,-0.05641698521230576,-0.10827434893132404,0.38238931908595286,2.7920661575485934,-0.10827434893132404,0.4068264730062164,2.901922275691675,False
12,employed,43,16.0,x2,-0.8282275811248543,-0.00912539602182412,-2.901252764523143,6.974898646662403,-0.00912539602182412,3.6427827004939273,9.564358455045522,False
12,employed,44,12.0,x2,-0.9776264938262462,0.3167690508956941,-0.9385217556802068,4.03628712385553,0.3167690508956941,-0.008745782932231605,2.250884447095896,True
12,employed,45,50.0,x1,-0.5550354957425201,0.03282525968525157,0.006538271057673501,0.1242314918156997,-0.5661710597438294,0.006538271057673501,3.214245077933271,False
12,employed,46,40.0,x1,-0.6627102363900428,-0.0003454061522631946,0.0038370837126220983,0.011291978913178458,0.08268910476576483,0.0038370837126220983,0.4066970123778195,False
12,employed,47,14.0,x2,-0.1634453615432665,-0.9323630810586182,-0.9501502141297273,3.612743300590957,-0.9323630810586182,-1.3013497780864456,5.424474983635662,False
12,employed,48,16.0,x1,0.5967016255197222,0.6573578973082296,-0.9241261313763771,4.497371643280918,0.9817770256080294,-0.9241261313763771,3.6278184963228246,True
12,employed,49,47.0,x1,0.750588967301697,0.11746900320702498,-1.7641465650065324,5.629638084974321,0.9054613831761623,-1.7641465650065324,6.027042977653071,False
12,employed,50,8.0,x2,0.5533773526985806,-1.046378366071603,-0.9647322312249026,3.735319016211666,-1.046378366071603,-1.3524845295890093,5.81879017599033,False
12,onlooker,7,46.0,x1,0.035757151337156845,-0.28132270784721003,0.29369627851124447,3.0442366123316273,-0.2913696557462222,0.29369627851124447,3.0869271035215573,False
12,onlooker,15,8.0,x2,-0.9763818236419908,-0.03717622105582391,0.6040745739609096,3.2651812909347275,-0.03717622105582391,-0.24352774243652442,1.7431780777280221,True
12,onlooker,11,46.0,x2,0.594524384544455,0.00564174522832963,0.002179152894968269,0.01808000125212006,0.00564174522832963,0.001193472595985341,0.01719566218665891,True
12,onlooker,48,5.0,x2,0.18435748701133892,0.9817770256080294,-0.9241261313763771,3.6278184963228246,0.9817770256080294,-1.1301308861272068,4.220957676513031,False
12,onlooker,11,28.0,x2,-0.3590902288730897,0.00564174522832963,0.001193472595985341,0.01719566218665891,0.00564174522832963,0.3654381148577103,2.5428239350934807,False
12,onlooker,11,30.0,x1,-0.6333636762609194,0.00564174522832963,0.001193472595985341,0.01719566218665891,-0.49716793001960025,0.001193472595985341,3.076127087836483,False
12,onlooker,23,33.0,x1,-0.7436358536343919,-0.3327552253285758,-0.041441955996696596,2.3800351879351607,-0.04483725460908056,-0.041441955996696596,0.26954894018338793,True
12,onlooker,46,25.0,x2,0.6390559437686845,-0.0003454061522631946,0.0038370837126220983,0.011291978913178458,-0.0003454061522631946,0.6259946808474537,3.2524703481527486,False
12,onlooker,34,36.0,x2,0.43226188198567606,-0.9788594200455047,-0.0021310931885494917,2.597617645071829,-0.9788594200455047,-0.00372873406743364,2.5978794448350304,False
12,onlooker,45,31.0,x1,-0.4435656965572208,0.03282525968525157,0.006538271057673501,0.1242314918156997,0.45727548532878587,0.006538271057673501,2.9532032508622454,False
12,onlooker,4,31.0,x2,-0.8672943924588379,0.013802333908446644,-0.014672735348913673,0.06775340039932987,0.013802333908446644,0.8306785371421995,2.8375811577705368,False
12,onlooker,11,3.0,x1,0.09777517801313418,0.00564174522832963,0.001193472595985341,0.01719566218665891,0.10294115398365059,0.001193472595985341,0.5502220719165547,False
12,onlooker,8,31.0,x1,0.5817302617265352,0.06082728404045848,-0.26403080845577875,1.9483244701314821,-0.47954367763028916,-0.26403080845577875,3.625408672395871,False
12,onlooker,42,16.0,x1,0.09790906538899202,-0.10827434893132404,0.38238931908595286,2.7920661575485934,-0.13000476583379506,0.38238931908595286,2.8555770314462205,False
12,onlooker,30,24.0,x1,0.3102277828495297,-0.7882302340052778,-0.012728600998825855,2.974207863424429,-1.1819564760345718,-0.012728600998825855,3.771765515684088,False
12,onlooker,9,49.0,x2,-0.8038403458181351,0.018382105460621412,0.01047914254402485,0.07173182211543905,0.018382105460621412,-1.416036599911168,5.281379406284259,False
12,onlooker,43,30.0,x2,-0.5102905056125682,-0.00912539602182412,-2.901252764523143,6.974898646662403,-0.00912539602182412,-1.4272663086441986,5.322148542200672,True
12,onlooker,38,5.0,x1,0.5488356688975662,0.05964833157182434,0.0018221080958817388,0.2608883055276583,0.5964698939178279,0.0018221080958817388,3.2430401356668033,False
12,onlooker,32,6.0,x2,-0.8409888738152596,-0.03456469640237362,0.011257800090110126,0.13765146274956708,-0.03456469640237362,0.8123871894224342,2.918395722028141,False
12,onlooker,38,15.0,x1,0.7786037015344269,0.05964833157182434,0.0018221080958817388,0.2608883055276583,0.1350362866471262,0.0018221080958817388,0.8020803166728467,False
12,onlooker,38,35.0,x1,-0.4427878947330981,0.05964833157182434,0.0018221080958817388,0.2608883055276583,-0.3599751921686679,0.0018221080958817388,2.5121825497921226,False
12,onlooker,36,48.0,x2,-0.8168803312588622,0.013039077861083818,0.0015649090394172331,0.0417307826236919,0.013039077861083818,-0.7546138946987976,3.073008613290668,False
12,onlooker,14,12.0,x1,-0.2134997311986666,-0.8139400653199125,-3.0988778417641782,8.179427862654382,-0.44550994640658925,-3.0988778417641782,8.93534833772675,False
12,onlooker,38,24.0,x2,0.14146121224049257,0.05964833157182434,0.0018221080958817388,0.2608883055276583,0.05964833157182434,0.030794497346975876,0.3060753526264297,False
12,onlooker,13,7.0,x1,-0.46613270212454294,0.009574137194638274,-0.9084355499450245,2.6238528217273296,-0.12602239522422293,-0.9084355499450245,2.9896852195463564,False
12,onlooker,45,30.0,x1,-0.24402265360553255,0.03282525968525157,0.006538271057673501,0.1242314918156997,-0.167530880642512,0.006538271057673501,1.0757840529414975,False
12,onlooker,39,4.0,x1,-0.49221782415522863,0.8067097113029637,1.014508382665242,4.109162924535234,0.41642656724520577,1.014508382665242,4.5240445970672845,False
12,onlooker,10,50.0,x1,0.4121971647855205,0.15025401329343768,-0.921474271758184,3.10952364884259,0.6435024873582589,-0.921474271758184,4.51838761160635,False
12,onlooker,32,1.0,x2,-0.6313799958202853,-0.03456469640237362,0.011257800090110126,0.13765146274956708,-0.03456469640237362,0.005191322130952975,0.131070511718129,True
12,onlooker,33,19.0,x2,0.8485607673581217,0.05442079545141462,0.8155417434543013,2.944939914822687,0.05442079545141462,1.5410635930889072,5.649301247414609,False
12,onlooker,38,22.0,x1,0.4990299550765409,0.05964833157182434,0.0018221080958817388,0.2608883055276583,0.566984434627248,0.0018221080958817388,3.21478793555259,False
12,onlooker,48,23.0,x1,0.28505177577706675,0.9817770256080294,-0.9241261313763771,3.6278184963228246,1.2744152492220118,-0.9241261313763771,5.2653956272099265,False
12,onlooker,46,13.0,x2,0.7731158273325567,-0.0003454061522631946,0.0038370837126220983,0.011291978913178458,-0.0003454061522631946,0.709129495635704,3.174615249423518,False
12,onlooker,4,33.0,x2,0.5656763101115687,0.013802333908446644,-0.014672735348913673,0.06775340039932987,0.013802333908446644,-0.48430539831951547,3.042216009389844,False
12,onlooker,32,25.0,x2,0.23469419985137208,-0.03456469640237362,0.005191322130952975,0.131070511718129,-0.03456469640237362,0.23399741216558256,1.6629033352637745,False
12,onlooker,7,12.0,x2,-0.4602013120873161,-0.28132270784721003,0.29369627851124447,3.0442366123316273,-0.28132270784721003,0.1643044024327122,2.4469422511554524,True
12,onlooker,32,22.0,x2,-0.5110483150283209,-0.03456469640237362,0.005191322130952975,0.131070511718129,-0.03456469640237362,0.5908477174590689,3.2543081711200803,False
12,onlooker,45,19.0,x1,-0.10793656154021769,0.03282525968525157,0.006538271057673501,0.1242314918156997,0.04256180795817312,0.006538271057673501,0.1704353775682006,False
12,onlooker,19,9.0,x2,0.4632540308604667,0.12303147094475753,-0.03946107725519147,0.7579916647113447,0.12303147094475753,-0.06259608537923611,0.8350594475457496,False
12,onlooker,21,1.0,x1,0.928027404719594,-0.17686035506627584,-0.012300606865943947,1.1584847358714012,-0.3005257467480915,-0.012300606865943947,2.142804890004744,False
12,onlooker,42,36.0,x2,0.738183741037058,-0.10827434893132404,0.38238931908595286,2.7920661575485934,-0.10827434893132404,0.6635077067723351,3.393199648153207,False
12,onlooker,46,17.0,x2,0.2219173568333972,-0.0003454061522631946,0.0038370837126220983,0.011291978913178458,-0.0003454061522631946,0.20755673710603526,1.4158849487101794,False
12,onlooker,32,14.0,x2,-0.5560954971058656,-0.03456469640237362,0.005191322130952975,0.131070511718129,-0.03456469640237362,-1.7209675626162986,5.551428182871476,False
12,onlooker,4,34.0,x1,0.5618379820615598,0.013802333908446644,-0.014672735348913673,0.06775340039932987,0.5715174106196232,-0.014672735348913673,3.2230067552156645,False
12,onlooker,38,16.0,x2,-0.5894802990695955,0.05964833157182434,0.0018221080958817388,0.2608883055276583,0.05964833157182434,2.948149506618562,6.980676513361887,False
12,onlooker,21,28.0,x2,0.8381742559371115,-0.17686035506627584,-0.012300606865943947,1.1584847358714012,-0.17686035506627584,-0.8738164813465872,3.314407864423139,False
12,onlooker,45,46.0,x1,0.7005247702719593,0.03282525968525157,0.006538271057673501,0.1242314918156997,0.05606213275084453,0.006538271057673501,0.24230304780373446,False
12,onlooker,47,23.0,x1,-0.9050530051338113,-0.9323630810586182,-0.9501502141297273,3.612743300590957,-0.12910516469659472,-0.9501502141297273,2.9840751858242247,True
12,onlooker,4,21.0,x1,-0.48462581745400546,0.013802333908446644,-0.014672735348913673,0.06775340039932987,-0.07859772759390704,-0.014672735348913673,0.3879442828984492,False
12,onlooker,8,48.0,x2,-0.6091608231787551,0.06082728404045848,-0.26403080845577875,1.9483244701314821,0.06082728404045848,-0.6661350187425366,3.2867624689816286,False
13,employed,1,49.0,x1,0.5216776806424142,-0.043604169900944956,0.0016495166485740696,0.1733324623009449,-0.1276324492616248,0.0016495166485740696,0.7419621447534941,False
13,employed,2,33.0,x1,0.3520379201787567,-0.6022486188309921,1.0307512382805424,4.730615182963206,-0.8334211536799729,1.0307512382805424,4.039119571714981,True
13,employed,3,18.0,x2,0.29285407611656433,-0.9894923034384054,2.9311694119468643,7.212312277358507,-0.9894923034384054,3.8223000103531968,9.224532753923706,False
13,employed,4,11.0,x1,0.875410865071959,0.013802333908446644,-0.014672735348913673,0.06775340039932987,0.020946201904404316,-0.014672735348913673,0.08967289517170984,False
13,employed,5,16.0,x1,-0.48962697541291567,-0.9184614975949004,0.19329393162415312,3.3635346620244815,-0.413101808503616,0.19329393162415312,3.1910253746074386,True
13,employed,6,36.0,x1,0.31289743613236376,-1.0058532642246867,0.9638618288424673,3.612025411166791,-1.3246620657582235,0.9638618288424673,5.555888995968516,False
13,employed,7,24.0,x1,0.2648924693815726,-0.28132270784721003,0.1643044024327122,2.4469422511554524,-0.4832355552400498,0.1643044024327122,3.3250763622362602,False
13,employed,8,9.0,x1,0.3466566148039101,0.06082728404045848,-0.26403080845577875,1.9483244701314821,0.07554118596169224,-0.26403080845577875,1.9872679833812197,False
13,employed,9,15.0,x2,-0.45432804664708537,0.018382105460621412,0.01047914254402485,0.07173182211543905,0.018382105460621412,-0.10492330934409898,0.5775659005848586,False
13,employed,10,8.0,x2,-0.33524572992767077,0.15025401329343768,-0.921474271758184,3.10952364884259,0.15025401329343768,-0.7010691580171933,3.4943058510702945,False
13,employed,11,18.0,x2,-0.09164197659546147,0.00564174522832963,0.001193472595985341,0.01719566218665891,0.00564174522832963,-0.009156654317529888,0.03349793592099504,False
13,employed,12,10.0,x1,-0.6139849276824674,0.9117301116157679,0.012532638425876444,2.6198353992386214,0.4441952644554046,0.012532638425876444,2.9071834215011774,False
13,employed,13,28.0,x1,-0.7422451906590497,0.009574137194638274,-0.9084355499450245,2.6238528217273296,0.15191764979681638,-0.9084355499450245,3.1299143176628736,False
13,employed,14,35.0,x2,0.8878942517251931,-0.8139400653199125,-3.0988778417641782,8.179427862654382,-0.8139400653199125,-4.998894285411756,10.942048475276433,False
13,employed,15,22.0,x1,0.8022106263013535,-0.03717622105582391,-0.24352774243652442,1.7431780777280221,0.7007131855677502,-0.24352774243652442,3.8338710506905262,False
13,employed,16,5.0,x2,-0.9140847452487109,0.11367054264879917,5.0,10.453097285755115,0.11367054264879917,0.606263308003232,3.403722243487057,True
13,employed,17,37.0,x1,0.5220431459629931,-0.14297933348735187,-0.9141607525105002,3.0744415150920053,-0.43729828166866813,-0.9141607525105002,4.4207579671566215,False
13,employed,18,43.0,x2,-0.8863646432000372,-0.00039114794970864127,-0.11174742302878027,0.6167880900019225,-0.00039114794970864127,-1.277776850700201,4.513036854276482,False
13,employed,19,40.0,x1,-0.24692253440683642,0.12303147094475753,-0.03946107725519147,0.7579916647113447,0.1235051850992483,-0.03946107725519147,0.7616605472451252,False
13,employed,20,15.0,x1,-0.6539521573134062,-0.01198110268993521,1.8355667057596583,5.164149763456944,-0.028457504699074748,1.8355667057596583,5.1784422457188946,False
13,employed,21,50.0,x1,-0.8726728213622728,-0.17686035506627584,-0.012300606865943947,1.1584847358714012,-0.9356650909556065,-0.012300606865943947,2.5902958287209477,False
13,employed,22,42.0,x1,0.27898887098105507,-0.9569962563820364,1.15118158979412,4.368606385196184,-1.193780223118598,1.15118158979412,5.309322961968984,False
13,employed,23,38.0,x1,0.42343423984359285,-0.04483725460908056,-0.041441955996696596,0.26954894018338793,-0.08908002936820422,-0.041441955996696596,0.5177368564518123,False
13,employed,24,44.0,x1,-0.6324158602877834,0.48092186582539265,-0.20298590105534292,3.4374652276507693,0.37710902215296604,-0.20298590105534292,3.0852149906722173,True
13,employed,25,1.0,x1,0.19705697808653233,-0.13987239370000648,-0.9697202444076691,3.0581282149005102,-0.15884271896760754,-0.9697202444076691,3.170684232381888,False
13,employed,26,18.0,x1,-0.7524253377657246,0.012033691579315858,1.46253615485855,5.442864040711033,0.0026849275000046732,1.46253615485855,5.441380647203683,True
13,employed,27,10.0,x1,-0.3365013750815542,1.9807564514235825,0.029603464441215865,4.919793461081095,1.3647898639026512,0.029603464441215865,5.05462534087329,False
13,employed,28,4.0,x1,-0.8861735957430983,0.20134838429456137,1.0155475623878767,3.530424660605686,0.0351500264564818,1.0155475623878767,2.7163619268343173,True
13,employed,29,46.0,x2,-0.3757945012926076,-0.08827864835692333,0.279722743961092,2.136915972475635,-0.08827864835692333,0.17604642985423646,1.3538134944150184,True
13,employed,30,50.0,x2,0.9287340166607998,-0.7882302340052778,-0.012728600998825855,2.974207863424429,-0.7882302340052778,0.8714295543767011,4.189115541639399,False
13,employed,31,7.0,x2,0.4298486057923818,0.9897302434068218,0.9600266053149704,3.5883727767488947,0.9897302434068218,1.302066684821952,5.445680068900931,False
13,employed,32,30.0,x1,0.3812941462103072,-0.03456469640237362,0.005191322130952975,0.131070511718129,0.2528035612860579,0.005191322130952975,1.7870029448233642,False
13,employed,33,5.0,x1,-0.6228798427308839,0.05442079545141462,0.8155417434543013,2.944939914822687,-0.2367896105732282,0.8155417434543013,3.7083426211273935,False
13,employed,34,4.0,x2,0.20826841043414235,-0.9788594200455047,-0.0021310931885494917,2.597617645071829,-0.9788594200455047,0.00048093468842337964,2.5974970983353214,True
13,employed,35,50.0,x1,0.34396907531588283,-0.8880368439532005,-0.9589648510495581,3.7190181050260134,-0.8335722570060241,-0.9589648510495581,3.9240749185482113,False
13,employed,36,35.0,x1,0.9691700830865622,0.013039077861083818,0.0015649090394172331,0.0417307826236919,0.8863349038731343,0.0015649090394172331,2.6688840090167365,False
13,employed,37,34.0,x1,-0.9196368547430593,0.42080346963402104,-0.19116399053864352,3.211693772673176,-0.8663781079314397,-0.19116399053864352,3.4037805668327974,False
13,employed,38,44.0,x1,-0.2706434192424074,0.05964833157182434,0.0018221080958817388,0.2608883055276583,0.1292363622077038,0.0018221080958817388,0.7549153249066447,False
13,employed,39,1.0,x2,0.01446835512164113,0.8067097113029637,1.014508382665242,4.109162924535234,0.8067097113029637,1.0291627844268738,4.14851518351632,False
13,employed,40,47.0,x2,-0.4853386256100336,0.12494994369828216,1.1715136864610702,3.983157868841197,0.12494994369828216,0.14178824494190967,1.2953529757938154,True
13,employed,41,25.0,x2,-0.6524462244352185,2.041862430323635,-0.9361313855992943,5.593466362848538,2.041862430323635,-0.9580463097119061,5.554132603298399,True
13,employed,42,3.0,x1,-0.8389101065737736,-0.10827434893132404,0.38238931908595286,2.7920661575485934,-0.8475369970615825,0.38238931908595286,4.261313433924496,False
13,employed,43,36.0,x2,0.7281489414842981,-0.00912539602182412,-1.4272663086441986,5.322148542200672,-0.00912539602182412,-2.467668247360244,7.600679773644826,False
13,employed,44,8.0,x1,-0.42336286437906256,0.3167690508956941,-0.008745782932231605,2.250884447095896,0.20841281136562334,-0.008745782932231605,1.4250292373539364,True
13,employed,45,10.0,x1,-0.9462884461471441,0.03282525968525157,0.006538271057673501,0.1242314918156997,0.14394673247013784,0.006538271057673501,0.8768680080195854,False
13,employed,46,28.0,x1,0.39984434027529514,-0.0003454061522631946,0.0038370837126220983,0.011291978913178458,-0.014538053986493034,0.0038370837126220983,0.04853735354958788,False
13,employed,47,32.0,x1,-0.22389290539550477,-0.12910516469659472,-0.9501502141297273,2.9840751858242247,-0.10793822457274996,-0.9501502141297273,2.8730137940227185,True
13,employed,48,28.0,x1,-0.8118013867275506,0.9817770256080294,-0.9241261313763771,3.6278184963228246,0.21330391498306311,-0.9241261313763771,3.4806327109869497,True
13,employed,49,8.0,x2,0.8635892391059667,0.11746900320702498,-1.7641465650065324,5.629638084974321,0.11746900320702498,-3.0596303897770696,7.442013085467455,False
13,employed,50,38.0,x2,0.8454781916503347,-1.046378366071603,-0.9647322312249026,3.735319016211666,-1.046378366071603,-1.7819328461656232,6.003001250926108,False
13,onlooker,46,32.0,x2,0.8564772962243303,-0.0003454061522631946,0.0038370837126220983,0.011291978913178458,-0.0003454061522631946,0.0026772092536469557,0.007829076263274448,True
13,onlooker,20,1.0,x1,-0.8748577683076812,-0.01198110268993521,1.8355667057596583,5.164149763456944,-0.039646788697203006,1.8355667057596583,5.194603580050231,False
13,onlooker,5,6.0,x2,-0.2965952182994731,-0.413101808503616,0.19329393162415312,3.1910253746074386,-0.413101808503616,0.42184068531418495,3.9007382565045003,False
13,onlooker,36,40.0,x2,0.18042654868924934,0.013039077861083818,0.0015649090394172331,0.0417307826236919,0.013039077861083818,-0.023735103503162786,0.09602357217512791,False
13,onlooker,8,38.0,x2,-0.2903961617248021,0.06082728404045848,-0.26403080845577875,1.9483244701314821,0.06082728404045848,-0.18682814190583244,1.3369516584640526,True
13,onlooker,1,15.0,x2,-0.3387988917180442,-0.043604169900944956,0.0016495166485740696,0.1733324623009449,-0.043604169900944956,-0.08141626700392508,0.4751747403138933,False
13,onlooker,12,41.0,x2,0.5198527951881806,0.9117301116157679,0.012532638425876444,2.6198353992386214,0.9117301116157679,0.517090817566107,4.54319179836255,False
13,onlooker,36,7.0,x1,0.615667819412564,0.013039077861083818,0.0015649090394172331,0.0417307826236919,0.19426815658649754,0.0015649090394172331,1.3031100714052326,False
13,onlooker,36,10.0,x1,0.2961878605630328,0.013039077861083818,0.0015649090394172331,0.0417307826236919,-0.02760232030191976,0.0015649090394172331,0.09842181856969079,False
13,onlooker,23,22.0,x1,-0.7757536730552224,-0.04483725460908056,-0.041441955996696596,0.26954894018338793,-0.7524479506448363,-0.041441955996696596,3.1064217157367087,False
13,onlooker,26,5.0,x1,-0.6714932254914667,0.0026849275000046732,1.46253615485855,5.441380647203683,-0.27651304897563556,1.46253615485855,5.948645794829375,False
13,onlooker,7,48.0,x1,-0.43027061911221987,-0.28132270784721003,0.1643044024327122,2.4469422511554524,-0.06849940461264195,0.1643044024327122,1.1798708842820642,True
13,onlooker,18,16.0,x2,0.7965008903562876,-0.00039114794970864127,-0.11174742302878027,0.6167880900019225,-0.00039114794970864127,-0.683643609581147,3.2148687945091443,False
13,onlooker,29,47.0,x2,-0.4001501883442089,-0.08827864835692333,0.17604642985423646,1.3538134944150184,-0.08827864835692333,-0.2746013693485626,2.1013916999744287,False
13,onlooker,5,29.0,x2,-0.308926016419965,-0.413101808503616,0.19329393162415312,3.1910253746074386,-0.413101808503616,0.18796572960917649,3.172905570689274,True
13,onlooker,40,45.0,x2,-0.05485297818585644,0.12494994369828216,0.14178824494190967,1.2953529757938154,0.12494994369828216,0.1343693810748,1.2452194589134966,True
13,onlooker,48,28.0,x2,-0.4581592132273751,0.21330391498306311,-0.9241261313763771,3.4806327109869497,0.21330391498306311,-0.03544675792351015,1.4950009463692777,True
13,onlooker,23,2.0,x2,0.6080023205261351,-0.04483725460908056,-0.041441955996696596,0.26954894018338793,-0.04483725460908056,-0.6933379061695871,3.231969317016763,False
13,onlooker,4,17.0,x2,0.13063309400988676,0.013802333908446644,-0.014672735348913673,0.06775340039932987,0.013802333908446644,0.1028301673577225,0.5565269180942676,False
13,onlooker,1,5.0,x1,0.39223271522602565,-0.043604169900944956,0.0016495166485740696,0.1733324623009449,0.10132489215778545,0.0016495166485740696,0.5382864358254769,False
13,onlooker,4,25.0,x1,-0.32260873315849925,0.013802333908446644,-0.014672735348913673,0.06775340039932987,-0.03577447528379387,-0.014672735348913673,0.1487374654673279,False
13,onlooker,11,10.0,x1,0.5268225874651589,0.00564174522832963,0.001193472595985341,0.01719566218665891,-0.07054326401293576,0.001193472595985341,0.3268128187819781,False
13,onlooker,46,7.0,x1,0.9193624383482539,-0.0003454061522631946,0.0026772092536469557,0.007829076263274448,0.06231282005545376,0.0026772092536469557,0.2767455405788941,False
13,onlooker,32,33.0,x1,0.4198527562851637,-0.03456469640237362,0.005191322130952975,0.131070511718129,-0.0719255004265776,0.005191322130952975,0.3366928307957875,False
13,onlooker,36,42.0,x2,-0.03306269730460509,0.013039077861083818,0.0015649090394172331,0.0417307826236919,0.013039077861083818,0.014155991234990652,0.06427524722599687,False
13,onlooker,27,16.0,x1,-0.7894848124337659,1.9807564514235825,0.029603464441215865,4.919793461081095,0.5067204829367953,0.029603464441215865,3.111775727813989,True
13,onlooker,34,2.0,x1,-0.44872989783326345,-0.9788594200455047,0.00048093468842337964,2.5974970983353214,-0.9135969216382527,0.00048093468842337964,2.6126365555179274,False
13,onlooker,4,11.0,x1,0.27746182579476164,0.013802333908446644,-0.014672735348913673,0.06775340039932987,0.016066585743191975,-0.014672735348913673,0.07410887698799273,False
13,onlooker,32,21.0,x1,-0.8196560470210177,-0.03456469640237362,0.005191322130952975,0.131070511718129,-0.15119819349107974,0.005191322130952975,0.9369823898377772,False
13,onlooker,21,18.0,x1,0.4409183057118995,-0.17686035506627584,-0.012300606865943947,1.1584847358714012,-0.25466885887843493,-0.012300606865943947,1.8042921295952756,False
13,onlooker,30,25.0,x2,-0.026035835390009643,-0.7882302340052778,-0.012728600998825855,2.974207863424429,-0.7882302340052778,-0.037644677896233304,2.9989278872501903,False
13,onlooker,47,38.0,x1,-0.006040879079744377,-0.10793822457274996,-0.9501502141297273,2.8730137940227185,-0.1069258544516898,-0.9501502141297273,2.8680076459307426,True
13,onlooker,23,2.0,x1,0.8850185266396133,-0.04483725460908056,-0.041441955996696596,0.26954894018338793,0.6530741058783622,-0.041441955996696596,3.2682168010825845,False
13,onlooker,15,13.0,x1,0.9988178507753427,-0.03717622105582391,-0.24352774243652442,1.7431780777280221,-0.08387131340652786,-0.24352774243652442,1.8614531307038722,False
13,onlooker,36,3.0,x1,-0.8762290459488471,0.013039077861083818,0.0015649090394172331,0.0417307826236919,-0.8654080379087474,0.0015649090394172331,2.7251977304522588,False
13,onlooker,1,31.0,x1,-0.8568709998760964,-0.043604169900944956,0.0016495166485740696,0.1733324623009449,0.8418301220364605,0.0016495166485740696,2.7974109044866897,False
13,onlooker,46,47.0,x2,0.09210813349615954,-0.0003454061522631946,0.0026772092536469557,0.007829076263274448,-0.0003454061522631946,0.09044036476544452,0.4596028936433574,False
13,onlooker,32,15.0,x1,-0.8720549151834533,-0.03456469640237362,0.005191322130952975,0.131070511718129,-0.03684208931253771,0.005191322130952975,0.14168368737416204,False
13,onlooker,37,5.0,x2,-0.8288847179632137,0.42080346963402104,-0.19116399053864352,3.211693772673176,0.42080346963402104,0.12309084061755438,2.9990603997271426,True
13,onlooker,15,1.0,x1,-0.131928768487368,-0.03717622105582391,-0.24352774243652442,1.7431780777280221,-0.03802425243086053,-0.24352774243652442,1.744566274494542,False
13,onlooker,36,41.0,x1,0.20861460759784256,0.013039077861083818,0.0015649090394172331,0.0417307826236919,-0.4102031096982307,0.0015649090394172331,2.764957362780312,False
13,onlooker,44,20.0,x2,0.6975441701209533,0.20841281136562334,-0.008745782932231605,1.4250292373539364,0.20841281136562334,-1.295235207300526,5.115980483871883,False
13,onlooker,25,11.0,x2,0.8882912933209319,-0.13987239370000648,-0.9697202444076691,3.0581282149005102,-0.13987239370000648,-1.8321744457878788,5.5341668223621205,False
13,onlooker,12,2.0,x2,-0.5146519140899461,0.9117301116157679,0.012532638425876444,2.6198353992386214,0.9117301116157679,0.5365607898030653,4.557340118277157,False
13,onlooker,18,19.0,x1,0.04933501888714331,-0.00039114794970864127,-0.11174742302878027,0.6167880900019225,-0.00648020518396782,-0.11174742302878027,0.6183057975450521,False
13,onlooker,45,15.0,x2,0.041541215918337704,0.03282525968525157,0.006538271057673501,0.1242314918156997,0.03282525968525157,0.016926317318073928,0.14042862833050807,False
13,onlooker,17,42.0,x2,-0.6847969734230432,-0.14297933348735187,-0.9141607525105002,3.0744415150920053,-0.14297933348735187,-0.026287187589819072,0.8893768167607452,True
13,onlooker,4,26.0,x2,0.3437751715309838,0.013802333908446644,-0.014672735348913673,0.06775340039932987,0.013802333908446644,-0.5225004749670787,3.140220006680615,False
13,onlooker,40,29.0,x1,0.5476995226380013,0.12494994369828216,0.1343693810748,1.2452194589134966,0.24173514177969133,0.1343693810748,2.0548414252886293,False
13,onlooker,19,2.0,x2,-0.7678013841968869,0.12303147094475753,-0.03946107725519147,0.7579916647113447,0.12303147094475753,0.7822494199977006,3.2554243792062754,False
13,scout,36,,,,0.013039077861083818,0.0015649090394172331,,-4.612773987710038,-1.7105634952350735,12.139166728890316,
14,employed,1,26.0,x1,-0.28736503268612124,-0.043604169900944956,0.0016495166485740696,0.1733324623009449,-0.030302301913310015,0.0016495166485740696,0.11017280568424015,True
14,employed,2,29.0,x2,-0.03878170301442463,-0.8334211536799729,1.0307512382805424,4.039119571714981,-0.8334211536799729,0.9976043302351527,3.959470339134793,True
14,employed,3,35.0,x2,0.3339243271268124,-0.9894923034384054,2.9311694119468643,7.212312277358507,-0.9894923034384054,4.230179878150903,10.146371245284888,False
14,employed,4,17.0,x2,-0.30757108927781696,0.013802333908446644,-0.014672735348913673,0.06775340039932987,0.013802333908446644,-0.018245005076014127,0.07859550230321277,False
14,employed,5,30.0,x1,0.19286493578168362,-0.413101808503616,0.18796572960917649,3.172905570689274,-0.3407526888093539,0.18796572960917649,2.8660524198763615,True
14,employed,6,17.0,x1,-0.3393642284491496,-1.0058532642246867,0.9638618288424673,3.612025411166791,-0.7130247184711261,0.9638618288424673,4.386763421241838,False
14,employed,7,36.0,x2,0.2948216457521391,-0.06849940461264195,0.1643044024327122,1.1798708842820642,-0.06849940461264195,0.7170560415909819,3.233920144766014,False
14,employed,8,7.0,x1,-0.11791624064921313,0.06082728404045848,-0.18682814190583244,1.3369516584640526,0.04557756709887363,-0.18682814190583244,1.2949122539238336,True
14,employed,9,45.0,x1,-0.9273886477910496,0.018382105460621412,0.01047914254402485,0.07173182211543905,0.031776522726838764,0.01047914254402485,0.12419580470716385,False
14,employed,10,43.0,x2,-0.6736436858717127,0.15025401329343768,-0.921474271758184,3.10952364884259,0.15025401329343768,-1.2621978837706402,4.718487751859151,False
14,employed,11,26.0,x1,-0.15132714215397702,0.00564174522832963,0.001193472595985341,0.01719566218665891,0.005194298451631999,0.001193472595985341,0.015830723763862853,True
14,employed,12,1.0,x2,0.830793874179264,0.9117301116157679,0.012532638425876444,2.6198353992386214,0.9117301116157679,0.021574269330406202,2.627892587807534,False
14,employed,13,24.0,x2,0.90853655352123,0.009574137194638274,-0.9084355499450245,2.6238528217273296,0.009574137194638274,-1.5493623426300176,5.630511320455099,False
14,employed,14,16.0,x1,0.7325515468319448,-0.8139400653199125,-3.0988778417641782,8.179427862654382,-1.493462651045113,-3.0988778417641782,9.511447230695659,False
14,employed,15,47.0,x1,0.11366483274156125,-0.03717622105582391,-0.24352774243652442,1.7431780777280221,-0.0292481406420976,-0.24352774243652442,1.7316658174445583,True
14,employed,16,10.0,x2,0.37049486421144007,0.11367054264879917,0.606263308003232,3.403722243487057,0.11367054264879917,1.1722822351676518,3.942091937445316,False
14,employed,17,28.0,x2,0.8890593317052518,-0.14297933348735187,-0.026287187589819072,0.8893768167607452,-0.14297933348735187,-0.9525400941522972,3.0632184937467213,False
14,employed,18,23.0,x2,-0.462972704720356,-0.00039114794970864127,-0.11174742302878027,0.6167880900019225,-0.00039114794970864127,-0.07919791080030866,0.38269618731511246,True
14,employed,19,7.0,x2,0.39726713737335895,0.12303147094475753,-0.03946107725519147,0.7579916647113447,0.12303147094475753,-0.12041040606631426,1.1417979637381035,False
14,employed,20,49.0,x1,-0.943312458857203,-0.01198110268993521,1.8355667057596583,5.164149763456944,0.11013079500305162,1.8355667057596583,5.399634672587236,False
14,employed,21,38.0,x1,0.8538607251193333,-0.17686035506627584,-0.012300606865943947,1.1584847358714012,-0.3788058337361052,-0.012300606865943947,2.6156774906609894,False
14,employed,22,4.0,x2,-0.7796599097877337,-0.9569962563820364,1.15118158979412,4.368606385196184,-0.9569962563820364,0.24221171182746315,3.6651174072292396,True
14,employed,23,35.0,x1,0.2959267517915767,-0.04483725460908056,-0.041441955996696596,0.26954894018338793,0.2046880609775162,-0.041441955996696596,1.4347384669046552,False
14,employed,24,4.0,x2,0.6688455043023129,0.37710902215296604,-0.20298590105534292,3.0852149906722173,0.37710902215296604,-0.3289383153390246,3.533812317108478,False
14,employed,25,27.0,x1,0.8143947466732251,-0.13987239370000648,-0.9697202444076691,3.0581282149005102,-0.6664542356693466,-0.9697202444076691,4.512445691446601,False
14,employed,26,45.0,x1,0.6250155381003315,0.0026849275000046732,1.46253615485855,5.441380647203683,-0.01615324843928016,1.46253615485855,5.444113415138528,False
14,employed,27,26.0,x1,-0.4965787165011355,0.5067204829367953,0.029603464441215865,3.111775727813989,0.2564271537470569,0.029603464441215865,1.8333204512038503,True
14,employed,28,25.0,x2,-0.7983772443964399,0.0351500264564818,1.0155475623878767,2.7163619268343173,0.0351500264564818,-0.569445078590515,3.2332852693360334,False
14,employed,29,34.0,x2,-0.7320455615419847,-0.08827864835692333,0.17604642985423646,1.3538134944150184,-0.08827864835692333,0.04752448835818224,0.5330810436511269,True
14,employed,30,26.0,x2,-0.8912360516663644,-0.7882302340052778,-0.012728600998825855,2.974207863424429,-0.7882302340052778,1.302080535174045,5.632453871999559,False
14,employed,31,15.0,x1,-0.5358390786604244,0.9897302434068218,0.9600266053149704,3.5883727767488947,0.4437218049231607,0.9600266053149704,4.481332410869346,False
14,employed,32,31.0,x1,0.5735734240450174,-0.03456469640237362,0.005191322130952975,0.131070511718129,-0.6220730522607189,0.005191322130952975,3.252678455796478,False
14,employed,33,3.0,x2,0.7005673703107684,0.05442079545141462,0.8155417434543013,2.944939914822687,0.05442079545141462,-0.6665979688182357,3.2761133804344955,False
14,employed,34,44.0,x1,-0.31546185142395444,-0.9788594200455047,0.00048093468842337964,2.5974970983353214,-0.6043203237803005,0.00048093468842337964,3.2473813282095887,False
14,employed,35,33.0,x1,-0.19477393659310094,-0.8880368439532005,-0.9589648510495581,3.7190181050260134,-0.7044706594541223,-0.9589648510495581,4.4076263750040106,False
14,employed,36,8.0,x1,0.05732483712622072,-4.612773987710038,-1.7105634952350735,12.139166728890316,-4.879813231866136,-1.7105634952350735,11.81934441179696,True
14,employed,37,5.0,x2,0.7569443107919758,0.42080346963402104,0.12309084061755438,2.9990603997271426,0.42080346963402104,0.07398416248208504,2.883355840149705,True
14,employed,38,47.0,x2,0.6432262740228072,0.05964833157182434,0.0018221080958817388,0.2608883055276583,0.05964833157182434,0.6141557178938996,3.2970458013540243,False
14,employed,39,28.0,x2,0.11519718225090991,0.8067097113029637,1.014508382665242,4.109162924535234,0.8067097113029637,1.014388672089342,4.108875508948266,True
14,employed,40,50.0,x2,-0.5041966203376342,0.12494994369828216,0.1343693810748,1.2452194589134966,0.12494994369828216,-0.41979393725435477,3.0002614060521826,False
14,employed,41,4.0,x2,0.12388184720235551,2.041862430323635,-0.9580463097119061,5.554132603298399,2.041862430323635,-1.0749131707058823,5.756441135422172,False
14,employed,42,17.0,x2,-0.3553224543839115,-0.10827434893132404,0.38238931908595286,2.7920661575485934,-0.10827434893132404,0.23717737968487457,1.9066752011791768,True
14,employed,43,1.0,x1,0.19247881909586595,-0.00912539602182412,-1.4272663086441986,5.322148542200672,-0.005049290183726628,-1.4272663086441986,5.3215020306332015,True
14,employed,44,13.0,x1,-0.624282903614638,0.20841281136562334,-0.008745782932231605,1.4250292373539364,0.08428122650327587,-0.008745782932231605,0.4200753252967293,True
14,employed,45,2.0,x1,-0.2712768470487774,0.03282525968525157,0.006538271057673501,0.1242314918156997,-0.20216733609977847,0.006538271057673501,1.3713478843336948,False
14,employed,46,44.0,x1,-0.32665838480525533,-0.0003454061522631946,0.0026772092536469557,0.007829076263274448,0.02729859298250287,0.0026772092536469557,0.09749399658156266,False
14,employed,47,34.0,x1,0.5130939268038146,-0.1069258544516898,-0.9501502141297273,2.8680076459307426,0.3404579626308922,-0.9501502141297273,4.149220882593575,False
14,employed,48,17.0,x1,0.6432814700240825,0.21330391498306311,-0.03544675792351015,1.4950009463692777,0.4424943268040671,-0.03544675792351015,2.915119871792158,False
14,employed,49,34.0,x1,0.11848445740190305,0.11746900320702498,-1.7641465650065324,5.629638084974321,0.2473668815703849,-1.7641465650065324,6.118211624230305,False
14,employed,50,1.0,x2,-0.9298184681543837,-1.046378366071603,-0.9647322312249026,3.735319016211666,-1.046378366071603,-0.0661726347648307,2.923832545400448,True
14,onlooker,50,39.0,x2,0.8751305175458941,-1.046378366071603,-0.0661726347648307,2.923832545400448,-1.046378366071603,-1.0118048104721904,3.7812098328305273,False
14,onlooker,46,2.0,x1,0.5836945795821478,-0.0003454061522631946,0.0026772092536469557,0.007829076263274448,0.48591639206100684,0.0026772092536469557,3.0446334518168183,False
14,onlooker,21,40.0,x1,-0.9865684316732297,-0.17686035506627584,-0.012300606865943947,1.1584847358714012,0.12089615804870307,-0.012300606865943947,0.693392636334377,True
14,onlooker,12,38.0,x2,0.5860415772031795,0.9117301116157679,0.012532638425876444,2.6198353992386214,0.9117301116157679,0.018809454513149033,2.624979862438281,False
14,onlooker,31,15.0,x1,-0.37927481742427416,0.9897302434068218,0.9600266053149704,3.5883727767488947,0.6032574028373859,0.9600266053149704,4.591631376489513,False
14,onlooker,48,22.0,x2,-0.10574889951232591,0.21330391498306311,-0.03544675792351015,1.4950009463692777,0.21330391498306311,-0.006084680307068293,1.4652024421500411,True
14,onlooker,27,21.0,x1,0.10534312919482836,0.2564271537470569,0.029603464441215865,1.8333204512038503,0.2707044129368123,0.029603464441215865,1.9419633730979844,False
14,onlooker,20,42.0,x2,0.8181020395965679,-0.01198110268993521,1.8355667057596583,5.164149763456944,-0.01198110268993521,3.1432122734908226,7.648965302713103,False
14,onlooker,46,28.0,x1,-0.11570288507100934,-0.0003454061522631946,0.0026772092536469557,0.007829076263274448,0.0037615178074121847,0.0026772092536469557,0.013626320836444439,False
14,onlooker,36,43.0,x1,0.1259644841327543,-4.879813231866136,-1.7105634952350735,11.81934441179696,-5.0,-1.7105634952350735,11.787364889861871,True
14,onlooker,35,38.0,x1,0.35278755343457346,-0.8880368439532005,-0.9589648510495581,3.7190181050260134,-1.2223683784528883,-0.9589648510495581,4.895385565117479,False
14,onlooker,38,11.0,x2,-0.0032509059564049814,0.05964833157182434,0.0018221080958817388,0.2608883055276583,0.05964833157182434,0.001820064460990718,0.26088793774966534,True
14,onlooker,29,1.0,x2,0.7119250176273639,-0.08827864835692333,0.04752448835818224,0.5330810436511269,-0.08827864835692333,0.08018402840119984,0.682716539684201,False
14,onlooker,30,7.0,x1,0.6327141451516543,-0.7882302340052778,-0.012728600998825855,2.974207863424429,-1.2436141104637306,-0.012728600998825855,4.2645199839399375,False
14,onlooker,37,39.0,x2,-0.2159150762762876,0.42080346963402104,0.07398416248208504,2.883355840149705,0.42080346963402104,0.27703167390450073,3.5014658677151904,False
14,onlooker,44,21.0,x2,0.1410183058911827,0.08428122650327587,-0.008745782932231605,0.4200753252967293,0.08428122650327587,-0.008244487683358061,0.41972170177262,True
14,onlooker,1,33.0,x2,0.4363515842558734,-0.030302301913310015,0.0016495166485740696,0.11017280568424015,-0.030302301913310015,-0.3534936459316457,2.4898678656955338,False
14,onlooker,28,25.0,x2,0.6198729474234166,0.0351500264564818,1.0155475623878767,2.7163619268343173,0.0351500264564818,2.2461613692110536,6.513194796340265,False
14,onlooker,34,14.0,x1,0.9181466761599717,-0.9788594200455047,0.00048093468842337964,2.5974970983353214,-1.1302795774212546,0.00048093468842337964,3.35262904101856,False
14,onlooker,36,50.0,x1,0.9425226325377367,-5.0,-1.7105634952350735,11.787364889861871,-5.0,-1.7105634952350735,11.787364889861871,False
14,onlooker,46,38.0,x2,0.21885873699393477,-0.0003454061522631946,0.0026772092536469557,0.007829076263274448,-0.0003454061522631946,0.002864802880388628,0.008383272500954053,False
14,onlooker,8,28.0,x1,0.5307530447886546,0.04557756709887363,-0.18682814190583244,1.2949122539238336,0.05111201604448054,-0.18682814190583244,1.3088938598723634,False
14,onlooker,25,44.0,x2,-0.7806882016166035,-0.13987239370000648,-0.9697202444076691,3.0581282149005102,-0.13987239370000648,-0.2191074649926038,1.9250982131961192,True
14,onlooker,18,26.0,x2,-0.13534940826178388,-0.00039114794970864127,-0.07919791080030866,0.38269618731511246,-0.00039114794970864127,0.12947488268365212,0.7567362115581813,False
14,onlooker,5,9.0,x2,0.6752345857109743,-0.3407526888093539,0.18796572960917649,2.8660524198763615,-0.3407526888093539,0.30781081169536895,3.3366196980922536,False
14,onlooker,23,3.0,x1,-0.9670174820447002,-0.04483725460908056,-0.041441955996696596,0.26954894018338793,-0.9583352013288275,-0.041441955996696596,2.627716519394529,False
14,onlooker,23,9.0,x1,0.4102518919984437,-0.04483725460908056,-0.041441955996696596,0.26954894018338793,-0.07077311668860665,-0.041441955996696596,0.40292288219696504,False
14,onlooker,41,12.0,x2,0.18435388976356148,2.041862430323635,-0.9580463097119061,5.554132603298399,2.041862430323635,-1.1369763141237323,6.102010911527607,False
14,onlooker,8,16.0,x1,0.7775909883628667,0.04557756709887363,-0.18682814190583244,1.2949122539238336,-0.007370917059561478,-0.18682814190583244,1.2409784858129496,True
14,onlooker,27,45.0,x2,-0.5495043916409861,0.2564271537470569,0.029603464441215865,1.8333204512038503,0.2564271537470569,0.016929039382910724,1.8208822035585936,True
14,onlooker,16,25.0,x2,-0.039839849610914246,0.11367054264879917,0.606263308003232,3.403722243487057,0.11367054264879917,0.5733806605338339,3.372709049144451,True
14,onlooker,50,6.0,x1,0.7039300712031815,-1.046378366071603,-0.0661726347648307,2.923832545400448,-1.0749052039002192,-0.0661726347648307,3.0766172745269427,False
14,onlooker,45,28.0,x2,-0.3119256634816925,0.03282525968525157,0.006538271057673501,0.1242314918156997,0.03282525968525157,0.3212741637150395,2.2974013202701298,False
14,onlooker,24,15.0,x1,0.598214896879879,0.37710902215296604,-0.20298590105534292,3.0852149906722173,0.6201979303908153,-0.20298590105534292,3.677696770862728,False
14,onlooker,23,47.0,x2,0.24538268871208757,-0.04483725460908056,-0.041441955996696596,0.26954894018338793,-0.04483725460908056,0.1815393196388642,1.2489384938606887,False
14,onlooker,24,36.0,x2,0.007865928860468552,0.37710902215296604,-0.20298590105534292,3.0852149906722173,0.37710902215296604,-0.19112740294788882,3.0416222462279596,True
14,onlooker,46,10.0,x2,0.9466973674918113,-0.0003454061522631946,0.0026772092536469557,0.007829076263274448,-0.0003454061522631946,0.877568983491206,2.6912744006240747,False
14,onlooker,42,44.0,x2,-0.03418433525785769,-0.10827434893132404,0.23717737968487457,1.9066752011791768,-0.10827434893132404,0.22878779629114943,1.8451548563296254,True
14,onlooker,44,16.0,x1,0.5238963571283504,0.08428122650327587,-0.008244487683358061,0.41972170177262,0.06888427083614279,-0.008244487683358061,0.31948726365155666,True
14,onlooker,7,17.0,x1,-0.10853467328053434,-0.06849940461264195,0.1643044024327122,1.1798708842820642,-0.07658305935901602,0.1643044024327122,1.2114977615393028,False
14,onlooker,15,20.0,x2,0.640209489567396,-0.0292481406420976,-0.24352774243652442,1.7316658174445583,-0.0292481406420976,-1.5745837378786094,5.664938818500165,False
14,onlooker,11,38.0,x2,-0.8525758617766963,0.005194298451631999,0.001193472595985341,0.015830723763862853,0.005194298451631999,0.0017276896952745677,0.016280815133658866,False
14,onlooker,39,40.0,x2,-0.19660244899503598,0.8067097113029637,1.014388672089342,4.108875508948266,0.8067097113029637,0.8413747243130079,4.195784219042515,False
14,onlooker,38,46.0,x1,0.6014259471090537,0.05964833157182434,0.001820064460990718,0.26088793774966534,0.09573012210314585,0.001820064460990718,0.49744232846711656,False
14,onlooker,18,25.0,x1,0.5587150895716109,-0.00039114794970864127,-0.07919791080030866,0.38269618731511246,0.07753912876322888,-0.07919791080030866,0.6155661991363925,False
14,onlooker,13,41.0,x1,-0.34385771487811767,0.009574137194638274,-0.9084355499450245,2.6238528217273296,0.7083921456435254,-0.9084355499450245,4.388223363436193,False
14,onlooker,42,5.0,x1,-0.9112054061788197,-0.10827434893132404,0.22878779629114943,1.8451548563296254,-0.3201098690476619,0.22878779629114943,2.937268472416062,False
14,onlooker,50,43.0,x2,0.7656950069324078,-1.046378366071603,-0.0661726347648307,2.923832545400448,-1.046378366071603,0.9760099952918883,3.735749988779951,False
14,onlooker,47,22.0,x1,-0.4263288906396956,-0.1069258544516898,-0.9501502141297273,2.8680076459307426,-0.4693354258722946,-0.9501502141297273,4.516857379453743,False
14,onlooker,7,26.0,x1,-0.5599033590467843,-0.06849940461264195,0.1643044024327122,1.1798708842820642,-0.028643057951269223,0.1643044024327122,1.07103936430951,True
15,employed,1,47.0,x1,-0.9919936751144418,-0.030302301913310015,0.0016495166485740696,0.11017280568424015,-0.10631238139618189,0.0016495166485740696,0.5755150038381918,False
15,employed,2,9.0,x2,-0.5070482938331464,-0.8334211536799729,0.9976043302351527,3.959470339134793,-0.8334211536799729,0.4970841880166419,4.503937151632599,False
15,employed,3,11.0,x2,-0.5484431268405794,-0.9894923034384054,2.9311694119468643,7.212312277358507,-0.9894923034384054,1.3242442462016044,5.57234726167297,True
15,employed,4,34.0,x1,-0.3449758433737016,0.013802333908446644,-0.014672735348913673,0.06775340039932987,-0.32864199184663556,-0.014672735348913673,2.329535868456017,False
15,employed,5,32.0,x2,0.7805158672925825,-0.3407526888093539,0.18796572960917649,2.8660524198763615,-0.3407526888093539,0.33062405478093,3.4180992890555513,False
15,employed,6,31.0,x2,0.3890655825727629,-1.0058532642246867,0.9638618288424673,3.612025411166791,-1.0058532642246867,0.9653539823184897,3.6116490715050102,True
15,employed,7,19.0,x1,-0.6805230647545817,-0.028643057951269223,0.1643044024327122,1.07103936430951,0.07457495729826227,0.1643044024327122,1.2033693417368387,False
15,employed,8,17.0,x2,0.9285652974082161,-0.007370917059561478,-0.18682814190583244,1.2409784858129496,-0.007370917059561478,-0.3359009008964802,2.371912947959036,False
15,employed,9,32.0,x2,-0.44497776113196963,0.018382105460621412,0.01047914254402485,0.07173182211543905,0.018382105460621412,0.0081261800553482,0.06757047976126218,True
15,employed,10,24.0,x2,0.6710260748619887,0.15025401329343768,-0.921474271758184,3.10952364884259,0.15025401329343768,-1.4115560644237002,5.479209824462984,False
15,employed,11,34.0,x1,0.12130568145833642,0.005194298451631999,0.001193472595985341,0.015830723763862853,0.12456560536553712,0.001193472595985341,0.7173312485693093,False
15,employed,12,45.0,x2,0.3448791444335806,0.9117301116157679,0.012532638425876444,2.6198353992386214,0.9117301116157679,0.014599970715242848,2.621303822533545,False
15,employed,13,33.0,x2,-0.6204637255784637,0.009574137194638274,-0.9084355499450245,2.6238528217273296,0.009574137194638274,0.1612298243301975,1.0236481975944192,True
15,employed,14,6.0,x1,0.9302842341147981,-0.8139400653199125,-3.0988778417641782,8.179427862654382,-0.6354062420602637,-3.0988778417641782,8.852170165686605,False
15,employed,15,31.0,x2,-0.1686331817071418,-0.0292481406420976,-0.24352774243652442,1.7316658174445583,-0.0292481406420976,-0.04056854341772606,0.2069454449540271,True
15,employed,16,30.0,x1,-0.8763760778565692,0.11367054264879917,0.5733806605338339,3.372709049144451,-0.6767337226110944,0.5733806605338339,4.5643215835129105,False
15,employed,17,42.0,x2,-0.5667089288713281,-0.14297933348735187,-0.026287187589819072,0.8893768167607452,-0.14297933348735187,0.11826608330723587,1.2631193554005162,False
15,employed,18,41.0,x1,0.06875688652722123,-0.00039114794970864127,-0.07919791080030866,0.38269618731511246,-0.14081014549086046,-0.07919791080030866,1.040074761171717,False
15,employed,19,14.0,x2,-0.9395801035158591,0.12303147094475753,-0.03946107725519147,0.7579916647113447,0.12303147094475753,-2.9140281975507,7.281904872542038,False
15,employed,20,41.0,x1,-0.6470797170613867,-0.01198110268993521,1.8355667057596583,5.164149763456944,1.3170193895408446,1.8355667057596583,7.134932048390892,False
15,employed,21,3.0,x1,0.5117554616517617,0.12089615804870307,-0.012300606865943947,0.693392636334377,0.6891435177698277,-0.012300606865943947,3.209702880474723,False
15,employed,22,18.0,x1,-0.22133198881670002,-0.9569962563820364,0.24221171182746315,3.6651174072292396,-0.7452689452204944,0.24221171182746315,3.806704080518202,False
15,employed,23,13.0,x1,0.7183569573937942,-0.04483725460908056,-0.041441955996696596,0.26954894018338793,-0.08392405647276166,-0.041441955996696596,0.4839320048408422,False
15,employed,24,15.0,x2,-0.5796148604979523,0.37710902215296604,-0.19112740294788882,3.0416222462279596,0.37710902215296604,-0.10386125058458273,2.7547527757095556,True
15,employed,25,16.0,x2,-0.5937008496652061,-0.13987239370000648,-0.2191074649926038,1.9250982131961192,-0.13987239370000648,0.25139340848202874,2.145878209679943,False
15,employed,26,16.0,x2,-0.8341275542636539,0.0026849275000046732,1.46253615485855,5.441380647203683,0.0026849275000046732,0.7208670570173843,3.151544039258305,True
15,employed,27,8.0,x2,-0.16589423320770424,0.2564271537470569,0.016929039382910724,1.8208822035585936,0.2564271537470569,-0.0168731019675485,1.8208421581276508,True
15,employed,28,45.0,x2,-0.8854185065554283,0.0351500264564818,1.0155475623878767,2.7163619268343173,0.0351500264564818,0.12215206255773714,0.7403665384755027,True
15,employed,29,11.0,x1,0.8166913510831926,-0.08827864835692333,0.04752448835818224,0.5330810436511269,-0.16461719557572976,0.04752448835818224,1.1148719533836453,False
15,employed,30,45.0,x1,0.3589016665918825,-0.7882302340052778,-0.012728600998825855,2.974207863424429,-1.0829084190552296,-0.012728600998825855,3.0185934531424192,False
15,employed,31,12.0,x1,-0.16037887788842853,0.9897302434068218,0.9600266053149704,3.5883727767488947,0.9772206697950231,0.9600266053149704,3.578389295297957,True
15,employed,32,11.0,x1,-0.7428229817495935,-0.03456469640237362,0.005191322130952975,0.131070511718129,-0.005030801293554418,0.005191322130952975,0.021837855010627738,True
15,employed,33,19.0,x2,0.15164321014070037,0.05442079545141462,0.8155417434543013,2.944939914822687,0.05442079545141462,0.9451971158660425,2.660253041400168,True
15,employed,34,18.0,x2,0.22164910093193946,-0.9788594200455047,0.00048093468842337964,2.5974970983353214,-0.9788594200455047,0.018141679154295758,2.606671831661448,False
15,employed,35,15.0,x2,-0.30829894447841943,-0.8880368439532005,-0.9589648510495581,3.7190181050260134,-0.8880368439532005,-0.6758242387937865,4.468660755134259,False
15,employed,36,40.0,x2,0.7566294617877161,-5.0,-1.7105634952350735,11.787364889861871,-5.0,-3.106494064471876,11.57835723541098,True
15,employed,37,16.0,x1,0.14303160269055248,0.42080346963402104,0.07398416248208504,2.883355840149705,0.46473318441975775,0.07398416248208504,3.0459839494222085,False
15,employed,38,14.0,x1,-0.893330716585145,0.05964833157182434,0.001820064460990718,0.26088793774966534,-0.720755017023939,0.001820064460990718,3.1517139186078578,False
15,employed,39,37.0,x1,-0.6579930335276993,0.8067097113029637,1.014388672089342,4.108875508948266,0.5527860926899426,1.014388672089342,4.707287951582256,False
15,employed,40,21.0,x2,-0.025909013241686374,0.12494994369828216,0.1343693810748,1.2452194589134966,0.12494994369828216,0.1305693064150853,1.219994869363266,True
15,employed,41,10.0,x1,-0.8108892986732075,2.041862430323635,-0.9580463097119061,5.554132603298399,0.5079774076736823,-0.9580463097119061,4.578291275832132,True
15,employed,42,18.0,x2,0.9045718151006368,-0.10827434893132404,0.22878779629114943,1.8451548563296254,-0.10827434893132404,0.5073829863799227,3.2380082347821966,False
15,employed,43,31.0,x2,-0.23717954319419499,-0.005049290183726628,-1.4272663086441986,5.3215020306332015,-0.005049290183726628,-0.8610492658406241,2.7385364214794206,True
15,employed,44,2.0,x2,0.20054656278216365,0.06888427083614279,-0.008244487683358061,0.31948726365155666,0.06888427083614279,-0.20996401079541777,1.5505357200107182,False
15,employed,45,5.0,x2,0.08508814209505267,0.03282525968525157,0.006538271057673501,0.1242314918156997,0.03282525968525157,-0.008899054315501063,0.1267182360637915,False
15,employed,46,37.0,x1,-0.15282930341042733,-0.0003454061522631946,0.0026772092536469557,0.007829076263274448,0.06401848316623922,0.0026772092536469557,0.2869379514288579,False
15,employed,47,15.0,x1,-0.9052315323648028,-0.1069258544516898,-0.9501502141297273,2.8680076459307426,-0.036609538549238055,-0.9501502141297273,2.6164763060776157,True
15,employed,48,2.0,x1,-0.13994686070895757,0.21330391498306311,-0.006084680307068293,1.4652024421500411,0.06681802759830316,-0.006084680307068293,0.3053296037243318,True
15,employed,49,44.0,x2,-0.5118744424136192,0.11746900320702498,-1.7641465650065324,5.629638084974321,0.11746900320702498,-0.8653451682438168,3.025389118154163,True
15,employed,50,29.0,x1,0.36861163935952357,-1.046378366071603,-0.0661726347648307,2.923832545400448,-1.399545073688308,-0.0661726347648307,5.258086185060304,False
15,onlooker,4,9.0,x1,-0.3374464131608659,0.013802333908446644,-0.014672735348913673,0.06775340039932987,0.01534776139182419,-0.014672735348913673,0.07202565529523186,False
15,onlooker,33,22.0,x2,0.46839013643649063,0.05442079545141462,0.9451971158660425,2.660253041400168,0.05442079545141462,1.2744685451765343,4.535959089730568,False
15,onlooker,45,38.0,x1,0.9844944146264982,0.03282525968525157,0.006538271057673501,0.1242314918156997,0.0064180952297956395,0.006538271057673501,0.028147821066764056,True
15,onlooker,39,43.0,x2,0.6647327169300019,0.8067097113029637,1.014388672089342,4.108875508948266,0.8067097113029637,2.261053628003129,7.325865436051075,False
15,onlooker,38,41.0,x1,0.8693664557348204,0.05964833157182434,0.001820064460990718,0.26088793774966534,-0.3301139283217145,0.001820064460990718,2.335194003673266,False
15,onlooker,23,33.0,x1,0.02987944314554536,-0.04483725460908056,-0.041441955996696596,0.26954894018338793,-0.047803029872600815,-0.041441955996696596,0.28274212300161183,False
15,onlooker,45,22.0,x1,0.6394535422894658,0.0064180952297956395,0.006538271057673501,0.028147821066764056,0.6224768150604906,0.006538271057673501,3.2529224250786553,False
15,onlooker,42,49.0,x2,-0.5021586014851624,-0.10827434893132404,0.22878779629114943,1.8451548563296254,-0.10827434893132404,-0.3206404830185441,2.46292276866922,False
15,onlooker,37,39.0,x1,0.8725569856093314,0.42080346963402104,0.07398416248208504,2.883355840149705,0.08407828267554235,0.07398416248208504,0.6245931456076446,True
15,onlooker,46,29.0,x1,0.15830637172795958,-0.0003454061522631946,0.0026772092536469557,0.007829076263274448,0.013574986375432436,0.0026772092536469557,0.04422554655254318,False
15,onlooker,9,49.0,x2,-0.4899650745931463,0.018382105460621412,0.0081261800553482,0.06757047976126218,0.018382105460621412,-0.4198442742690282,2.811774990804864,False
15,onlooker,38,40.0,x2,-0.11756899077723793,0.05964833157182434,0.001820064460990718,0.26088793774966534,0.05964833157182434,0.016956982900868035,0.27478534245906205,False
15,onlooker,11,10.0,x1,0.7129920018031835,0.005194298451631999,0.001193472595985341,0.015830723763862853,-0.098232118014426,0.001193472595985341,0.5155241120888125,False
15,onlooker,25,5.0,x1,0.4340389455257774,-0.13987239370000648,-0.2191074649926038,1.9250982131961192,-0.05268252223383836,-0.2191074649926038,1.578594006949459,True
15,onlooker,11,44.0,x2,-0.3808564279400495,0.005194298451631999,0.001193472595985341,0.015830723763862853,0.005194298451631999,-0.0024010352430454585,0.017057110373681628,False
15,onlooker,10,5.0,x2,0.023062273275294976,0.15025401329343768,-0.921474271758184,3.10952364884259,0.15025401329343768,-0.9470604802522616,3.1038139479830815,True
15,onlooker,21,38.0,x1,-0.07079482561392725,0.12089615804870307,-0.012300606865943947,0.693392636334377,0.11656012885404037,-0.012300606865943947,0.659426057182444,True
15,onlooker,17,13.0,x1,-0.4437065090600578,-0.14297933348735187,-0.026287187589819072,0.8893768167607452,-0.07529036556605014,-0.026287187589819072,0.3869827131154655,True
15,onlooker,46,9.0,x1,0.9763528491143003,-0.0003454061522631946,0.0026772092536469557,0.007829076263274448,-0.018630065472324226,0.0026772092536469557,0.06264097173103211,False
15,onlooker,15,5.0,x1,-0.50261923842427,-0.0292481406420976,-0.04056854341772606,0.2069454449540271,-0.1858163194076203,-0.04056854341772606,1.2750594361626892,False
15,onlooker,4,40.0,x1,0.02510582508221093,0.013802333908446644,-0.014672735348913673,0.06775340039932987,0.011011881458757198,-0.014672735348913673,0.06082990014303791,True
15,onlooker,16,34.0,x1,0.26129305190064045,0.11367054264879917,0.5733806605338339,3.372709049144451,0.3991410308940867,0.5733806605338339,4.1727038749841405,False
15,onlooker,47,49.0,x1,0.36136755133081055,-0.036609538549238055,-0.9501502141297273,2.6164763060776157,-0.09228852389632088,-0.9501502141297273,2.7992839445306896,False
15,onlooker,44,39.0,x1,-0.017392934600200416,0.06888427083614279,-0.008244487683358061,0.31948726365155666,0.08171722046854626,-0.008244487683358061,0.40239012612346814,False
15,onlooker,36,4.0,x2,0.5160421663006138,-5.0,-3.106494064471876,11.57835723541098,-5.0,-4.702004240966932,13.720421584276215,False
15,onlooker,48,5.0,x2,0.6722315691837091,0.06681802759830316,-0.006084680307068293,0.3053296037243318,0.06681802759830316,-0.1365314918658075,0.9542652273491119,False
15,onlooker,47,12.0,x1,0.04962237521840751,-0.036609538549238055,-0.9501502141297273,2.6164763060776157,-0.0836684045042193,-0.9501502141297273,2.76231369887584,False
15,onlooker,46,49.0,x1,-0.7442352312953673,-0.0003454061522631946,0.0026772092536469557,0.007829076263274448,0.08733622804717373,0.0026772092536469557,0.4382021040450579,False
15,onlooker,17,36.0,x2,-0.5568830012281394,-0.07529036556605014,-0.026287187589819072,0.3869827131154655,-0.07529036556605014,-1.741602037591453,5.568108745638604,False
15,onlooker,15,2.0,x1,-0.6929566381376022,-0.0292481406420976,-0.04056854341772606,0.2069454449540271,-0.5865051682378098,-0.04056854341772606,3.2563910156804927,False
15,onlooker,28,34.0,x1,0.2978236621916739,0.0351500264564818,0.12215206255773714,0.7403665384755027,0.3371460333106557,0.12215206255773714,2.602602805345811,False
15,onlooker,40,21.0,x2,-0.453018567517689,0.12494994369828216,0.1305693064150853,1.219994869363266,0.12494994369828216,0.06584658295913698,0.8625654768473869,True
15,onlooker,1,12.0,x1,-0.3752243755959255,-0.030302301913310015,0.0016495166485740696,0.11017280568424015,0.32317122224426087,0.0016495166485740696,2.2911522427901123,False
15,onlooker,9,1.0,x1,-0.6851047826696168,0.018382105460621412,0.0081261800553482,0.06757047976126218,-0.014971814872694972,0.0081261800553482,0.05589354856138273,True
15,onlooker,32,31.0,x2,0.8713672787960849,-0.005030801293554418,0.005191322130952975,0.021837855010627738,-0.005030801293554418,-0.8268209002755934,2.8464970130578924,False
15,onlooker,42,28.0,x2,-0.7248873050135773,-0.10827434893132404,0.22878779629114943,1.8451548563296254,-0.10827434893132404,0.15148890664699077,1.2665932415824028,True
15,onlooker,28,4.0,x1,-0.13823020517829443,0.0351500264564818,0.12215206255773714,0.7403665384755027,0.031813405720822904,0.12215206255773714,0.7328012711643557,True
15,onlooker,18,22.0,x2,-0.4403481632104256,-0.00039114794970864127,-0.07919791080030866,0.38269618731511246,-0.00039114794970864127,0.062334226161986694,0.2765338181860746,True
15,onlooker,34,43.0,x2,0.5370339851979551,-0.9788594200455047,0.00048093468842337964,2.5974970983353214,-0.9788594200455047,0.46315193164693114,4.5492058597769045,False
15,onlooker,32,27.0,x1,-0.9378316399839393,-0.005030801293554418,0.005191322130952975,0.021837855010627738,0.24017274146902917,0.005191322130952975,1.6864082101826985,False
15,onlooker,38,27.0,x1,-0.45851789867222625,0.05964833157182434,0.001820064460990718,0.26088793774966534,0.14987494361880765,0.001820064460990718,0.9251410815559074,False
15,onlooker,15,47.0,x2,0.2487244902344541,-0.0292481406420976,-0.04056854341772606,0.2069454449540271,-0.0292481406420976,0.18566669395671953,1.252707993169221,False
15,onlooker,23,32.0,x1,-0.172515350028686,-0.04483725460908056,-0.041441955996696596,0.26954894018338793,-0.037970030381952014,-0.041441955996696596,0.24136361769065262,True
15,onlooker,23,15.0,x1,-0.12029339881671097,-0.037970030381952014,-0.041441955996696596,0.24136361769065262,-0.036920844621040325,-0.041441955996696596,0.23736418898026246,True
15,onlooker,34,2.0,x2,0.5900548145923097,-0.9788594200455047,0.00048093468842337964,2.5974970983353214,-0.9788594200455047,-0.5878765255965563,4.628189321855796,False
15,onlooker,13,35.0,x1,0.28545062936012,0.009574137194638274,0.1612298243301975,1.0236481975944192,0.2657977566838437,0.1612298243301975,2.338542445699567,False
15,onlooker,32,30.0,x1,0.9182036761390697,-0.005030801293554418,0.005191322130952975,0.021837855010627738,0.7141057969723841,0.005191322130952975,3.1655695162866953,False
15,onlooker,24,37.0,x1,0.4108986624691553,0.37710902215296604,-0.10386125058458273,2.7547527757095556,0.49751496106658694,-0.10386125058458273,3.2029403063302593,False
15,onlooker,11,15.0,x1,-0.15196580368606427,0.005194298451631999,0.001193472595985341,0.015830723763862853,-3.977448615493859e-05,0.001193472595985341,0.003415494878524772,True
15,onlooker,13,19.0,x2,-0.2180787721433881,0.009574137194638274,0.1612298243301975,1.0236481975944192,0.009574137194638274,0.11746339893210633,0.66436003633746,True
16,employed,1,31.0,x1,-0.5602199145298767,-0.030302301913310015,0.0016495166485740696,0.11017280568424015,0.5341321311840197,0.0016495166485740696,3.1619000777207167,False
16,employed,2,41.0,x1,-0.1249272864569908,-0.8334211536799729,0.9976043302351527,3.959470339134793,-0.6658438713527495,0.9976043302351527,4.557501625879091,False
16,employed,3,36.0,x2,-0.8371150375183642,-0.9894923034384054,1.3242442462016044,5.57234726167297,-0.9894923034384054,-2.3847934209718797,7.703944292506268,False
16,employed,4,25.0,x1,-0.9435609356453434,0.011011881458757198,-0.014672735348913673,0.06082990014303791,-0.04908766968480048,-0.014672735348913673,0.21340227321994876,False
16,employed,5,35.0,x2,-0.31257984600586086,-0.3407526888093539,0.18796572960917649,2.8660524198763615,-0.3407526888093539,-0.17054165467254337,2.7975824753630367,True
16,employed,6,48.0,x1,-0.35175157079716124,-1.0058532642246867,0.9653539823184897,3.6116490715050102,-0.6285394523769299,0.9653539823184897,4.57165130393415,False
16,employed,7,29.0,x1,-0.48522484861077064,-0.028643057951269223,0.1643044024327122,1.07103936430951,-0.057579728277666664,0.1643044024327122,1.1419678866635796,False
16,employed,8,32.0,x1,-0.06591529973353083,-0.007370917059561478,-0.18682814190583244,1.2409784858129496,-0.007216667627433962,-0.18682814190583244,1.2409175271496875,True
16,employed,9,20.0,x1,-0.5926213018396402,-0.014971814872694972,0.0081261800553482,0.05589354856138273,-0.01319945512552021,0.0081261800553482,0.05022865599504245,True
16,employed,10,6.0,x1,-0.7602417320866535,0.15025401329343768,-0.9470604802522616,3.1038139479830815,-0.7286669858449266,-0.9470604802522616,4.327468857102737,False
16,employed,11,50.0,x2,-0.17537854628553062,-3.977448615493859e-05,0.001193472595985341,0.003415494878524772,-3.977448615493859e-05,-0.010621097381869563,0.0330423430443223,False
16,employed,12,1.0,x1,0.9058575812520286,0.9117301116157679,0.012532638425876444,2.6198353992386214,1.7650773151962291,0.012532638425876444,5.4105419835894,False
16,employed,13,1.0,x1,-0.16282774889093266,0.009574137194638274,0.11746339893210633,0.66436003633746,0.0030811463809047035,0.11746339893210633,0.661454890935627,True
16,employed,14,37.0,x1,0.8291984887435233,-0.8139400653199125,-3.0988778417641782,8.179427862654382,-1.558575522341699,-3.0988778417641782,9.530735006317313,False
16,employed,15,36.0,x1,-0.07274849019997642,-0.0292481406420976,-0.04056854341772606,0.2069454449540271,-0.3908628335691105,-0.04056854341772606,2.6977158986490406,False
16,employed,16,49.0,x1,-0.9213612339334591,0.11367054264879917,0.5733806605338339,3.372709049144451,0.11717029695577368,0.5733806605338339,3.3812823385881043,False
16,employed,17,50.0,x2,0.6987831034168779,-0.07529036556605014,-0.026287187589819072,0.3869827131154655,-0.07529036556605014,0.0015840889683055026,0.35717498917375723,True
16,employed,18,47.0,x2,-0.4904551518049267,-0.00039114794970864127,0.062334226161986694,0.2765338181860746,-0.00039114794970864127,-0.4342439837014121,2.866589415163976,False
16,employed,19,7.0,x2,0.32663055874540015,0.12303147094475753,-0.03946107725519147,0.7579916647113447,0.12303147094475753,-0.10601710973867592,1.0532662947796898,False
16,employed,20,27.0,x1,0.04633592148875887,-0.01198110268993521,1.8355667057596583,5.164149763456944,-0.024418046587134333,1.8355667057596583,5.173877096932543,False
16,employed,21,47.0,x2,0.24016181330652442,0.11656012885404037,-0.012300606865943947,0.659426057182444,0.11656012885404037,0.21293505542333804,1.765495849741321,False
16,employed,22,16.0,x2,-0.19986688716424794,-0.9569962563820364,0.24221171182746315,3.6651174072292396,-0.9569962563820364,0.30840141873086196,4.016014663508479,False
16,employed,23,7.0,x2,-0.6153719194486214,-0.036920844621040325,-0.041441955996696596,0.23736418898026246,-0.036920844621040325,0.08516857550957271,0.47807755449587974,False
16,employed,24,8.0,x1,0.620582682422709,0.37710902215296604,-0.10386125058458273,2.7547527757095556,0.6156148896408445,-0.10386125058458273,3.384638444424166,False
16,employed,25,36.0,x2,0.060690035221703686,-0.05268252223383836,-0.2191074649926038,1.578594006949459,-0.05268252223383836,-0.04387187057153155,0.31523415496310436,True
16,employed,26,19.0,x1,0.33698858064870096,0.0026849275000046732,0.7208670570173843,3.151544039258305,-0.037870483361419814,0.7208670570173843,3.1750211029217614,False
16,employed,27,41.0,x1,0.762466431343418,0.2564271537470569,-0.0168731019675485,1.8208421581276508,0.0646285293320922,-0.0168731019675485,0.3036610928778143,True
16,employed,28,27.0,x2,0.6397702436394017,0.031813405720822904,0.12215206255773714,0.7328012711643557,0.031813405720822904,0.21109622593808702,1.4707048030421501,False
16,employed,29,26.0,x1,-0.050939821624218284,-0.08827864835692333,0.04752448835818224,0.5330810436511269,-0.08364498002847036,0.04752448835818224,0.50323591709757,True
16,employed,30,44.0,x2,-0.22725212747067203,-0.7882302340052778,-0.012728600998825855,2.974207863424429,-0.7882302340052778,-0.01170957670806623,2.9737126071467626,True
16,employed,31,20.0,x2,-0.3901773094301677,0.9772206697950231,0.9600266053149704,3.578389295297957,0.9772206697950231,1.3016424860046976,5.431921961198352,False
16,employed,32,26.0,x1,0.08970006737892144,-0.005030801293554418,0.005191322130952975,0.021837855010627738,-0.005722902686214153,0.005191322130952975,0.02344345079460952,False
16,employed,33,34.0,x1,-0.13899537978085896,0.05442079545141462,0.9451971158660425,2.660253041400168,-0.08920038052162749,0.9451971158660425,2.7858476307651086,False
16,employed,34,11.0,x1,0.7336841248277517,-0.9788594200455047,0.00048093468842337964,2.5974970983353214,-1.6970038550619264,0.00048093468842337964,5.585478046413016,False
16,employed,35,17.0,x1,0.8458868396803494,-0.8880368439532005,-0.9589648510495581,3.7190181050260134,-1.5755283940174405,-0.9589648510495581,6.270729877887053,False
16,employed,36,11.0,x1,0.12011495247246096,-5.0,-3.106494064471876,11.57835723541098,-5.0,-3.106494064471876,11.57835723541098,False
16,employed,37,27.0,x1,0.6572956958539906,0.08407828267554235,0.07398416248208504,0.6245931456076446,0.0968625218336139,0.07398416248208504,0.70359771882389,False
16,employed,38,7.0,x1,0.8198743458349227,0.05964833157182434,0.001820064460990718,0.26088793774966534,0.13203617679992702,0.001820064460990718,0.7776076973030617,False
16,employed,39,27.0,x2,0.1722187678287328,0.8067097113029637,1.014388672089342,4.108875508948266,0.8067097113029637,1.1919913041262928,4.978863690613263,False
16,employed,40,25.0,x1,-0.9279501863274671,0.12494994369828216,0.06584658295913698,0.8625654768473869,-0.03988413616123651,0.06584658295913698,0.36923339478482875,True
16,employed,41,25.0,x2,-0.4729006746460189,0.5079774076736823,-0.9580463097119061,4.578291275832132,0.5079774076736823,-0.525732600698277,4.312191051795093,True
16,employed,42,17.0,x1,0.2982031983742799,-0.10827434893132404,0.15148890664699077,1.2665932415824028,-0.11811027826597276,0.15148890664699077,1.322163103964304,False
16,employed,43,25.0,x1,-0.8135635746650791,-0.005049290183726628,-0.8610492658406241,2.7385364214794206,-0.04380195272326674,-0.8610492658406241,2.783091931820483,False
16,employed,44,4.0,x1,-0.6286846087652593,0.06888427083614279,-0.008244487683358061,0.31948726365155666,0.03250079036211038,-0.008244487683358061,0.1245111878865619,True
16,employed,45,10.0,x2,0.21660151394272975,0.0064180952297956395,0.006538271057673501,0.028147821066764056,0.0064180952297956395,0.21308920428530206,1.4635028011920252,False
16,employed,46,9.0,x2,0.7634388465495412,-0.0003454061522631946,0.0026772092536469557,0.007829076263274448,-0.0003454061522631946,-0.001482746730085971,0.004367848185677037,True
16,employed,47,11.0,x1,-0.8177371091472347,-0.036609538549238055,-0.9501502141297273,2.6164763060776157,-0.0067050854020960365,-0.9501502141297273,2.5812589569380475,True
16,employed,48,43.0,x2,-0.409344847846534,0.06681802759830316,-0.006084680307068293,0.3053296037243318,0.06681802759830316,-0.3560600284864767,2.5582105234183357,False
16,employed,49,21.0,x1,0.9180527680248847,0.11746900320702498,-0.8653451682438168,3.025389118154163,0.11830339782256934,-0.8653451682438168,3.0292344225099197,False
16,employed,50,47.0,x2,0.4298337785298356,-1.046378366071603,-0.0661726347648307,2.923832545400448,-1.046378366071603,0.31379078830924045,4.253037569239943,False
16,onlooker,4,31.0,x1,0.9781558700845157,0.011011881458757198,-0.014672735348913673,0.06082990014303791,-0.9340909165796086,-0.014672735348913673,2.593245023623933,False
16,onlooker,47,6.0,x2,-0.2080653938192627,-0.0067050854020960365,-0.9501502141297273,2.5812589569380475,-0.0067050854020960365,-0.5516000791332787,3.193312386425266,False
16,onlooker,17,7.0,x2,0.3895966224975218,-0.07529036556605014,0.0015840889683055026,0.35717498917375723,-0.07529036556605014,-0.06181119556916537,0.5129260450664863,False
16,onlooker,15,18.0,x2,-0.8192822465971641,-0.0292481406420976,-0.04056854341772606,0.2069454449540271,-0.0292481406420976,0.04373786882461132,0.22115979776988626,False
16,onlooker,25,8.0,x2,-0.13581915284102175,-0.05268252223383836,-0.04387187057153155,0.31523415496310436,-0.05268252223383836,-0.06328807023746755,0.40557117958666256,False
16,onlooker,8,48.0,x2,-0.7100349336057148,-0.007216667627433962,-0.18682814190583244,1.2409175271496875,-0.007216667627433962,-0.05849397014988689,0.25662545864413433,True
16,onlooker,27,10.0,x2,-0.8472763930547815,0.0646285293320922,-0.0168731019675485,0.3036610928778143,0.0646285293320922,-0.8049989087057039,3.0016947115815324,False
16,onlooker,11,3.0,x2,-0.7212052337580224,-3.977448615493859e-05,0.001193472595985341,0.003415494878524772,-3.977448615493859e-05,0.9553846150479582,2.5801746718445746,False
16,onlooker,25,33.0,x2,-0.8253203698564331,-0.05268252223383836,-0.04387187057153155,0.31523415496310436,-0.05268252223383836,0.7724269111286545,3.0711849486973155,False
16,onlooker,23,30.0,x1,-0.531548647577877,-0.036920844621040325,-0.041441955996696596,0.23736418898026246,-0.4362783344607924,-0.041441955996696596,2.8972410589248274,False
16,onlooker,18,4.0,x1,-0.5597378395338102,-0.00039114794970864127,0.062334226161986694,0.2765338181860746,0.005991559095526529,0.062334226161986694,0.27825891088501864,False
16,onlooker,23,50.0,x1,0.9925301258782668,-0.036920844621040325,-0.041441955996696596,0.23736418898026246,0.96499615621305,-0.041441955996696596,2.6309951018673314,False
16,onlooker,48,21.0,x2,-0.83863924317067,0.06681802759830316,-0.006084680307068293,0.3053296037243318,0.06681802759830316,-0.011297600252008239,0.30953651243758573,False
16,onlooker,17,12.0,x1,-0.9717468501802908,-0.07529036556605014,0.0015840889683055026,0.35717498917375723,0.8838436741988291,0.0015840889683055026,2.675078703651977,False
16,onlooker,5,24.0,x2,-0.320675072391406,-0.3407526888093539,-0.17054165467254337,2.7975824753630367,-0.3407526888093539,-0.1491589112645484,2.716711783684343,True
16,onlooker,9,37.0,x2,-0.28576880820676287,-0.01319945512552021,0.0081261800553482,0.05022865599504245,-0.01319945512552021,0.02694633720433872,0.10868725864183348,False
16,onlooker,44,12.0,x1,0.07678698017324948,0.03250079036211038,-0.008244487683358061,0.1245111878865619,-0.03501257409673381,-0.008244487683358061,0.1358407162386368,False
16,onlooker,10,26.0,x1,-0.6950669820432276,0.15025401329343768,-0.9470604802522616,3.1038139479830815,0.047683614188118076,-0.9470604802522616,2.6417659773580735,True
16,onlooker,9,31.0,x1,-0.47242791564846653,-0.01319945512552021,0.0081261800553482,0.05022865599504245,0.4547026601069859,0.0081261800553482,2.9444354720146433,False
16,onlooker,9,47.0,x1,-0.9139934985198979,-0.01319945512552021,0.0081261800553482,0.05022865599504245,-0.007263643421326048,0.0081261800553482,0.03398879073041927,True
16,onlooker,28,27.0,x1,-0.4987822511938804,0.031813405720822904,0.12215206255773714,0.7328012711643557,0.04818100694885727,0.12215206255773714,0.77663072814422,False
16,onlooker,23,5.0,x2,0.4425402918477712,-0.036920844621040325,-0.041441955996696596,0.23736418898026246,-0.036920844621040325,0.006227136824491858,0.1428137104978231,True
16,onlooker,11,10.0,x2,-0.3702430434449939,-3.977448615493859e-05,0.001193472595985341,0.003415494878524772,-3.977448615493859e-05,-0.34989095686529537,2.4546112379227982,False
16,onlooker,46,40.0,x2,0.8937845822675152,-0.0003454061522631946,-0.001482746730085971,0.004367848185677037,-0.0003454061522631946,-0.06166066354071992,0.2725396237816011,False
16,onlooker,32,34.0,x2,-0.03993800114756607,-0.005030801293554418,0.005191322130952975,0.021837855010627738,-0.005030801293554418,0.005003198671867748,0.021408129478406313,True
16,onlooker,46,26.0,x1,-0.2898798584099507,-0.0003454061522631946,-0.001482746730085971,0.004367848185677037,0.0005330265377911236,-0.001482746730085971,0.004522703090508617,False
16,onlooker,32,27.0,x1,-0.751960369380209,-0.005030801293554418,0.005003198671867748,0.021408129478406313,0.04735025469448492,0.005003198671867748,0.19393384698564775,False
16,onlooker,19,16.0,x2,0.6936675500222635,0.12303147094475753,-0.03946107725519147,0.7579916647113447,0.12303147094475753,-0.46456950405869113,3.1541128798564313,False
16,onlooker,19,42.0,x1,-0.11522081219810887,0.12303147094475753,-0.03946107725519147,0.7579916647113447,0.09638022651248593,-0.03946107725519147,0.561403677480286,True
16,onlooker,39,7.0,x2,0.8493004393169248,0.8067097113029637,1.014388672089342,4.108875508948266,0.8067097113029637,1.7363656157651248,6.321714181011135,False
16,onlooker,24,13.0,x2,-0.5170207872703863,0.37710902215296604,-0.10386125058458273,2.7547527757095556,0.37710902215296604,0.010568193950878157,2.606292224891956,True
16,onlooker,13,19.0,x1,0.4350390653512335,0.0030811463809047035,0.11746339893210633,0.661454890935627,-0.03750759823766823,0.11746339893210633,0.710124580735187,False
16,onlooker,48,33.0,x1,0.0943325418882015,0.06681802759830316,-0.006084680307068293,0.3053296037243318,0.06798749001909728,-0.006084680307068293,0.31251795387000003,False
16,onlooker,23,42.0,x2,0.6993144048921398,-0.036920844621040325,0.006227136824491858,0.1428137104978231,-0.036920844621040325,-0.09535651129250797,0.5470070551872266,False
16,onlooker,15,48.0,x1,-0.20976927358723585,-0.0292481406420976,-0.04056854341772606,0.2069454449540271,-0.009096410313999544,-0.04056854341772606,0.16299498168717763,True
16,onlooker,42,49.0,x1,0.4073162017112224,-0.10827434893132404,0.15148890664699077,1.2665932415824028,-0.2002232736858753,0.15148890664699077,1.8571350809240958,False
16,onlooker,9,30.0,x1,-0.7624457538088432,-0.007263643421326048,0.0081261800553482,0.03398879073041927,-0.6027083042786293,0.0081261800553482,3.2474504135592537,False
16,onlooker,41,14.0,x2,0.39042964612003717,0.5079774076736823,-0.525732600698277,4.312191051795093,0.5079774076736823,0.4788995851865405,4.228816300142718,True
16,onlooker,46,9.0,x2,-0.21428432279766652,-0.0003454061522631946,-0.001482746730085971,0.004367848185677037,-0.0003454061522631946,0.0005762956389431489,0.0019123828226565998,True
16,onlooker,32,21.0,x2,-0.6503621167505695,-0.005030801293554418,0.005003198671867748,0.021408129478406313,-0.005030801293554418,-0.006250540925543694,0.02440773167400012,False
16,onlooker,1,21.0,x2,0.29841805316384074,-0.030302301913310015,0.0016495166485740696,0.11017280568424015,-0.030302301913310015,0.005812485349171652,0.11242787797102993,False
16,onlooker,28,8.0,x1,-0.09861311226522673,0.031813405720822904,0.12215206255773714,0.7328012711643557,0.027964528716011218,0.12215206255773714,0.724972992028722,True
16,onlooker,18,14.0,x1,0.45854248772077844,-0.00039114794970864127,0.062334226161986694,0.2765338181860746,0.37265559650377067,0.062334226161986694,2.63834175404859,False
16,onlooker,16,28.0,x1,0.8464470705392331,0.11367054264879917,0.5733806605338339,3.372709049144451,0.18621614706980222,0.5733806605338339,3.5760862468617316,False
16,onlooker,27,32.0,x1,-0.8535080276648972,0.0646285293320922,-0.0168731019675485,0.3036610928778143,0.005173731441339584,-0.0168731019675485,0.05819139829228748,True
16,onlooker,9,5.0,x1,0.5296258967116803,-0.007263643421326048,0.0081261800553482,0.03398879073041927,0.16936079128583043,0.0081261800553482,1.092057488371943,False
16,onlooker,44,10.0,x1,-0.5614564981538179,0.03250079036211038,-0.008244487683358061,0.1245111878865619,0.04102528545954701,-0.008244487683358061,0.16433589703284257,False
16,onlooker,17,30.0,x1,0.24359238760003898,-0.07529036556605014,0.0015840889683055026,0.35717498917375723,0.098376359202319,0.0015840889683055026,0.5166187445052093,False
16,onlooker,35,46.0,x2,-0.4099197190069237,-0.8880368439532005,-0.9589648510495581,3.7190181050260134,-0.8880368439532005,-0.5656300138234263,4.559077492086857,False
16,onlooker,32,28.0,x1,-0.3883255191748658,-0.005030801293554418,0.005003198671867748,0.021408129478406313,0.007782127362756188,0.005003198671867748,0.028445564773804666,False
17,employed,1,46.0,x1,-0.809033176081565,-0.030302301913310015,0.0016495166485740696,0.11017280568424015,-0.006066179390205935,0.0016495166485740696,0.018832775631381526,True
17,employed,2,36.0,x2,0.4557474260452039,-0.8334211536799729,0.9976043302351527,3.959470339134793,-0.8334211536799729,2.8680366098591343,7.808211715131742,False
17,employed,3,46.0,x2,0.03716118470270713,-0.9894923034384054,1.3242442462016044,5.57234726167297,-0.9894923034384054,1.3734333153975173,5.815643848811792,False
17,employed,4,17.0,x1,0.655481339720041,0.011011881458757198,-0.014672735348913673,0.06082990014303791,0.06758139395942783,-0.014672735348913673,0.31822522480975524,False
17,employed,5,39.0,x2,0.0006312288389407339,-0.3407526888093539,-0.1491589112645484,2.716711783684343,-0.3407526888093539,-0.14989337605464115,2.7194139190256235,False
17,employed,6,39.0,x1,-0.4642487958454784,-1.0058532642246867,0.9653539823184897,3.6116490715050102,-0.16437308544187768,0.9653539823184897,3.199576482204098,True
17,employed,7,30.0,x2,0.730366909575751,-0.028643057951269223,0.1643044024327122,1.07103936430951,-0.028643057951269223,0.2928591884198932,2.1017319026285866,False
17,employed,8,17.0,x2,-0.032900035138513584,-0.007216667627433962,-0.05849397014988689,0.25662545864413433,-0.007216667627433962,-0.05651739989384466,0.24534929428050178,True
17,employed,9,48.0,x2,0.5964236839434733,-0.007263643421326048,0.0081261800553482,0.03398879073041927,-0.007263643421326048,0.016601873744706928,0.05997803582607064,False
17,employed,10,45.0,x2,-0.22950587821910728,0.047683614188118076,-0.9470604802522616,2.6417659773580735,0.047683614188118076,-0.7282039613642309,3.1734116394149017,False
17,employed,11,50.0,x1,-0.6948687906323741,-3.977448615493859e-05,0.001193472595985341,0.003415494878524772,-0.7271078062131168,0.001193472595985341,3.137981067695016,False
17,employed,12,27.0,x1,-0.04145323540750123,0.9117301116157679,0.012532638425876444,2.6198353992386214,0.8741504165782251,0.012532638425876444,2.7043489695945166,False
17,employed,13,41.0,x2,0.8172355450300239,0.0030811463809047035,0.11746339893210633,0.661454890935627,0.0030811463809047035,-0.17791509973510944,1.1635248191076575,False
17,employed,14,37.0,x2,0.2536324722606056,-0.8139400653199125,-3.0988778417641782,8.179427862654382,-0.8139400653199125,-3.903618676042898,9.504703357862171,False
17,employed,15,22.0,x1,0.020651834151468318,-0.009096410313999544,-0.04056854341772606,0.16299498168717763,0.010479460099199901,-0.04056854341772606,0.16462053802477472,False
17,employed,16,26.0,x1,-0.9592630526312447,0.11367054264879917,0.5733806605338339,3.372709049144451,0.007206142663010048,0.5733806605338339,3.223096593766894,True
17,employed,17,26.0,x1,0.7119416003482497,-0.07529036556605014,0.0015840889683055026,0.35717498917375723,-0.13080422049912097,0.0015840889683055026,0.7675778431346036,False
17,employed,18,36.0,x2,0.5914172442500096,-0.00039114794970864127,0.062334226161986694,0.2765338181860746,-0.00039114794970864127,1.9364339213101345,4.896021799512564,False
17,employed,19,21.0,x2,0.05794647382591611,0.09638022651248593,-0.03946107725519147,0.561403677480286,0.09638022651248593,-0.04103493074170157,0.5661219555194994,False
17,employed,20,2.0,x2,-0.23400411566131285,-0.01198110268993521,1.8355667057596583,5.164149763456944,-0.01198110268993521,1.6394800611175935,5.661636988002012,False
17,employed,21,25.0,x2,-0.4895822008018367,0.11656012885404037,-0.012300606865943947,0.659426057182444,0.11656012885404037,-0.027757335633020675,0.6811939177754103,False
17,employed,22,2.0,x1,0.3808162175579042,-0.9569962563820364,0.24221171182746315,3.6651174072292396,-1.0040556595773658,0.24221171182746315,3.747036059795836,False
17,employed,23,22.0,x2,-0.1686436137755316,-0.036920844621040325,0.006227136824491858,0.1428137104978231,-0.036920844621040325,0.04602442834827592,0.25746633279952436,False
17,employed,24,13.0,x2,0.0756607979960342,0.37710902215296604,0.010568193950878157,2.606292224891956,0.37710902215296604,0.0024804174400487843,2.6047180008010398,True
17,employed,25,22.0,x1,-0.05203105394181806,-0.05268252223383836,-0.04387187057153155,0.31523415496310436,-0.09973491891563017,-0.04387187057153155,0.5983966885382839,False
17,employed,26,30.0,x2,-0.9873507055205293,0.0026849275000046732,0.7208670570173843,3.151544039258305,0.0026849275000046732,-0.002442999139293689,0.010618114633818454,True
17,employed,27,46.0,x1,-0.8578252061098375,0.005173731441339584,-0.0168731019675485,0.05819139829228748,0.0004392760975587282,-0.0168731019675485,0.055308964135808214,True
17,employed,28,23.0,x2,-0.5852542495212372,0.027964528716011218,0.12215206255773714,0.724972992028722,0.027964528716011218,0.05430650714692152,0.2695189562595357,True
17,employed,29,26.0,x2,-0.43953978240572433,-0.08364498002847036,0.04752448835818224,0.50323591709757,-0.08364498002847036,0.025561789776180916,0.43953078428193537,True
17,employed,30,44.0,x2,-0.2072803320751595,-0.7882302340052778,-0.01170957670806623,2.9737126071467626,-0.7882302340052778,-0.01099133190435473,2.973388246413887,True
17,employed,31,33.0,x1,-0.5022405437042421,0.9772206697950231,0.9600266053149704,3.578389295297957,0.5137531591744828,0.9600266053149704,4.586338257921021,False
17,employed,32,1.0,x2,-0.19169092877344784,-0.005030801293554418,0.005003198671867748,0.021408129478406313,-0.005030801293554418,0.004360328250011767,0.020009927658656057,True
17,employed,33,27.0,x1,-0.08090569747649945,0.05442079545141462,0.9451971158660425,2.660253041400168,0.05005338297724976,0.9451971158660425,2.648290189495015,True
17,employed,34,49.0,x2,0.4136783476920567,-0.9788594200455047,0.00048093468842337964,2.5974970983353214,-0.9788594200455047,0.3586544463380851,4.262447383196278,False
17,employed,35,50.0,x1,-0.4098798193720561,-0.8880368439532005,-0.9589648510495581,3.7190181050260134,-0.9529378384381878,-0.9589648510495581,3.5824613500421667,True
17,employed,36,40.0,x2,0.11111693509322773,-5.0,-3.106494064471876,11.57835723541098,-5.0,-3.458994834286076,13.236888509811957,False
17,employed,37,30.0,x1,0.9717064008846554,0.08407828267554235,0.07398416248208504,0.6245931456076446,0.9317060518804945,0.07398416248208504,2.7310070330443996,False
17,employed,38,33.0,x2,0.7976337846738357,0.05964833157182434,0.001820064460990718,0.26088793774966534,0.05964833157182434,-0.7506493434256645,3.1429116309179617,False
17,employed,39,36.0,x1,-0.7452277565504999,0.8067097113029637,1.014388672089342,4.108875508948266,-3.5206115397913447,1.014388672089342,9.803641161617104,False
17,employed,40,35.0,x2,-0.031368822629036064,-0.03988413616123651,0.06584658295913698,0.36923339478482875,-0.03988413616123651,0.03369945485751012,0.21898397799207503,True
17,employed,41,47.0,x1,0.6136688943809103,0.5079774076736823,0.4788995851865405,4.228816300142718,0.8238220441567057,0.4788995851865405,4.477873451083568,False
17,employed,42,6.0,x2,-0.7321687126928831,-0.10827434893132404,0.15148890664699077,1.2665932415824028,-0.10827434893132404,0.747375451407088,3.2812076183110013,False
17,employed,43,4.0,x1,-0.013510250510765154,-0.005049290183726628,-0.8610492658406241,2.7385364214794206,-0.004832299731340274,-0.8610492658406241,2.7384852135694797,True
17,employed,44,4.0,x1,0.4473566731493881,0.03250079036211038,-0.008244487683358061,0.1245111878865619,0.04211399715872472,-0.008244487683358061,0.16969722871773074,False
17,employed,45,28.0,x2,0.6717700351062847,0.0064180952297956395,0.006538271057673501,0.028147821066764056,0.0064180952297956395,-0.02555099857696594,0.09289454765058425,False
17,employed,46,14.0,x2,0.03828156832228147,-0.0003454061522631946,0.0005762956389431489,0.0019123828226565998,-0.0003454061522631946,0.11922826096171872,0.674972881083058,False
17,employed,47,6.0,x2,0.7692200053005609,-0.0067050854020960365,-0.9501502141297273,2.5812589569380475,-0.0067050854020960365,-2.4235943622748715,7.464281966970283,False
17,employed,48,9.0,x2,-0.79527549729919,0.06681802759830316,-0.006084680307068293,0.3053296037243318,0.06681802759830316,0.005216868734701832,0.30487291027655106,True
17,employed,49,11.0,x2,0.6124629774459629,0.11746900320702498,-0.8653451682438168,3.025389118154163,0.11746900320702498,-1.39606800428454,5.3399186190245445,False
17,employed,50,6.0,x2,0.2288549896763319,-1.046378366071603,-0.0661726347648307,2.923832545400448,-1.046378366071603,-0.30224264806829554,4.199350280128456,False
17,onlooker,38,37.0,x2,-0.6198782267837377,0.05964833157182434,0.001820064460990718,0.26088793774966534,0.05964833157182434,0.04655301757975451,0.360764806276912,False
17,onlooker,4,23.0,x2,-0.5950293095109078,0.011011881458757198,-0.014672735348913673,0.06082990014303791,0.011011881458757198,-0.002236698840705943,0.035141122707447625,True
17,onlooker,34,18.0,x1,-0.10129211793373583,-0.9788594200455047,0.00048093468842337964,2.5974970983353214,-0.8797482964339587,0.00048093468842337964,2.685528800706923,False
17,onlooker,7,29.0,x2,-0.6289516207361854,-0.028643057951269223,0.1643044024327122,1.07103936430951,-0.028643057951269223,0.07704201133721407,0.4035301151567947,True
17,onlooker,32,4.0,x1,0.9517891845626467,-0.005030801293554418,0.004360328250011767,0.020009927658656057,-0.02030005322857433,0.004360328250011767,0.07016697656193616,False
17,onlooker,33,9.0,x1,-0.9718107090762884,0.05005338297724976,0.9451971158660425,2.648290189495015,-0.005647917089294539,0.9451971158660425,2.5819392587508436,True
17,onlooker,17,8.0,x1,-0.5631773337609081,-0.07529036556605014,0.0015840889683055026,0.35717498917375723,-0.03695280186173486,0.0015840889683055026,0.14063414276326158,True
17,onlooker,45,30.0,x2,-0.647084693942201,0.0064180952297956395,0.006538271057673501,0.028147821066764056,0.0064180952297956395,-0.004804866709938838,0.02438752726891069,True
17,onlooker,27,13.0,x1,0.9524017287161783,0.0004392760975587282,-0.0168731019675485,0.055308964135808214,-0.0020768457273438786,-0.0168731019675485,0.05576235609411784,False
17,onlooker,1,37.0,x1,0.5459940523828546,-0.006066179390205935,0.0016495166485740696,0.018832775631381526,-0.05528451953335635,0.0016495166485740696,0.23587477350254504,False
17,onlooker,4,10.0,x2,-0.23138668179208488,0.011011881458757198,-0.002236698840705943,0.035141122707447625,0.011011881458757198,-0.22085633849977593,1.530336768048596,False
17,onlooker,44,27.0,x1,0.310613700014581,0.03250079036211038,-0.008244487683358061,0.1245111878865619,0.042459535935893036,-0.008244487683358061,0.17141150951362905,False
17,onlooker,40,42.0,x2,-0.04743091383263787,-0.03988413616123651,0.03369945485751012,0.21898397799207503,-0.03988413616123651,0.03928631619573063,0.24009786725645954,False
17,onlooker,26,37.0,x2,-0.4733152825287472,0.0026849275000046732,-0.002442999139293689,0.010618114633818454,0.0026849275000046732,0.033731144456399416,0.12591192830088405,False
17,onlooker,44,2.0,x1,-0.6084567955805507,0.03250079036211038,-0.008244487683358061,0.1245111878865619,-0.4943753009326165,-0.008244487683358061,3.06936422014028,False
17,onlooker,40,17.0,x1,-0.7003343346153881,-0.03988413616123651,0.03369945485751012,0.21898397799207503,-0.03783122210505976,0.03369945485751012,0.2105004327512927,True
17,onlooker,9,28.0,x1,0.6923630586899756,-0.007263643421326048,0.0081261800553482,0.03398879073041927,-0.03165432843438985,0.0081261800553482,0.12063693069912462,False
17,onlooker,4,2.0,x2,-0.06966372832631373,0.011011881458757198,-0.002236698840705943,0.035141122707447625,0.011011881458757198,0.06741595497833662,0.312892280520789,False
17,onlooker,48,14.0,x2,0.9183410781340966,0.06681802759830316,0.005216868734701832,0.30487291027655106,0.06681802759830316,2.85583455180459,7.216010057034776,False
17,onlooker,45,14.0,x1,0.6338961285122935,0.0064180952297956395,-0.004804866709938838,0.02438752726891069,0.5264399571957221,-0.004804866709938838,3.146580887120408,False
17,onlooker,33,26.0,x2,-0.15416771391425055,-0.005647917089294539,0.9451971158660425,2.5819392587508436,-0.005647917089294539,0.7991016057222323,2.937068534409541,False
17,onlooker,42,39.0,x2,0.5138726718851183,-0.10827434893132404,0.15148890664699077,1.2665932415824028,-0.10827434893132404,-0.29193170138991215,2.2848887849483366,False
17,onlooker,50,24.0,x1,0.6138459556398317,-1.046378366071603,-0.0661726347648307,2.923832545400448,-1.9201803422375616,-0.0661726347648307,5.0275017048073245,False
17,onlooker,44,11.0,x1,-0.915867115893878,0.03250079036211038,-0.008244487683358061,0.1245111878865619,0.0026979570849719157,-0.008244487683358061,0.026538421620479813,True
17,onlooker,21,43.0,x2,-0.42179343761097954,0.11656012885404037,-0.012300606865943947,0.659426057182444,0.11656012885404037,-0.37029722140258325,2.7574431556523327,False
17,onlooker,34,1.0,x2,-0.28927113535952453,-0.9788594200455047,0.00048093468842337964,2.5974970983353214,-0.9788594200455047,0.0008189717187968284,2.5975093880437083,False
17,onlooker,29,7.0,x2,0.7932138242948679,-0.08364498002847036,0.025561789776180916,0.43953078428193537,-0.08364498002847036,-0.015273033643793305,0.4222653885997407,True
17,onlooker,9,46.0,x2,-0.5672213826340506,-0.007263643421326048,0.0081261800553482,0.03398879073041927,-0.007263643421326048,0.0038437241779476546,0.025041354028307428,True
17,onlooker,50,30.0,x2,-0.8313102111233774,-1.046378366071603,-0.0661726347648307,2.923832545400448,-1.046378366071603,-0.02029985423382539,2.819005289450996,True
17,onlooker,4,5.0,x1,0.17978549458190374,0.011011881458757198,-0.002236698840705943,0.035141122707447625,0.07425404870080038,-0.002236698840705943,0.3505906284017972,False
17,onlooker,41,20.0,x1,-0.11032848143627638,0.5079774076736823,0.4788995851865405,4.228816300142718,0.450611174815396,0.4788995851865405,4.1158768410004,True
17,onlooker,28,27.0,x2,0.37612346620254034,0.027964528716011218,0.05430650714692152,0.2695189562595357,0.027964528716011218,0.08107882844999792,0.42789883500338677,False
17,onlooker,25,36.0,x1,0.9946214850932682,-0.05268252223383836,-0.04387187057153155,0.31523415496310436,4.868025734729823,-0.04387187057153155,10.403518791558673,False
17,onlooker,18,1.0,x2,-0.7487499088966905,-0.00039114794970864127,0.062334226161986694,0.2765338181860746,-0.00039114794970864127,0.01689655544239687,0.055391863622560766,True
17,onlooker,27,17.0,x1,0.879965187409985,0.0004392760975587282,-0.0168731019675485,0.055308964135808214,0.03334300298665727,-0.0168731019675485,0.14251044851422678,False
17,onlooker,30,26.0,x1,0.5960790025440375,-0.7882302340052778,-0.01099133190435473,2.973388246413887,-1.259678154572303,-0.01099133190435473,4.384508917983307,False
17,onlooker,13,42.0,x2,-0.9938777902718141,0.0030811463809047035,0.11746339893210633,0.661454890935627,0.0030811463809047035,0.15128059535265226,0.9371352555012185,False
17,onlooker,29,47.0,x1,0.5757199040677401,-0.08364498002847036,-0.015273033643793305,0.4222653885997407,-0.12794080878174863,-0.015273033643793305,0.752235379487129,False
17,onlooker,44,20.0,x2,0.6484778922002525,0.0026979570849719157,-0.008244487683358061,0.026538421620479813,0.0026979570849719157,-1.2039152840225174,3.9477731813028076,False
17,onlooker,27,32.0,x1,-0.882169321328393,0.0004392760975587282,-0.0168731019675485,0.055308964135808214,-0.004386258362173343,-0.0168731019675485,0.057384629654585684,False
17,onlooker,11,28.0,x2,-0.8823978843530047,-3.977448615493859e-05,0.001193472595985341,0.003415494878524772,-3.977448615493859e-05,0.04806030191529947,0.1962822825288062,False
17,onlooker,38,43.0,x1,0.8407247225896097,0.05964833157182434,0.001820064460990718,0.26088793774966534,0.11385879243658031,0.001820064460990718,0.6331833823771587,False
17,onlooker,6,48.0,x2,-0.86475998474141,-0.16437308544187768,0.9653539823184897,3.199576482204098,-0.16437308544187768,0.13506582662611188,1.5129874933443515,True
17,onlooker,25,43.0,x1,-0.8593777228710893,-0.05268252223383836,-0.04387187057153155,0.31523415496310436,-0.011561106980766601,-0.04387187057153155,0.18225898458410983,True
17,onlooker,1,3.0,x2,0.022540478872067116,-0.006066179390205935,0.0016495166485740696,0.018832775631381526,-0.006066179390205935,-0.02816240190922333,0.10343579439953432,False
17,onlooker,42,7.0,x2,-0.7507794918409187,-0.10827434893132404,0.15148890664699077,1.2665932415824028,-0.10827434893132404,0.09559570441718254,0.8945079678220051,True
17,onlooker,27,12.0,x1,0.46042747028974773,0.0004392760975587282,-0.0168731019675485,0.055308964135808214,-0.4191440579983209,-0.0168731019675485,2.8080540258030173,False
17,onlooker,47,38.0,x2,0.7543507327578329,-0.0067050854020960365,-0.9501502141297273,2.5812589569380475,-0.0067050854020960365,-1.6682696913483137,5.632494374543686,False
17,onlooker,26,42.0,x1,-0.6341936320266353,0.0026849275000046732,-0.002442999139293689,0.010618114633818454,-0.06768473902702712,-0.002442999139293689,0.3092137176232339,False
17,onlooker,4,34.0,x2,-0.8960949924838881,0.011011881458757198,-0.002236698840705943,0.035141122707447625,0.011011881458757198,0.00019855895615315984,0.034378182731405804,True
18,employed,1,45.0,x1,0.38310829421483716,-0.006066179390205935,0.0016495166485740696,0.018832775631381526,-0.010849008544384323,0.0016495166485740696,0.034241794770754286,False
18,employed,2,48.0,x2,-0.3722266873735287,-0.8334211536799729,0.9976043302351527,3.959470339134793,-0.8334211536799729,0.6282112328498146,4.5543381962763085,False
18,employed,3,25.0,x2,0.48338073009023796,-0.9894923034384054,1.3242442462016044,5.57234726167297,-0.9894923034384054,1.985565213575624,5.394319116398336,True
18,employed,4,13.0,x2,0.08369764022333381,0.011011881458757198,0.00019855895615315984,0.034378182731405804,0.011011881458757198,-0.00961623143100098,0.04703385452160491,False
18,employed,5,34.0,x2,0.9576173088940825,-0.3407526888093539,-0.1491589112645484,2.716711783684343,-0.3407526888093539,-0.2924566178493583,3.279716936646747,False
18,employed,6,38.0,x2,-0.763738299441852,-0.16437308544187768,0.13506582662611188,1.5129874933443515,-0.16437308544187768,0.03330093482228878,1.0799707111700347,True
18,employed,7,25.0,x1,0.17754156597914417,-0.028643057951269223,0.07704201133721407,0.4035301151567947,-0.03167581427655122,0.07704201133721407,0.41118510472538405,False
18,employed,8,9.0,x1,-0.13606788603784326,-0.007216667627433962,-0.05651739989384466,0.24534929428050178,-0.007223059524403807,-0.05651739989384466,0.24535396487089445,False
18,employed,9,15.0,x1,-0.7623449154759481,-0.007263643421326048,0.0038437241779476546,0.025041354028307428,-0.008660843943208341,0.0038437241779476546,0.029189900184011908,False
18,employed,10,27.0,x1,-0.6687338379753092,0.047683614188118076,-0.9470604802522616,2.6417659773580735,0.016089726654215236,-0.9470604802522616,2.5876222676519913,True
18,employed,11,30.0,x2,-0.6606061355162691,-3.977448615493859e-05,0.001193472595985341,0.003415494878524772,-3.977448615493859e-05,-0.006855884017005559,0.02064286942846083,False
18,employed,12,37.0,x1,-0.6095167539406592,0.9117301116157679,0.012532638425876444,2.6198353992386214,0.40726245544707196,0.012532638425876444,2.7538396263495426,False
18,employed,13,45.0,x2,-0.9475812869023823,0.0030811463809047035,0.11746339893210633,0.661454890935627,0.0030811463809047035,0.0016042784276948385,0.010146645339258686,True
18,employed,14,27.0,x2,-0.3597904682269062,-0.8139400653199125,-3.0988778417641782,8.179427862654382,-0.8139400653199125,-1.9900019133552047,5.959178979641241,True
18,employed,15,12.0,x1,-0.05679444166970393,-0.009096410313999544,-0.04056854341772606,0.16299498168717763,0.043201417873656986,-0.04056854341772606,0.25900681828867933,False
18,employed,16,43.0,x1,0.8305544110532974,0.007206142663010048,0.5733806605338339,3.223096593766894,0.01720472409584873,0.5733806605338339,3.2261823195987813,False
18,employed,17,15.0,x2,-0.6915127558098575,-0.03695280186173486,0.0015840889683055026,0.14063414276326158,-0.03695280186173486,-0.027564994017599032,0.18618505131405216,False
18,employed,18,37.0,x2,0.1639974509119766,-0.00039114794970864127,0.01689655544239687,0.055391863622560766,-0.00039114794970864127,0.007534333409223399,0.022853967183128265,True
18,employed,19,10.0,x2,0.5205915761748732,0.09638022651248593,-0.03946107725519147,0.561403677480286,0.09638022651248593,0.4330275264864272,2.9787722857961474,False
18,employed,20,27.0,x1,0.3067903990148151,-0.01198110268993521,1.8355667057596583,5.164149763456944,-0.01579155565406562,1.8355667057596583,5.166430032237969,False
18,employed,21,18.0,x1,-0.12180487739524803,0.11656012885404037,-0.012300606865943947,0.659426057182444,0.102314892921742,-0.012300606865943947,0.5512378815822818,True
18,employed,22,9.0,x2,0.5130317352906819,-0.9569962563820364,0.24221171182746315,3.6651174072292396,-0.9569962563820364,0.3645020541690419,4.2501954824889765,False
18,employed,23,8.0,x1,0.5566051895021227,-0.036920844621040325,0.006227136824491858,0.1428137104978231,-0.053454343685571185,0.006227136824491858,0.22753735724833435,False
18,employed,24,41.0,x2,0.4932019281102433,0.37710902215296604,0.0024804174400487843,2.6047180008010398,0.37710902215296604,-0.23249043468119837,3.194504280417544,False
18,employed,25,1.0,x2,-0.4537335747866529,-0.011561106980766601,-0.04387187057153155,0.18225898458410983,-0.011561106980766601,-0.02321728881890557,0.09118578985284076,True
18,employed,26,23.0,x2,0.19108875743359155,0.0026849275000046732,-0.002442999139293689,0.010618114633818454,0.0026849275000046732,-0.004099764647393764,0.01450071210024051,False
18,employed,27,47.0,x2,-0.24878805574259544,0.0004392760975587282,-0.0168731019675485,0.055308964135808214,0.0004392760975587282,-0.24906130017144112,1.756885335103036,False
18,employed,28,44.0,x1,-0.6731414237263269,0.027964528716011218,0.05430650714692152,0.2695189562595357,0.010956552715610201,0.05430650714692152,0.23644959424391176,True
18,employed,29,19.0,x1,-0.895435978357354,-0.08364498002847036,-0.015273033643793305,0.4222653885997407,0.07755606691951554,-0.015273033643793305,0.3819101116509782,True
18,employed,30,38.0,x2,-0.6986944851341741,-0.7882302340052778,-0.01099133190435473,2.973388246413887,-0.7882302340052778,-0.002040079917019863,2.971065368253367,True
18,employed,31,13.0,x2,0.5504665043864296,0.9772206697950231,0.9600266053149704,3.578389295297957,0.9772206697950231,1.487605993322517,6.172491200488807,False
18,employed,32,27.0,x2,-0.9720545611630749,-0.005030801293554418,0.004360328250011767,0.020009927658656057,-0.005030801293554418,-0.01627972444210555,0.05590836983197933,False
18,employed,33,1.0,x1,0.021321263479794128,-0.005647917089294539,0.9451971158660425,2.5819392587508436,-0.005638999208573143,0.9451971158660425,2.5819365060557193,True
18,employed,34,15.0,x1,-0.6393771080096458,-0.9788594200455047,0.00048093468842337964,2.5974970983353214,-0.35881515142864495,0.00048093468842337964,2.5056343093075317,True
18,employed,35,31.0,x2,-0.5431270565651458,-0.9529378384381878,-0.9589648510495581,3.5824613500421667,-0.9529378384381878,0.08329133021937074,2.761100195292688,True
18,employed,36,30.0,x1,-0.24146809882745424,-5.0,-3.106494064471876,11.57835723541098,-3.9829919619063023,-3.106494064471876,10.494540470203816,True
18,employed,37,10.0,x2,-0.7237905242625027,0.08407828267554235,0.07398416248208504,0.6245931456076446,0.08407828267554235,-0.6650382747780275,3.33303873816076,False
18,employed,38,12.0,x1,-0.9403357839740298,0.05964833157182434,0.001820064460990718,0.26088793774966534,0.8608913202194328,0.001820064460990718,2.7384756176867637,False
18,employed,39,16.0,x2,0.8039093803635884,0.8067097113029637,1.014388672089342,4.108875508948266,0.8067097113029637,1.368919149394309,5.895745411963976,False
18,employed,40,42.0,x2,-0.2559924865606822,-0.03783122210505976,0.03369945485751012,0.2105004327512927,-0.03783122210505976,0.049544429691071194,0.27713301044921623,False
18,employed,41,29.0,x2,0.13472111802811693,0.450611174815396,0.4788995851865405,4.1158768410004,0.450611174815396,0.5454750728942456,4.238120555414952,False
18,employed,42,41.0,x2,-0.5274197969660688,-0.10827434893132404,0.09559570441718254,0.8945079678220051,-0.10827434893132404,0.2977577593888635,2.3222519939895148,False
18,employed,43,15.0,x1,-0.396429132508777,-0.004832299731340274,-0.8610492658406241,2.7384852135694797,-0.006522717390545384,-0.8610492658406241,2.7389435602118017,False
18,employed,44,3.0,x1,-0.37062427342161564,0.0026979570849719157,-0.008244487683358061,0.026538421620479813,-0.3650318373175084,-0.008244487683358061,2.541156280039488,False
18,employed,45,44.0,x1,0.823975295142962,0.0064180952297956395,-0.004804866709938838,0.02438752726891069,0.009483397155649359,-0.004804866709938838,0.03307660212142283,False
18,employed,46,6.0,x2,-0.0838829167631372,-0.0003454061522631946,0.0005762956389431489,0.0019123828226565998,-0.0003454061522631946,0.003321333823663429,0.0097417083797251,False
18,employed,47,19.0,x2,-0.021281606753224214,-0.0067050854020960365,-0.9501502141297273,2.5812589569380475,-0.0067050854020960365,-0.9307692860443303,2.591585330664348,False
18,employed,48,28.0,x1,-0.9594824799645079,0.06681802759830316,0.005216868734701832,0.30487291027655106,0.013219921143381858,0.005216868734701832,0.04556804079022614,True
18,employed,49,42.0,x1,0.947328146346677,0.11746900320702498,-0.8653451682438168,3.025389118154163,0.3313220345383323,-0.8653451682438168,4.083804579054622,False
18,employed,50,33.0,x2,0.3209044769867384,-1.046378366071603,-0.02029985423382539,2.819005289450996,-1.046378366071603,-0.33013215445600413,4.32459571340889,False
18,onlooker,26,17.0,x1,-0.7020443516409578,0.0026849275000046732,-0.002442999139293689,0.010618114633818454,-0.02514251651027751,-0.002442999139293689,0.08835196462008499,False
18,onlooker,28,3.0,x1,0.6490051353837478,0.010956552715610201,0.05430650714692152,0.23644959424391176,0.6602529980483628,0.05430650714692152,3.280752511800309,False
18,onlooker,21,22.0,x2,-0.34565828304818846,0.102314892921742,-0.012300606865943947,0.5512378815822818,0.102314892921742,0.07567368422823251,0.7476563737844022,False
18,onlooker,48,9.0,x2,-0.6973843570495777,0.013219921143381858,0.005216868734701832,0.04556804079022614,0.013219921143381858,0.004259259200853693,0.04441355550533688,True
18,onlooker,9,34.0,x1,0.9837906374591967,-0.007263643421326048,0.0038437241779476546,0.025041354028307428,0.33858943874093606,0.0038437241779476546,2.38766383196942,False
18,onlooker,11,46.0,x1,-0.4427668815836552,-3.977448615493859e-05,0.001193472595985341,0.003415494878524772,-0.000175098065870908,0.001193472595985341,0.003450531621304709,False
18,onlooker,31,2.0,x1,-0.008692050847622035,0.9772206697950231,0.9600266053149704,3.578389295297957,0.9614824789985473,0.9600266053149704,3.5773743823808215,True
18,onlooker,32,27.0,x1,-0.5243292302364178,-0.005030801293554418,0.004360328250011767,0.020009927658656057,-0.00216267982573843,0.004360328250011767,0.014397233143526922,True
18,onlooker,43,49.0,x1,-0.08160780861586936,-0.004832299731340274,-0.8610492658406241,2.7384852135694797,0.005148441592325299,-0.8610492658406241,2.73856056838347,False
18,onlooker,29,40.0,x2,-0.517021878756412,0.07755606691951554,-0.015273033643793305,0.3819101116509782,0.07755606691951554,0.010046814368527376,0.3762160728927033,True
18,onlooker,44,14.0,x2,0.5516616070304776,0.0026979570849719157,-0.008244487683358061,0.026538421620479813,0.0026979570849719157,1.0850149985073552,3.028112312716083,False
18,onlooker,7,16.0,x2,0.06723986787973546,-0.028643057951269223,0.07704201133721407,0.4035301151567947,-0.028643057951269223,0.043668266141626985,0.2189922311030803,True
18,onlooker,26,43.0,x2,0.9922545152772144,0.0026849275000046732,-0.002442999139293689,0.010618114633818454,0.0026849275000046732,0.8495129458404136,2.773260639469268,False
18,onlooker,7,15.0,x1,-0.2848035795538484,-0.028643057951269223,0.043668266141626985,0.2189922311030803,-0.023076102735897046,0.043668266141626985,0.20353798869812367,True
18,onlooker,24,26.0,x1,0.7123901262968333,0.37710902215296604,0.0024804174400487843,2.6047180008010398,0.6438450502313666,0.0024804174400487843,3.248907891322134,False
18,onlooker,39,1.0,x1,-0.08995647883362423,0.8067097113029637,1.014388672089342,4.108875508948266,0.7335952540953434,1.014388672089342,4.400493472325056,False
18,onlooker,29,23.0,x2,-0.7387094879485954,0.07755606691951554,0.010046814368527376,0.3762160728927033,0.07755606691951554,0.00722518232584415,0.37411068368670586,True
18,onlooker,19,22.0,x2,-0.6245681551004825,0.09638022651248593,-0.03946107725519147,0.561403677480286,0.09638022651248593,0.13646277696416947,1.0929402047863523,False
18,onlooker,38,16.0,x1,0.1779745811372324,0.05964833157182434,0.001820064460990718,0.26088793774966534,0.06898170817679017,0.001820064460990718,0.31712834322975825,False
18,onlooker,25,44.0,x2,-0.7559701362743236,-0.011561106980766601,-0.02321728881890557,0.09118578985284076,-0.011561106980766601,-0.011898298304057373,0.05423923467506642,True
18,onlooker,7,16.0,x1,-0.13757006374832992,-0.023076102735897046,0.043668266141626985,0.20353798869812367,-0.01891017230592683,0.043668266141626985,0.1938993188926692,True
18,onlooker,15,39.0,x2,-0.5094683137814007,-0.009096410313999544,-0.04056854341772606,0.16299498168717763,-0.009096410313999544,0.49689873027818166,3.0764194351875287,False
18,onlooker,5,22.0,x2,0.546758576276968,-0.3407526888093539,-0.1491589112645484,2.716711783684343,-0.3407526888093539,-0.36314415594296645,3.52741528629057,False
18,onlooker,44,36.0,x1,0.1157733569994881,0.0026979570849719157,-0.008244487683358061,0.026538421620479813,0.4641346589656095,-0.008244487683358061,2.977046919040465,False
18,onlooker,37,34.0,x2,-0.5312667350098783,0.08407828267554235,0.07398416248208504,0.6245931456076446,0.08407828267554235,0.03493434263945907,0.46525918089358287,True
18,onlooker,26,39.0,x2,-0.3657586762497236,0.0026849275000046732,-0.002442999139293689,0.010618114633818454,0.0026849275000046732,0.3694720068980862,2.5643188471909615,False
18,onlooker,32,24.0,x2,0.006317701890039995,-0.00216267982573843,0.004360328250011767,0.014397233143526922,-0.00216267982573843,0.004372204966088976,0.014430096046976093,False
18,onlooker,6,34.0,x1,0.7313740707090401,-0.16437308544187768,0.03330093482228878,1.0799707111700347,-0.022163200124059895,0.03330093482228878,0.15528811930722997,True
18,onlooker,8,19.0,x1,-0.90266509031833,-0.007216667627433962,-0.05651739989384466,0.24534929428050178,0.08629663217807529,-0.05651739989384466,0.555485608715895,False
18,onlooker,1,50.0,x1,-0.013056983387230714,-0.006066179390205935,0.0016495166485740696,0.018832775631381526,-0.019649518329238592,0.0016495166485740696,0.06609345692823299,False
18,onlooker,18,14.0,x2,0.9600252898899182,-0.00039114794970864127,0.007534333409223399,0.022853967183128265,-0.00039114794970864127,1.9252196477748629,4.910357047094976,False
18,onlooker,13,37.0,x1,-0.4324838083881324,0.0030811463809047035,0.0016042784276948385,0.010146645339258686,0.03811109635414221,0.0016042784276948385,0.14617334439349294,False
18,onlooker,4,35.0,x1,-0.9967383047402703,0.011011881458757198,0.00019855895615315984,0.034378182731405804,-0.9497937282061821,0.00019855895615315984,2.5800617363887537,False
18,onlooker,32,13.0,x1,0.49220846414300246,-0.00216267982573843,0.004360328250011767,0.014397233143526922,-0.004743735469143073,0.004360328250011767,0.019329454483724806,False
18,onlooker,39,36.0,x2,-0.9510331170647792,0.8067097113029637,1.014388672089342,4.108875508948266,0.8067097113029637,-2.9047072819209108,7.860970870236894,False
18,onlooker,34,50.0,x2,-0.5147492629487542,-0.35881515142864495,0.00048093468842337964,2.5056343093075317,-0.35881515142864495,-0.01021596109279781,2.5072588824106004,False
18,onlooker,13,41.0,x2,-0.6792063898878389,0.0030811463809047035,0.0016042784276948385,0.010146645339258686,0.0030811463809047035,0.32578630064177905,2.307980354744118,False
18,onlooker,32,38.0,x2,-0.9256786763612856,-0.00216267982573843,0.004360328250011767,0.014397233143526922,-0.00216267982573843,0.002008860228182258,0.008580741943284398,True
18,onlooker,27,30.0,x2,-0.3931142052164116,0.0004392760975587282,-0.0168731019675485,0.055308964135808214,0.0004392760975587282,-0.011042030293197428,0.03450485094278166,True
18,onlooker,45,8.0,x2,-0.27161058098827895,0.0064180952297956395,-0.004804866709938838,0.02438752726891069,0.0064180952297956395,-0.018850537892395155,0.06685008845199691,False
18,onlooker,44,10.0,x2,0.64274827265535,0.0026979570849719157,-0.008244487683358061,0.026538421620479813,0.0026979570849719157,0.5951778698815225,3.242242364346606,False
18,onlooker,4,25.0,x2,-0.8493386751085932,0.011011881458757198,0.00019855895615315984,0.034378182731405804,0.011011881458757198,-0.01007576976221182,0.048140438774709526,False
18,onlooker,32,40.0,x2,0.6997170964936057,-0.00216267982573843,0.002008860228182258,0.008580741943284398,-0.00216267982573843,-0.02016559063200689,0.06828015435195711,False
18,onlooker,48,33.0,x2,0.5381238276800406,0.013219921143381858,0.004259259200853693,0.04441355550533688,0.013219921143381858,-0.5020818218368711,3.0912769836518383,False
18,onlooker,25,46.0,x1,0.28751676439892515,-0.011561106980766601,-0.011898298304057373,0.05423923467506642,-0.014785808993444245,-0.011898298304057373,0.06324797118203351,False
18,onlooker,45,12.0,x2,-0.006524438563871415,0.0064180952297956395,-0.004804866709938838,0.02438752726891069,0.0064180952297956395,-0.004691749222829406,0.024168658794792908,True
18,onlooker,37,10.0,x1,-0.5773204134760435,0.08407828267554235,0.03493434263945907,0.46525918089358287,0.044827101401670635,0.03493434263945907,0.24491523101460944,True
18,onlooker,48,22.0,x2,-0.6363690941524567,0.013219921143381858,0.004259259200853693,0.04441355550533688,0.013219921143381858,0.1556848459302045,0.9792598520895699,False
18,onlooker,17,21.0,x1,0.2461705149404423,-0.03695280186173486,0.0015840889683055026,0.14063414276326158,-0.07123640200115171,0.0015840889683055026,0.3312312252230396,False
18,onlooker,46,50.0,x2,0.303397517822225,-0.0003454061522631946,0.0005762956389431489,0.0019123828226565998,-0.0003454061522631946,0.006910067692025882,0.020843179086722063,False
19,employed,1,36.0,x1,-0.35634166060682193,-0.006066179390205935,0.0016495166485740696,0.018832775631381526,-1.4232105168420766,0.0016495166485740696,5.305781153579215,False
19,employed,2,44.0,x2,-0.5644033295593702,-0.8334211536799729,0.9976043302351527,3.959470339134793,-0.8334211536799729,0.4298999083685885,4.385265500872151,False
19,employed,3,7.0,x2,0.9465119801953017,-0.9894923034384054,1.985565213575624,5.394319116398336,-0.9894923034384054,3.8235939386265887,9.219069339862775,False
19,employed,4,44.0,x1,-0.3927097309237333,0.011011881458757198,0.00019855895615315984,0.034378182731405804,0.007746922455007712,0.00019855895615315984,0.023517157081088147,True
19,employed,5,35.0,x1,-0.06596328517360095,-0.3407526888093539,-0.1491589112645484,2.716711783684343,-0.3811344324133642,-0.1491589112645484,2.9114754195112416,False
19,employed,6,17.0,x2,-0.4264515784794103,-0.022163200124059895,0.03330093482228878,0.15528811930722997,-0.022163200124059895,0.019775235843469473,0.10736909073583378,True
19,employed,7,8.0,x2,0.09863616455167845,-0.01891017230592683,0.043668266141626985,0.1938993188926692,-0.01891017230592683,0.05355019598242127,0.24443913544258722,False
19,employed,8,23.0,x2,0.024372840599888645,-0.007216667627433962,-0.05651739989384466,0.24534929428050178,-0.007216667627433962,-0.058046662485794535,0.2540579994740537,False
19,employed,9,12.0,x1,0.8772213415464953,-0.007263643421326048,0.0038437241779476546,0.025041354028307428,-0.8134245780878169,0.0038437241779476546,2.890158024690152,False
19,employed,10,33.0,x2,0.7992013147666737,0.016089726654215236,-0.9470604802522616,2.5876222676519913,0.016089726654215236,-2.4593552389472357,7.579903332549211,False
19,employed,11,6.0,x2,0.24570193171234966,-3.977448615493859e-05,0.001193472595985341,0.003415494878524772,-3.977448615493859e-05,-0.003372102528543054,0.009841216826189214,False
19,employed,12,43.0,x1,-0.3381584403710667,0.9117301116157679,0.012532638425876444,2.6198353992386214,0.6017867960918857,0.012532638425876444,3.2481585342715324,False
19,employed,13,10.0,x1,-0.46995738838876067,0.0030811463809047035,0.0016042784276948385,0.010146645339258686,0.009194624792795272,0.0016042784276948385,0.02871731546102696,False
19,employed,14,15.0,x1,-0.10560207015292966,-0.8139400653199125,-1.9900019133552047,5.959178979641241,-0.7289469092018377,-1.9900019133552047,6.3557242936651654,False
19,employed,15,17.0,x2,-0.4574518545840174,-0.009096410313999544,-0.04056854341772606,0.16299498168717763,-0.009096410313999544,-0.02128574355713761,0.07968405916394206,True
19,employed,16,33.0,x2,-0.8939352566562311,0.007206142663010048,0.5733806605338339,3.223096593766894,0.007206142663010048,0.9057604989602419,2.6277445505043997,True
19,employed,17,18.0,x2,0.37950393188094966,-0.03695280186173486,0.0015840889683055026,0.14063414276326158,-0.03695280186173486,-0.0006740521926756021,0.14050155314431523,True
19,employed,18,9.0,x1,-0.5581442755741752,-0.00039114794970864127,0.007534333409223399,0.022853967183128265,-0.004226991956101338,0.007534333409223399,0.026421326397333633,False
19,employed,19,10.0,x2,-0.9981477865371902,0.09638022651248593,-0.03946107725519147,0.561403677480286,0.09638022651248593,-0.9453794124191923,2.817740104062207,False
19,employed,20,25.0,x1,-0.9220824211677536,-0.01198110268993521,1.8355667057596583,5.164149763456944,-0.011593832029544952,1.8355667057596583,5.163952858681821,True
19,employed,21,14.0,x1,0.9896068491839431,0.102314892921742,-0.012300606865943947,0.5512378815822818,1.009047075196431,-0.012300606865943947,2.6661604992929324,False
19,employed,22,47.0,x2,-0.5698483836873316,-0.9569962563820364,0.24221171182746315,3.6651174072292396,-0.9569962563820364,-0.43725380444955564,4.462986229721086,False
19,employed,23,16.0,x2,-0.07259083546289702,-0.036920844621040325,0.006227136824491858,0.1428137104978231,-0.036920844621040325,0.07152501510867465,0.3924476437413884,False
19,employed,24,43.0,x1,0.6052918827861822,0.37710902215296604,0.0024804174400487843,2.6047180008010398,0.608295003990161,0.0024804174400487843,3.2491661278504123,False
19,employed,25,7.0,x1,-0.7511023033032957,-0.011561106980766601,-0.011898298304057373,0.05423923467506642,-0.01708100687362083,-0.011898298304057373,0.07038309846428392,False
19,employed,26,21.0,x2,0.7401907792275442,0.0026849275000046732,-0.002442999139293689,0.010618114633818454,0.0026849275000046732,0.004853511205215026,0.016507371113079206,False
19,employed,27,45.0,x1,-0.7852683006269396,0.0004392760975587282,-0.011042030293197428,0.03450485094278166,0.005134253237286241,-0.011042030293197428,0.03838702304243968,False
19,employed,28,30.0,x2,-0.6886496057497742,0.010956552715610201,0.05430650714692152,0.23644959424391176,0.010956552715610201,0.015503452179992959,0.06326915354002383,True
19,employed,29,35.0,x1,0.8328664958578129,0.07755606691951554,0.00722518232584415,0.37411068368670586,0.9358199148776186,0.00722518232584415,2.5875000732471176,False
19,employed,30,23.0,x1,-0.833834450615897,-0.7882302340052778,-0.002040079917019863,2.971065368253367,-0.1617625820655071,-0.002040079917019863,1.025569102021905,True
19,employed,31,29.0,x1,-0.18296665972829063,0.9614824789985473,0.9600266053149704,3.5773743823808215,0.7997534159348343,0.9600266053149704,4.064914492644981,False
19,employed,32,41.0,x2,-0.31931107214722454,-0.00216267982573843,0.002008860228182258,0.008580741943284398,-0.00216267982573843,0.1542853489117028,0.9622848240710202,False
19,employed,33,44.0,x1,-0.45259918473043026,-0.005638999208573143,0.9451971158660425,2.5819365060557193,-0.0018656995869814194,0.9451971158660425,2.5811619148841136,True
19,employed,34,8.0,x2,-0.3870392453628402,-0.35881515142864495,0.00048093468842337964,2.5056343093075317,-0.35881515142864495,-0.021579657715236317,2.5128780304529497,False
19,employed,35,2.0,x2,-0.4375080662515174,-0.9529378384381878,0.08329133021937074,2.761100195292688,-0.9529378384381878,0.4833106428048991,4.541958945806012,False
19,employed,36,33.0,x1,-0.7154340428868153,-3.9829919619063023,-3.106494064471876,10.494540470203816,-1.1347587048123144,-3.106494064471876,8.12822683522336,True
19,employed,37,6.0,x1,-0.7352294174912992,0.044827101401670635,0.03493434263945907,0.24491523101460944,-0.0044261389666587145,0.03493434263945907,0.13228629072371634,True
19,employed,38,4.0,x2,0.7492708236858792,0.05964833157182434,0.001820064460990718,0.26088793774966534,0.05964833157182434,0.0030350112262115423,0.2611793300373795,False
19,employed,39,48.0,x2,-0.9068776965424274,0.8067097113029637,1.014388672089342,4.108875508948266,0.8067097113029637,0.09832483691927507,3.1001157948235947,True
19,employed,40,38.0,x1,0.4743034934343955,-0.03783122210505976,0.03369945485751012,0.2105004327512927,-0.08406611495243155,0.03369945485751012,0.4617929239436944,False
19,employed,41,50.0,x2,-0.30425867655786365,0.450611174815396,0.4788995851865405,4.1158768410004,0.450611174815396,0.32701382441007254,3.740384134208782,True
19,employed,42,14.0,x1,-0.09383575838034552,-0.10827434893132404,0.09559570441718254,0.8945079678220051,-0.17449102659165705,0.09559570441718254,1.3749897977616254,False
19,employed,43,42.0,x1,0.45718728507579764,-0.004832299731340274,-0.8610492658406241,2.7384852135694797,0.04246008990507739,-0.8610492658406241,2.7804048245015918,False
19,employed,44,24.0,x1,-0.5108743134282536,0.0026979570849719157,-0.008244487683358061,0.026538421620479813,0.19397495289152464,-0.008244487683358061,1.3023403070688713,False
19,employed,45,36.0,x1,0.7090537360843923,0.0064180952297956395,-0.004691749222829406,0.024168658794792908,0.8155737688324852,-0.004691749222829406,2.883272915902776,False
19,employed,46,20.0,x1,0.33717089164196845,-0.0003454061522631946,0.0005762956389431489,0.0019123828226565998,0.003447235630348487,0.0005762956389431489,0.01021081361648557,False
19,employed,47,20.0,x1,-0.043013123717030366,-0.0067050854020960365,-0.9501502141297273,2.5812589569380475,-0.006915365665603712,-0.9501502141297273,2.5813376193920736,False
19,employed,48,26.0,x1,0.5514516280445558,0.013219921143381858,0.004259259200853693,0.04441355550533688,0.01902946053946125,0.004259259200853693,0.06525031702889494,False
19,employed,49,48.0,x1,-0.11126767472353527,0.11746900320702498,-0.8653451682438168,3.025389118154163,0.10586945025374041,-0.8653451682438168,2.973695494060568,True
19,employed,50,17.0,x2,-0.2528179870552174,-1.046378366071603,-0.02029985423382539,2.819005289450996,-1.046378366071603,-0.015338098467437722,2.8141788404386436,True
19,onlooker,7,16.0,x2,-0.8271051734623875,-0.01891017230592683,0.043668266141626985,0.1938993188926692,-0.01891017230592683,0.7567092119076445,3.0707301308367687,False
19,onlooker,21,9.0,x1,-0.30718650805118264,0.102314892921742,-0.012300606865943947,0.5512378815822818,0.06865384498515532,-0.012300606865943947,0.32187212592292314,True
19,onlooker,40,13.0,x1,0.2237892426841379,-0.03783122210505976,0.03369945485751012,0.2105004327512927,-0.04698697006494813,0.03369945485751012,0.25058939971245,False
19,onlooker,45,28.0,x1,-0.6124147744551747,0.0064180952297956395,-0.004691749222829406,0.024168658794792908,0.009197513647345163,-0.004691749222829406,0.03204026335108212,False
19,onlooker,17,30.0,x1,0.013222279519707003,-0.03695280186173486,-0.0006740521926756021,0.14050155314431523,-0.03530253206108739,-0.0006740521926756021,0.1327273219655969,True
19,onlooker,8,23.0,x1,0.08613338982049679,-0.007216667627433962,-0.05651739989384466,0.24534929428050178,-0.0046581461711466335,-0.05651739989384466,0.2438098758164533,True
19,onlooker,13,32.0,x2,-0.8596798010295803,0.0030811463809047035,0.0016042784276948385,0.010146645339258686,0.0030811463809047035,0.0019520892294380527,0.01067086796680572,False
19,onlooker,17,41.0,x2,-0.48143039818368916,-0.03530253206108739,-0.0006740521926756021,0.1327273219655969,-0.03530253206108739,0.15708485272015302,1.0230684073561034,False
19,onlooker,28,21.0,x2,-0.36707971516950644,0.010956552715610201,0.015503452179992959,0.06326915354002383,0.010956552715610201,0.0052971461048543,0.038361189021248965,True
19,onlooker,46,17.0,x1,-0.5266481970259633,-0.0003454061522631946,0.0005762956389431489,0.0019123828226565998,-0.018755513485355046,0.0005762956389431489,0.062422313789376904,False
19,onlooker,45,37.0,x1,0.3635994273963947,0.0064180952297956395,-0.004691749222829406,0.024168658794792908,0.010361052574178846,-0.004691749222829406,0.03561152905178533,False
19,onlooker,4,8.0,x1,0.2766799276193257,0.007746922455007712,0.00019855895615315984,0.023517157081088147,0.011179155944604864,0.00019855895615315984,0.0349498741264509,False
19,onlooker,10,13.0,x1,0.5582770306872213,0.016089726654215236,-0.9470604802522616,2.5876222676519913,0.023352118222655403,-0.9470604802522616,2.5954240561143256,False
19,onlooker,14,4.0,x2,-0.9271361053802778,-0.8139400653199125,-1.9900019133552047,5.959178979641241,-0.8139400653199125,-0.1448151985304631,3.272361648787474,True
19,onlooker,22,32.0,x2,0.7377704667836058,-0.9569962563820364,0.24221171182746315,3.6651174072292396,-0.9569962563820364,0.4194262817746178,4.420062077620049,False
19,onlooker,6,11.0,x2,0.05960122181494221,-0.022163200124059895,0.019775235843469473,0.10736909073583378,-0.022163200124059895,0.020882731636495518,0.11067137958972184,False
19,onlooker,18,25.0,x1,0.8482492979684308,-0.00039114794970864127,0.007534333409223399,0.022853967183128265,0.009083761956722407,0.007534333409223399,0.037085730285487006,False
19,onlooker,26,21.0,x1,0.9788798133994896,0.0026849275000046732,-0.002442999139293689,0.010618114633818454,-0.06189071413802593,-0.002442999139293689,0.27418461907714375,False
19,onlooker,4,47.0,x2,0.0033236841309660647,0.007746922455007712,0.00019855895615315984,0.023517157081088147,0.007746922455007712,0.0033572180921417703,0.02577788323678165,False
19,onlooker,25,47.0,x1,0.014647959186139037,-0.011561106980766601,-0.011898298304057373,0.05423923467506642,-0.011632237786657978,-0.011898298304057373,0.054423429628663644,False
19,onlooker,22,14.0,x2,0.3176335336348417,-0.9569962563820364,0.24221171182746315,3.6651174072292396,-0.9569962563820364,0.3651444369762264,4.25251878727283,False
19,onlooker,27,11.0,x2,0.4188258301226495,0.0004392760975587282,-0.011042030293197428,0.03450485094278166,0.0004392760975587282,-0.016166574947727476,0.052692514111126076,False
19,onlooker,30,20.0,x1,-0.9911981561928989,-0.1617625820655071,-0.002040079917019863,1.025569102021905,-0.01291559391206909,-0.002040079917019863,0.041530196954273624,True
19,onlooker,23,1.0,x2,-0.8500030214019203,-0.036920844621040325,0.006227136824491858,0.1428137104978231,-0.036920844621040325,0.002336145844131348,0.14067259145996447,True
19,onlooker,21,5.0,x1,-0.4486691324256675,0.06865384498515532,-0.012300606865943947,0.32187212592292314,-0.11503422934182685,-0.012300606865943947,0.6475801769943428,False
19,onlooker,31,16.0,x2,0.9952971882430208,0.9614824789985473,0.9600266053149704,3.5773743823808215,0.9614824789985473,1.0140375083867283,3.630921157571063,False
19,onlooker,46,29.0,x1,0.9338942772698609,-0.0003454061522631946,0.0005762956389431489,0.0019123828226565998,-0.07309714604488952,0.0005762956389431489,0.3429599851542453,False
19,onlooker,44,16.0,x1,0.49919249197061877,0.0026979570849719157,-0.008244487683358061,0.026538421620479813,0.00044750469200505573,-0.008244487683358061,0.025167546242493177,True
19,onlooker,7,35.0,x1,-0.017836347010839138,-0.01891017230592683,0.043668266141626985,0.1938993188926692,-0.03556981387678604,0.043668266141626985,0.24200658902781358,False
19,onlooker,1,15.0,x2,0.9107644348084971,-0.006066179390205935,0.0016495166485740696,0.018832775631381526,-0.006066179390205935,0.022538135947014884,0.08046050085829792,False
19,onlooker,15,9.0,x1,-0.6249371068555833,-0.009096410313999544,-0.02128574355713761,0.07968405916394206,-0.007951046274551472,-0.02128574355713761,0.07796310459952638,True
19,onlooker,24,43.0,x2,0.516003530266693,0.37710902215296604,0.0024804174400487843,2.6047180008010398,0.37710902215296604,0.4480647825029553,3.8727244439603443,False
19,onlooker,21,11.0,x1,-0.9078701997956178,0.06865384498515532,-0.012300606865943947,0.32187212592292314,0.006288954951052736,-0.012300606865943947,0.044150122052990515,True
19,onlooker,23,41.0,x1,0.4593639871886275,-0.036920844621040325,0.002336145844131348,0.14067259145996447,-0.26087549695148515,0.002336145844131348,1.8494339149197114,False
19,onlooker,19,31.0,x2,-0.12750695810756474,0.09638022651248593,-0.03946107725519147,0.561403677480286,0.09638022651248593,0.08798055681530914,0.7754572530648329,False
19,onlooker,27,26.0,x1,0.36193320025031794,0.0004392760975587282,-0.011042030293197428,0.03450485094278166,-0.00037349970117514736,-0.011042030293197428,0.03449658663030464,True
19,onlooker,25,48.0,x1,-0.1439436368366276,-0.011561106980766601,-0.011898298304057373,0.05423923467506642,-0.007994035668025921,-0.011898298304057373,0.04600747263746685,True
19,onlooker,1,13.0,x1,0.0012137162133118995,-0.006066179390205935,0.0016495166485740696,0.018832775631381526,-0.006077281647802778,0.0016495166485740696,0.018866666933565757,False
19,onlooker,26,29.0,x2,0.4291041965401643,0.0026849275000046732,-0.002442999139293689,0.010618114633818454,0.0026849275000046732,-0.00659165637889617,0.0214797756019256,False
19,onlooker,13,34.0,x1,0.4080645462384256,0.0030811463809047035,0.0016042784276948385,0.010146645339258686,0.15075819493192472,0.0016042784276948385,0.9325323069245219,False
19,onlooker,19,21.0,x1,-0.6421504286871005,0.09638022651248593,-0.03946107725519147,0.561403677480286,0.03852807785834562,-0.03946107725519147,0.23537531525052247,True
19,onlooker,20,40.0,x2,0.8179460110997678,-0.011593832029544952,1.8355667057596583,5.163952858681821,-0.011593832029544952,3.309396836166375,8.821345712804328,False
19,onlooker,28,15.0,x1,0.36457943731946285,0.010956552715610201,0.0052971461048543,0.038361189021248965,0.01784987451650539,0.0052971461048543,0.06186992605747266,False
19,onlooker,37,17.0,x1,0.6530957229790935,-0.0044261389666587145,0.03493434263945907,0.13228629072371634,0.01573910130433387,0.03493434263945907,0.14705013321414784,False
19,onlooker,4,1.0,x1,-0.7540584547358948,0.007746922455007712,0.00019855895615315984,0.023517157081088147,-0.002668963777503629,0.00019855895615315984,0.007760553728648478,True
19,onlooker,8,45.0,x1,-0.1500365955574383,-0.0046581461711466335,-0.05651739989384466,0.2438098758164533,-0.002996304619776904,-0.05651739989384466,0.24316416663970175,True
19,onlooker,13,23.0,x2,-0.21031821459873545,0.0030811463809047035,0.0016042784276948385,0.010146645339258686,0.0030811463809047035,0.0017582034760427545,0.010368921526755503,False
19,onlooker,15,7.0,x2,0.31183092394776124,-0.007951046274551472,-0.02128574355713761,0.07796310459952638,-0.007951046274551472,-0.04154041241561522,0.16658196665000746,False
19,onlooker,7,39.0,x2,-0.5966239734390928,-0.01891017230592683,0.043668266141626985,0.1938993188926692,-0.01891017230592683,0.07627768657354239,0.37898459805687823,False
19,onlooker,37,41.0,x1,-0.7493479804510985,-0.0044261389666587145,0.03493434263945907,0.13228629072371634,0.3365551531458168,0.03493434263945907,2.395074792891521,False
20,employed,1,6.0,x2,0.8991455413073197,-0.006066179390205935,0.0016495166485740696,0.018832775631381526,-0.006066179390205935,-0.014648142948504632,0.05152441776776273,False
20,employed,2,24.0,x2,0.2604709899459767,-0.8334211536799729,0.9976043302351527,3.959470339134793,-0.8334211536799729,1.2568052409198072,5.302307602181823,False
20,employed,3,2.0,x2,-0.4425796388873202,-0.9894923034384054,1.985565213575624,5.394319116398336,-0.9894923034384054,1.5483138425920004,6.2730858810524985,False
20,employed,4,26.0,x2,0.7724366267788079,-0.002668963777503629,0.00019855895615315984,0.007760553728648478,-0.002668963777503629,0.002238995180840376,0.0101766624109918,False
20,employed,5,15.0,x1,0.5503826397174392,-0.3407526888093539,-0.1491589112645484,2.716711783684343,-0.5239209353299581,-0.1491589112645484,3.38109215087793,False
20,employed,6,34.0,x2,-0.7694584643885101,-0.022163200124059895,0.019775235843469473,0.10736909073583378,-0.022163200124059895,0.00492907250525825,0.07788934536842307,True
20,employed,7,16.0,x2,-0.5242719271227605,-0.01891017230592683,0.043668266141626985,0.1938993188926692,-0.01891017230592683,0.49563902239900576,3.0764399848441752,False
20,employed,8,23.0,x1,0.27066848609516847,-0.002996304619776904,-0.05651739989384466,0.24316416663970175,0.0061859992638400516,-0.05651739989384466,0.24464985949401497,False
20,employed,9,23.0,x1,-0.510926848496388,-0.007263643421326048,0.0038437241779476546,0.025041354028307428,-0.02241630376551936,0.0038437241779476546,0.07804470370586758,False
20,employed,10,36.0,x2,0.16894218942297967,0.016089726654215236,-0.9470604802522616,2.5876222676519913,0.016089726654215236,-0.5822410426206877,3.234971357606803,False
20,employed,11,27.0,x2,0.1088391948919567,-3.977448615493859e-05,0.001193472595985341,0.003415494878524772,-3.977448615493859e-05,0.0025251748795422036,0.0073129883663942685,False
20,employed,12,11.0,x2,0.3608621221849124,0.9117301116157679,0.012532638425876444,2.6198353992386214,0.9117301116157679,0.01662451387105759,2.6229571813698915,False
20,employed,13,20.0,x1,-0.27306436053996075,0.0030811463809047035,0.0016042784276948385,0.010146645339258686,-0.0009260672146824611,0.0016042784276948385,0.005330688407948703,True
20,employed,14,8.0,x2,0.19367466910089282,-0.8139400653199125,-0.1448151985304631,3.272361648787474,-0.8139400653199125,-0.16191624546374744,3.3516303024550322,False
20,employed,15,31.0,x2,-0.3193987126669433,-0.007951046274551472,-0.02128574355713761,0.07796310459952638,-0.007951046274551472,0.292144157396788,2.0824558454919537,False
20,employed,16,44.0,x2,0.6909157974308566,0.007206142663010048,0.9057604989602419,2.6277445505043997,0.007206142663010048,1.5372609831628843,5.612969284952282,False
20,employed,17,6.0,x2,0.39007677561983645,-0.03530253206108739,-0.0006740521926756021,0.1327273219655969,-0.03530253206108739,-0.002859701008241509,0.13323932368604163,False
20,employed,18,21.0,x2,0.9994297021257856,-0.00039114794970864127,0.007534333409223399,0.022853967183128265,-0.00039114794970864127,0.027357961860116648,0.09719934825028931,False
20,employed,19,12.0,x1,-0.4389515891710212,0.03852807785834562,-0.03946107725519147,0.23537531525052247,0.42182149824353377,-0.03946107725519147,2.8365875574293686,False
20,employed,20,23.0,x1,-0.4625697026386737,-0.011593832029544952,1.8355667057596583,5.163952858681821,-0.02330934071271891,1.8355667057596583,5.172743692815377,False
20,employed,21,35.0,x2,-0.0381837756370389,0.006288954951052736,-0.012300606865943947,0.044150122052990515,0.006288954951052736,-0.008650545787568353,0.03329348930248033,True
20,employed,22,11.0,x1,0.012748138973125211,-0.9569962563820364,0.24221171182746315,3.6651174072292396,-0.9691956706044781,0.24221171182746315,3.6795221564315566,False
20,employed,23,45.0,x2,0.5847912937001056,-0.036920844621040325,0.002336145844131348,0.14067259145996447,-0.036920844621040325,0.006445997692327917,0.14299124176308853,False
20,employed,24,26.0,x2,-0.4230147937161046,0.37710902215296604,0.0024804174400487843,2.6047180008010398,0.37710902215296604,0.0003977393913597786,2.6046285190526786,True
20,employed,25,9.0,x2,0.7567657543737909,-0.007994035668025921,-0.011898298304057373,0.04600747263746685,-0.007994035668025921,-0.023811321823021085,0.08776115920292016,False
20,employed,26,36.0,x1,0.1443266062949169,0.0026849275000046732,-0.002442999139293689,0.010618114633818454,0.16684830680340498,-0.002442999139293689,1.0688962706759608,False
20,employed,27,45.0,x1,-0.756619425251821,-0.00037349970117514736,-0.011042030293197428,0.03449658663030464,0.004765152952039151,-0.011042030293197428,0.03786289340008908,False
20,employed,28,35.0,x1,-0.5665753751735361,0.010956552715610201,0.0052971461048543,0.038361189021248965,-0.53516227358002,0.0052971461048543,3.164209469459007,False
20,employed,29,6.0,x2,-0.0687829799861337,0.07755606691951554,0.00722518232584415,0.37411068368670586,0.07755606691951554,0.0070672490500088255,0.37401305947102914,True
20,employed,30,19.0,x1,0.8823472186503709,-0.01291559391206909,-0.002040079917019863,0.041530196954273624,-0.05830677461585711,-0.002040079917019863,0.2531589135711205,False
20,employed,31,16.0,x2,0.6298045181040048,0.9614824789985473,0.9600266053149704,3.5773743823808215,0.9614824789985473,0.9942036442770908,3.593321408327182,False
20,employed,32,38.0,x1,0.3358477401170725,-0.00216267982573843,0.002008860228182258,0.008580741943284398,-0.022921768317960497,0.002008860228182258,0.07911810333394032,False
20,employed,33,47.0,x2,-0.1841508112373158,-0.0018656995869814194,0.9451971158660425,2.5811619148841136,-0.0018656995869814194,0.596167367470841,3.2428466513502063,False
20,employed,34,20.0,x2,-0.6781051528369813,-0.35881515142864495,0.00048093468842337964,2.5056343093075317,-0.35881515142864495,1.2448620519496527,5.325495293517076,False
20,employed,35,14.0,x2,0.7595529121217415,-0.9529378384381878,0.08329133021937074,2.761100195292688,-0.9529378384381878,0.2565503084052888,3.743061720532158,False
20,employed,36,24.0,x2,-0.3172933556185791,-1.1347587048123144,-3.106494064471876,8.12822683522336,-1.1347587048123144,-2.12069793848025,6.482868912900905,True
20,employed,37,11.0,x2,-0.030079499512770003,-0.0044261389666587145,0.03493434263945907,0.13228629072371634,-0.0044261389666587145,0.03391943415542596,0.12761480159953864,True
20,employed,38,36.0,x1,-0.4266159490858492,0.05964833157182434,0.001820064460990718,0.26088793774966534,-0.44990475985001144,0.001820064460990718,2.9263417033918278,False
20,employed,39,38.0,x2,0.25957554944983685,0.8067097113029637,0.09832483691927507,3.1001157948235947,0.8067097113029637,0.12337511625466571,3.1967307382127506,False
20,employed,40,39.0,x2,-0.4981807422501754,-0.03783122210505976,0.03369945485751012,0.2105004327512927,-0.03783122210505976,0.06589457566124135,0.3625835976984928,False
20,employed,41,31.0,x1,-0.6925294410223162,0.450611174815396,0.32701382441007254,3.740384134208782,0.8044045935356955,0.32701382441007254,4.092427890058147,False
20,employed,42,18.0,x2,0.44872018968560257,-0.10827434893132404,0.09559570441718254,0.8945079678220051,-0.10827434893132404,0.1351106195198482,1.1495011222362597,False
20,employed,43,31.0,x2,-0.6242785493249561,-0.004832299731340274,-0.8610492658406241,2.7384852135694797,-0.004832299731340274,0.27580933721507095,1.9629810508874646,True
20,employed,44,43.0,x1,-0.8932980353096363,0.00044750469200505573,-0.008244487683358061,0.025167546242493177,-0.004268934226188455,-0.008244487683358061,0.028553361411692624,False
20,employed,45,30.0,x1,0.9676410004632126,0.0064180952297956395,-0.004691749222829406,0.024168658794792908,0.025126165533674374,-0.004691749222829406,0.08960196559298028,False
20,employed,46,27.0,x2,0.6013436399188414,-0.0003454061522631946,0.0005762956389431489,0.0019123828226565998,-0.0003454061522631946,0.007562902044740029,0.022938948217231303,False
20,employed,47,30.0,x1,0.5661766298459852,-0.0067050854020960365,-0.9501502141297273,2.5812589569380475,-0.003188840624289682,-0.9501502141297273,2.580303186468328,True
20,employed,48,33.0,x2,0.3822640290750574,0.013219921143381858,0.004259259200853693,0.04441355550533688,0.013219921143381858,-0.35542743699723023,2.489223626166073,False
20,employed,49,12.0,x2,0.48364182714583537,0.10586945025374041,-0.8653451682438168,2.973695494060568,0.10586945025374041,-1.2899235946723258,4.75449220911932,False
20,employed,50,12.0,x2,0.9612805502851762,-1.046378366071603,-0.015338098467437722,2.8141788404386436,-1.046378366071603,-0.04212969576509613,2.8557563839091036,False
20,onlooker,11,13.0,x2,0.7173462409677283,-3.977448615493859e-05,0.001193472595985341,0.003415494878524772,-3.977448615493859e-05,0.0008987825768409118,0.002566181710392801,True
20,onlooker,12,19.0,x1,0.4292803223580539,0.9117301116157679,0.012532638425876444,2.6198353992386214,1.2865785621508623,0.012532638425876444,4.576614759013459,False
20,onlooker,8,9.0,x2,-0.027283153466762133,-0.002996304619776904,-0.05651739989384466,0.24316416663970175,-0.002996304619776904,-0.05487055808236768,0.23387231936919095,True
20,onlooker,12,13.0,x1,-0.9815221571629746,0.9117301116157679,0.012532638425876444,2.6198353992386214,0.015937850221986682,0.012532638425876444,0.06826315363198576,True
20,onlooker,18,16.0,x1,-0.9376883783466592,-0.00039114794970864127,0.007534333409223399,0.022853967183128265,0.006732743164759843,0.007534333409223399,0.03129596957174785,False
20,onlooker,29,32.0,x2,-0.8583990564526822,0.07755606691951554,0.0070672490500088255,0.37401305947102914,0.07755606691951554,0.002725132858182105,0.3721722934752312,True
20,onlooker,16,44.0,x2,0.16433413648915685,0.007206142663010048,0.9057604989602419,2.6277445505043997,0.007206142663010048,1.0559627191871013,2.857711927925323,False
20,onlooker,21,24.0,x1,-0.5834400111283897,0.006288954951052736,-0.008650545787568353,0.03329348930248033,0.22264021908596726,-0.008650545787568353,1.544035386379861,False
20,onlooker,40,46.0,x1,0.8213280845000872,-0.03783122210505976,0.03369945485751012,0.2105004327512927,-0.06861937551749298,0.03369945485751012,0.36547471734243375,False
20,onlooker,11,17.0,x2,-0.6787544503809264,-3.977448615493859e-05,0.0008987825768409118,0.002566181710392801,-3.977448615493859e-05,-0.00016878602268228062,0.000491275860700302,True
20,onlooker,15,18.0,x1,0.26621147412927093,-0.007951046274551472,-0.02128574355713761,0.07796310459952638,-0.009963577951875288,-0.02128574355713761,0.08112366202210497,False
20,onlooker,9,47.0,x1,-0.7938010598293801,-0.007263643421326048,0.0038437241779476546,0.025041354028307428,-0.004029060642442859,0.0038437241779476546,0.01657544422911217,True
20,onlooker,1,43.0,x1,0.4075396155320994,-0.006066179390205935,0.0016495166485740696,0.018832775631381526,-0.0065690342319929245,0.0016495166485740696,0.02037793624485973,False
20,onlooker,18,31.0,x2,-0.5529117983215333,-0.00039114794970864127,0.007534333409223399,0.022853967183128265,-0.00039114794970864127,0.5341785483559928,3.1619584601259025,False
20,onlooker,9,25.0,x2,-0.2936243405580783,-0.004029060642442859,0.0038437241779476546,0.01657544422911217,-0.004029060642442859,-0.0007785167923815145,0.012055039966910375,True
20,onlooker,29,11.0,x1,0.32585540112123734,0.07755606691951554,0.002725132858182105,0.3721722934752312,0.10284109094610021,0.002725132858182105,0.5497047219825402,False
20,onlooker,38,9.0,x2,-0.912283433164168,0.05964833157182434,0.001820064460990718,0.26088793774966534,0.05964833157182434,-0.0005505781661917491,0.26073921897449326,True
20,onlooker,21,39.0,x2,0.3015596711482853,0.006288954951052736,-0.008650545787568353,0.03329348930248033,0.006288954951052736,-0.040910007017606026,0.16206098405215785,False
20,onlooker,33,20.0,x2,-0.5301089094938602,-0.0018656995869814194,0.9451971158660425,2.5811619148841136,-0.0018656995869814194,1.4171899682110427,5.282191576156997,False
20,onlooker,26,11.0,x1,0.4524573939701315,0.0026849275000046732,-0.002442999139293689,0.010618114633818454,0.003917739060007692,-0.002442999139293689,0.013626471762766545,False
20,onlooker,10,16.0,x1,0.013089556646010747,0.016089726654215236,-0.9470604802522616,2.5876222676519913,0.01620600883008771,-0.9470604802522616,2.5877247803081507,False
20,onlooker,25,31.0,x1,-0.12511079900016608,-0.007994035668025921,-0.011898298304057373,0.04600747263746685,0.11329794569380529,-0.011898298304057373,0.6338222509062388,False
20,onlooker,46,42.0,x1,0.7582269024732768,-0.0003454061522631946,0.0005762956389431489,0.0019123828226565998,0.08148922181831965,0.0005762956389431489,0.39800245578833016,False
20,onlooker,29,33.0,x1,0.2183973674318973,0.07755606691951554,0.002725132858182105,0.3721722934752312,0.09490157164132532,0.002725132858182105,0.4916361974957053,False
20,onlooker,21,16.0,x1,0.18400577489774061,0.006288954951052736,-0.008650545787568353,0.03329348930248033,0.006120187115387345,-0.008650545787568353,0.03295959247778102,True
20,onlooker,1,2.0,x1,0.7032836525934971,-0.006066179390205935,0.0016495166485740696,0.018832775631381526,0.5757990489197004,0.0016495166485740696,3.225157792333978,False
20,onlooker,4,27.0,x2,0.22997552589929016,-0.002668963777503629,0.00019855895615315984,0.007760553728648478,-0.002668963777503629,0.0027836193801904683,0.01130355300384922,False
20,onlooker,10,45.0,x1,-0.61980845650325,0.016089726654215236,-0.9470604802522616,2.5876222676519913,0.010095167709177396,-0.9470604802522616,2.583332095684114,True
20,onlooker,45,38.0,x2,-0.5185140929516121,0.0064180952297956395,-0.004691749222829406,0.024168658794792908,0.0064180952297956395,-0.0025444936686394625,0.02079652942471144,True
20,onlooker,8,17.0,x1,-0.2040988674594506,-0.002996304619776904,-0.05487055808236768,0.23387231936919095,-0.009589969052435799,-0.05487055808236768,0.23813720380231063,False
20,onlooker,13,50.0,x1,-0.5406953275208379,-0.0009260672146824611,0.0016042784276948385,0.005330688407948703,-0.566197240352538,0.0016042784276948385,3.213772516806085,False
20,onlooker,42,8.0,x2,0.9604892505518949,-0.10827434893132404,0.09559570441718254,0.8945079678220051,-0.10827434893132404,0.24011693211872023,1.9280511697470435,False
20,onlooker,11,22.0,x2,0.11712813353581297,-3.977448615493859e-05,-0.00016878602268228062,0.000491275860700302,-3.977448615493859e-05,-0.02855836134135094,0.10234714184933269,False
20,onlooker,7,42.0,x2,-0.4506289346383403,-0.01891017230592683,0.043668266141626985,0.1938993188926692,-0.01891017230592683,0.06706827233023877,0.3216217994187791,False
20,onlooker,27,28.0,x2,0.20528130465157002,-0.00037349970117514736,-0.011042030293197428,0.03449658663030464,-0.00037349970117514736,-0.014396157741121627,0.04624516684607416,False
20,onlooker,4,10.0,x2,-0.6776155141532716,-0.002668963777503629,0.00019855895615315984,0.007760553728648478,-0.002668963777503629,-0.6416788619333909,3.24974463830786,False
20,onlooker,15,8.0,x1,0.8438426415485794,-0.007951046274551472,-0.02128574355713761,0.07796310459952638,-0.012132068560707223,-0.02128574355713761,0.08521445244852588,False
20,onlooker,25,32.0,x2,-0.28502364920375833,-0.007994035668025921,-0.011898298304057373,0.04600747263746685,-0.007994035668025921,-0.00793442922914325,0.03523239576283688,True
20,onlooker,14,26.0,x1,-0.4113540503303328,-0.8139400653199125,-0.1448151985304631,3.272361648787474,-0.4780180669224606,-0.1448151985304631,3.2539187656628568,True
20,onlooker,17,24.0,x1,0.011467374368711036,-0.03530253206108739,-0.0006740521926756021,0.1327273219655969,-0.04003180974724191,-0.0006740521926756021,0.15536792367129282,False
20,onlooker,49,11.0,x2,-0.024047670234705665,0.10586945025374041,-0.8653451682438168,2.973695494060568,0.10586945025374041,-0.8445396919093073,3.025864869170683,False
20,onlooker,8,19.0,x1,0.43462143741280856,-0.002996304619776904,-0.05487055808236768,0.23387231936919095,-0.021043691420097755,-0.05487055808236768,0.25583717288542873,False
20,onlooker,9,30.0,x1,-0.1665979528639856,-0.004029060642442859,-0.0007785167923815145,0.012055039966910375,-0.005509538893220289,-0.0007785167923815145,0.0165623709687428,False
20,onlooker,4,47.0,x2,-0.17279371941422728,-0.002668963777503629,0.00019855895615315984,0.007760553728648478,-0.002668963777503629,-0.1640157402861036,1.044810280748774,False
20,onlooker,39,21.0,x2,0.8747206431575691,0.8067097113029637,0.09832483691927507,3.1001157948235947,0.8067097113029637,0.19189841248263226,3.5081575226903934,False
20,onlooker,15,22.0,x2,0.5177284805185727,-0.007951046274551472,-0.02128574355713761,0.07796310459952638,-0.007951046274551472,-0.15770588075391737,0.9929514170644365,False
20,onlooker,17,19.0,x1,0.9896463468284469,-0.03530253206108739,-0.0006740521926756021,0.1327273219655969,-0.10836872545197035,-0.0006740521926756021,0.5909878243198752,False
20,onlooker,27,35.0,x1,0.2869244683072196,-0.00037349970117514736,-0.011042030293197428,0.03449658663030464,0.2729405167193604,-0.011042030293197428,1.943555439331249,False
20,onlooker,42,44.0,x2,0.12651226494061918,-0.10827434893132404,0.09559570441718254,0.8945079678220051,-0.10827434893132404,0.10873276231169092,0.9738328836927939,False
20,onlooker,15,2.0,x2,0.2288065021286403,-0.007951046274551472,-0.02128574355713761,0.07796310459952638,-0.007951046274551472,-0.25441441739514375,1.800418914681448,False
21,employed,1,42.0,x2,-0.09892038897668098,-0.006066179390205935,0.0016495166485740696,0.018832775631381526,-0.006066179390205935,0.010942710085521128,0.03955213178503714,False
21,employed,2,10.0,x2,-0.42383585412871816,-0.8334211536799729,0.9976043302351527,3.959470339134793,-0.8334211536799729,0.17338565928815752,3.3678485610906255,True
21,employed,3,26.0,x2,0.6733624379553331,-0.9894923034384054,1.985565213575624,5.394319116398336,-0.9894923034384054,3.324215270364566,9.156510335764786,False
21,employed,4,10.0,x1,0.22429975141902836,-0.002668963777503629,0.00019855895615315984,0.007760553728648478,-0.005531955297045976,0.00019855895615315984,0.01647254799843667,False
21,employed,5,38.0,x2,0.8720950406696464,-0.3407526888093539,-0.1491589112645484,2.716711783684343,-0.3407526888093539,-0.27875950156180807,3.2276834065393136,False
21,employed,6,7.0,x1,0.8527832683291148,-0.022163200124059895,0.00492907250525825,0.07788934536842307,-0.02493732781877294,0.00492907250525825,0.08901544394421679,False
21,employed,7,31.0,x1,0.533403174864572,-0.01891017230592683,0.043668266141626985,0.1938993188926692,-0.5418547251256286,0.043668266141626985,3.199741813802334,False
21,employed,8,3.0,x2,0.012296311281190242,-0.002996304619776904,-0.05487055808236768,0.23387231936919095,-0.002996304619776904,-0.07996039147994996,0.38814188552779827,False
21,employed,9,32.0,x2,-0.3863323202543196,-0.004029060642442859,-0.0007785167923815145,0.012055039966910375,-0.004029060642442859,0.00029833703939646013,0.011861681949504987,True
21,employed,10,23.0,x1,0.10859627055919607,0.010095167709177396,-0.9470604802522616,2.583332095684114,0.015200931304804217,-0.9470604802522616,2.586862915691189,False
21,employed,11,29.0,x2,-0.9162769491863239,-3.977448615493859e-05,-0.00016878602268228062,0.000491275860700302,-3.977448615493859e-05,0.0024828451406688394,0.007187632567465574,False
21,employed,12,23.0,x2,-0.5723636904155383,0.015937850221986682,0.012532638425876444,0.06826315363198576,0.015937850221986682,0.006696536302494161,0.056837016966455156,True
21,employed,13,46.0,x2,0.9531599802466681,-0.0009260672146824611,0.0016042784276948385,0.005330688407948703,-0.0009260672146824611,0.002584110482315314,0.007964776243941873,False
21,employed,14,16.0,x1,-0.6496292054978825,-0.4780180669224606,-0.1448151985304631,3.2539187656628568,-0.1628022491611133,-0.1448151985304631,1.561579589277955,True
21,employed,15,11.0,x2,-0.04449548929409253,-0.007951046274551472,-0.02128574355713761,0.07796310459952638,-0.007951046274551472,-0.020346134199239446,0.07444695514037436,True
21,employed,16,44.0,x1,7.242987527922295e-05,0.007206142663010048,0.9057604989602419,2.6277445505043997,0.007206632190315346,0.9057604989602419,2.6277447338877207,False
21,employed,17,3.0,x2,-0.920228794573712,-0.03530253206108739,-0.0006740521926756021,0.1327273219655969,-0.03530253206108739,1.8271205130802617,5.217415561878109,False
21,employed,18,12.0,x2,0.6855425552188577,-0.00039114794970864127,0.007534333409223399,0.022853967183128265,-0.00039114794970864127,0.008108678978525527,0.024715431784756436,False
21,employed,19,32.0,x2,0.12591570757258297,0.03852807785834562,-0.03946107725519147,0.23537531525052247,0.03852807785834562,-0.044682793776401254,0.25745803595624084,False
21,employed,20,16.0,x2,0.8588508100923746,-0.011593832029544952,1.8355667057596583,5.163952858681821,-0.011593832029544952,2.634131519698255,7.757902746619413,False
21,employed,21,17.0,x1,0.6698888253058934,0.006120187115387345,-0.008650545787568353,0.03295959247778102,0.03386880380549191,-0.008650545787568353,0.13109713284990265,False
21,employed,22,45.0,x1,-0.0333299735677266,-0.9569962563820364,0.24221171182746315,3.6651174072292396,-0.9248856815080456,0.24221171182746315,3.647952583796219,True
21,employed,23,45.0,x2,-0.4463934252179058,-0.036920844621040325,0.002336145844131348,0.14067259145996447,-0.036920844621040325,0.00015746045477173492,0.14032197991936401,True
21,employed,24,34.0,x1,-0.8240725029512275,0.37710902215296604,0.0003977393913597786,2.6046285190526786,-0.22934585355274573,0.0003977393913597786,1.597637753213395,True
21,employed,25,24.0,x2,-0.5653363956833042,-0.007994035668025921,-0.00793442922914325,0.03523239576283688,-0.007994035668025921,-0.003223951053002538,0.02635742084081416,True
21,employed,26,4.0,x1,-0.9925489838447585,0.0026849275000046732,-0.002442999139293689,0.010618114633818454,-0.002629071847101508,-0.002442999139293689,0.010493917382988105,True
21,employed,27,16.0,x1,0.17906118907352564,-0.00037349970117514736,-0.011042030293197428,0.03449658663030464,-0.0017307194756582176,-0.011042030293197428,0.0349359872954591,False
21,employed,28,23.0,x1,-0.39646140296100785,0.010956552715610201,0.0052971461048543,0.038361189021248965,-0.008024987402599888,0.0052971461048543,0.029657590414651214,True
21,employed,29,50.0,x2,0.8790500799593557,0.07755606691951554,0.002725132858182105,0.3721722934752312,0.07755606691951554,0.01860361779929255,0.3867395828927802,False
21,employed,30,7.0,x2,-0.16978514666301048,-0.01291559391206909,-0.002040079917019863,0.041530196954273624,-0.01291559391206909,0.005720518322271129,0.04525921815304601,False
21,employed,31,33.0,x2,0.46698159505987347,0.9614824789985473,0.9600266053149704,3.5773743823808215,0.9614824789985473,0.9669517039517543,3.5757328248954754,True
21,employed,32,18.0,x2,0.4925636254706953,-0.00216267982573843,0.002008860228182258,0.008580741943284398,-0.00216267982573843,-0.0007127868743124618,0.006578720929408366,True
21,employed,33,7.0,x1,-0.33637474948459056,-0.0018656995869814194,0.9451971158660425,2.5811619148841136,-0.007599029827913619,0.9451971158660425,2.5826459519448233,False
21,employed,34,37.0,x2,0.2513655805207502,-0.35881515142864495,0.00048093468842337964,2.5056343093075317,-0.35881515142864495,-0.00792435314184252,2.506610626686847,False
21,employed,35,43.0,x2,-0.9062859546656898,-0.9529378384381878,0.08329133021937074,2.761100195292688,-0.9529378384381878,0.25776769597980487,3.749868895353988,False
21,employed,36,9.0,x2,-0.9030108354560671,-1.1347587048123144,-2.12069793848025,6.482868912900905,-1.1347587048123144,-0.20541531972404758,4.128800258651211,True
21,employed,37,10.0,x1,-0.99143437873413,-0.0044261389666587145,0.03391943415542596,0.12761480159953864,0.009970783695906635,0.03391943415542596,0.13296009113307905,False
21,employed,38,25.0,x1,0.05662879113651087,0.05964833157182434,-0.0005505781661917491,0.26073921897449326,0.06347883705822899,-0.0005505781661917491,0.28337102481817,False
21,employed,39,33.0,x1,-0.2301751055979131,0.8067097113029637,0.09832483691927507,3.1001157948235947,0.6205957807174945,0.09832483691927507,3.373434221214929,False
21,employed,40,1.0,x2,0.3477823088152743,-0.03783122210505976,0.03369945485751012,0.2105004327512927,-0.03783122210505976,0.044845856365200776,0.25554451371619935,False
21,employed,41,3.0,x1,0.7323408616354878,0.450611174815396,0.32701382441007254,3.740384134208782,1.505257796924048,0.32701382441007254,6.152436556617641,False
21,employed,42,2.0,x1,0.06095024651326497,-0.10827434893132404,0.09559570441718254,0.8945079678220051,-0.06407647242358747,0.09559570441718254,0.6482509404412551,True
21,employed,43,45.0,x1,0.14497915157756025,-0.004832299731340274,0.27580933721507095,1.9629810508874646,-0.006463372447718218,0.27580933721507095,1.9633482876909558,False
21,employed,44,30.0,x2,0.3632216966748114,0.00044750469200505573,-0.008244487683358061,0.025167546242493177,0.00044750469200505573,-0.010498063199109798,0.032657325863500564,False
21,employed,45,6.0,x2,0.349854201621119,0.0064180952297956395,-0.0025444936686394625,0.02079652942471144,0.0064180952297956395,-0.005159152195671047,0.02509581560215368,False
21,employed,46,44.0,x1,0.9484416656706329,-0.0003454061522631946,0.0005762956389431489,0.0019123828226565998,-0.0010974358341292816,0.0005762956389431489,0.003546887988591596,False
21,employed,47,22.0,x2,-0.3109902966449063,-0.003188840624289682,-0.9501502141297273,2.580303186468328,-0.003188840624289682,-0.579337225068209,3.2289577407404093,False
21,employed,48,37.0,x2,0.08574857619062914,0.013219921143381858,0.004259259200853693,0.04441355550533688,0.013219921143381858,0.001715941428934162,0.042430553661241266,True
21,employed,49,13.0,x2,-0.6556842300605941,0.10586945025374041,-0.8653451682438168,2.973695494060568,0.10586945025374041,-0.29690008780154864,2.3085634406568407,True
21,employed,50,9.0,x2,-0.08164592678769589,-1.046378366071603,-0.015338098467437722,2.8141788404386436,-1.046378366071603,-0.01406144719882621,2.813152655093351,True
21,onlooker,9,1.0,x2,-0.89582245006062,-0.004029060642442859,0.00029833703939646013,0.011861681949504987,-0.004029060642442859,0.0015087540673618973,0.012661517543428591,False
21,onlooker,46,4.0,x1,-0.8536386188380809,-0.0003454061522631946,0.0005762956389431489,0.0019123828226565998,-0.0023288846742641305,0.0005762956389431489,0.0069390230868582314,False
21,onlooker,21,13.0,x2,0.9253877043449954,0.006120187115387345,-0.008650545787568353,0.03295959247778102,0.006120187115387345,-0.018140234026592227,0.06388239176982369,False
21,onlooker,45,20.0,x1,-0.10253696116748157,0.0064180952297956395,-0.0025444936686394625,0.02079652942471144,0.004571206943853131,-0.0025444936686394625,0.015526088511425673,True
21,onlooker,18,2.0,x2,-0.41430632149058266,-0.00039114794970864127,0.007534333409223399,0.022853967183128265,-0.00039114794970864127,0.07624758614846046,0.3632935333770715,False
21,onlooker,7,6.0,x1,0.12172314587277566,-0.01891017230592683,0.043668266141626985,0.1938993188926692,-0.01851420352629202,0.043668266141626985,0.19307319416982027,True
21,onlooker,6,7.0,x1,-0.03897257036130286,-0.022163200124059895,0.00492907250525825,0.07788934536842307,-0.02202098934740523,0.00492907250525825,0.07733083194504475,True
21,onlooker,21,7.0,x2,-0.991101950382274,0.006120187115387345,-0.008650545787568353,0.03295959247778102,0.006120187115387345,0.04320273075714053,0.1733371223443645,False
21,onlooker,10,13.0,x1,0.6004968872177352,0.010095167709177396,-0.9470604802522616,2.583332095684114,0.016713384974250633,-0.9470604802522616,2.588180640189137,False
21,onlooker,46,20.0,x1,-0.18994654699804436,-0.0003454061522631946,0.0005762956389431489,0.0019123828226565998,-0.0024820058068163123,0.0005762956389431489,0.007379799236315154,False
21,onlooker,33,31.0,x2,-0.6317196266131817,-0.0018656995869814194,0.9451971158660425,2.5811619148841136,-0.0018656995869814194,0.9589399161286719,2.5811245612257534,True
21,onlooker,6,23.0,x2,0.12965672632552594,-0.02202098934740523,0.00492907250525825,0.07733083194504475,-0.02202098934740523,0.005547744103019761,0.07790745075803018,False
21,onlooker,8,16.0,x2,-0.38811400713885025,-0.002996304619776904,-0.05487055808236768,0.23387231936919095,-0.002996304619776904,0.3179638108484689,2.257525953341706,False
21,onlooker,13,24.0,x2,0.3061271686394771,-0.0009260672146824611,0.0016042784276948385,0.005330688407948703,-0.0009260672146824611,0.0019736328067410935,0.006292803812087744,False
21,onlooker,25,10.0,x1,-0.7941219059052005,-0.007994035668025921,-0.003223951053002538,0.02635742084081416,0.006370996994185566,-0.003223951053002538,0.021552845642738294,True
21,onlooker,41,24.0,x1,-0.8757216317322456,0.450611174815396,0.32701382441007254,3.740384134208782,-0.1448419035749619,0.32701382441007254,2.6276694154943887,True
21,onlooker,13,41.0,x1,0.5034526495470999,-0.0009260672146824611,0.0016042784276948385,0.005330688407948703,0.07152874191268709,0.0016042784276948385,0.33308276578791807,False
21,onlooker,44,30.0,x2,-0.15418813128388997,0.00044750469200505573,-0.008244487683358061,0.025167546242493177,0.00044750469200505573,-0.0072878416441431206,0.022070967115187745,True
21,onlooker,21,10.0,x2,0.3015979230357637,0.006120187115387345,-0.008650545787568353,0.03295959247778102,0.006120187115387345,0.2743719414031103,1.9525575952522733,False
21,onlooker,27,8.0,x1,0.7713258400907497,-0.00037349970117514736,-0.011042030293197428,0.03449658663030464,0.0016495375060595029,-0.011042030293197428,0.03489394807837032,False
21,onlooker,18,3.0,x1,-0.3442381584404324,-0.00039114794970864127,0.007534333409223399,0.022853967183128265,-0.34087750822644136,0.007534333409223399,2.40218570727712,False
21,onlooker,44,46.0,x1,-0.019203165480732975,0.00044750469200505573,-0.0072878416441431206,0.022070967115187745,0.0004322782938511048,-0.0072878416441431206,0.022068015821535614,True
21,onlooker,48,43.0,x2,0.6504614341984507,0.013219921143381858,0.001715941428934162,0.042430553661241266,0.013219921143381858,-0.17657124189843995,1.1566748158678917,False
21,onlooker,44,19.0,x1,0.5129378815110872,0.0004322782938511048,-0.0072878416441431206,0.022068015821535614,-0.01910850042923171,-0.0072878416441431206,0.06894667860298087,False
21,onlooker,27,37.0,x2,-0.6444277848384508,-0.00037349970117514736,-0.011042030293197428,0.03449658663030464,-0.00037349970117514736,0.0179323866445217,0.059275333172522426,False
21,onlooker,36,48.0,x2,-0.39467335523714087,-1.1347587048123144,-0.20541531972404758,4.128800258651211,-1.1347587048123144,-0.12366612991029982,3.7105562912857946,True
21,onlooker,49,19.0,x1,-0.6005530059579343,0.10586945025374041,-0.29690008780154864,2.3085634406568407,0.06542738663635342,-0.29690008780154864,2.1922747022790543,True
21,onlooker,7,40.0,x1,0.10965080075313671,-0.01851420352629202,0.043668266141626985,0.19307319416982027,-0.01639607697096692,0.043668266141626985,0.18892748278759486,True
21,onlooker,15,31.0,x2,-0.33579762431799054,-0.007951046274551472,-0.020346134199239446,0.07444695514037436,-0.007951046274551472,0.31118613434615217,2.213681906140423,False
21,onlooker,21,44.0,x2,0.3363329537183295,0.006120187115387345,-0.008650545787568353,0.03295959247778102,0.006120187115387345,-0.009108868097170769,0.03424326184784876,False
21,onlooker,37,29.0,x2,0.982796097771242,-0.0044261389666587145,0.03391943415542596,0.12761480159953864,-0.0044261389666587145,0.06457707174305762,0.29089236370900595,False
21,onlooker,12,14.0,x1,-0.8148821225233343,0.015937850221986682,0.006696536302494161,0.056837016966455156,-0.12971426134334554,0.006696536302494161,0.7601742172362376,False
21,onlooker,26,32.0,x1,0.4519231457976396,-0.002629071847101508,-0.002442999139293689,0.010493917382988105,-0.00283984519657083,-0.002442999139293689,0.01096909820812586,False
21,onlooker,16,1.0,x1,0.26445907417663994,0.007206142663010048,0.9057604989602419,2.6277445505043997,0.010716128665377748,0.9057604989602419,2.6293788081119627,False
21,onlooker,50,15.0,x2,-0.6321310950619605,-1.046378366071603,-0.01406144719882621,2.813152655093351,-1.046378366071603,-0.0180341932745191,2.816636364656113,False
21,onlooker,13,22.0,x1,-0.49817414209487065,-0.0009260672146824611,0.0016042784276948385,0.005330688407948703,-0.46121885539558627,0.0016042784276948385,2.966324491902587,False
21,onlooker,17,33.0,x1,-0.3099440263147706,-0.03530253206108739,-0.0006740521926756021,0.1327273219655969,-0.024938985576850516,-0.0006740521926756021,0.08705261211545023,True
21,onlooker,19,2.0,x2,0.8358850032457394,0.03852807785834562,-0.03946107725519147,0.23537531525052247,0.03852807785834562,-0.21737647232157378,1.5341168988769778,False
21,onlooker,19,17.0,x2,-0.827031607509231,0.03852807785834562,-0.03946107725519147,0.23537531525052247,0.03852807785834562,-0.007382981567238135,0.15143273291040815,True
21,onlooker,29,44.0,x2,-0.9176935998951994,0.07755606691951554,0.002725132858182105,0.3721722934752312,0.07755606691951554,-0.006463709758515573,0.373659785155795,False
21,onlooker,8,9.0,x2,0.2045497106955858,-0.002996304619776904,-0.05487055808236768,0.23387231936919095,-0.002996304619776904,-0.06615533961891965,0.2999689068513729,False
21,onlooker,46,22.0,x2,-0.3123871036122987,-0.0003454061522631946,0.0005762956389431489,0.0019123828226565998,-0.0003454061522631946,0.07606008343222727,0.3620704055823514,False
21,onlooker,38,37.0,x1,-0.5064877214455807,0.05964833157182434,-0.0005505781661917491,0.26073921897449326,0.027195398985956062,-0.0005505781661917491,0.09651811168459234,True
21,onlooker,9,19.0,x1,0.5512067844532624,-0.004029060642442859,0.00029833703939646013,0.011861681949504987,-0.027486844110994606,0.00029833703939646013,0.0977447586343918,False
21,onlooker,32,34.0,x2,0.6588571203264078,-0.00216267982573843,-0.0007127868743124618,0.006578720929408366,-0.00216267982573843,-0.0014992788256081376,0.007627522368505613,False
21,onlooker,13,18.0,x2,-0.915321098781648,-0.0009260672146824611,0.0016042784276948385,0.005330688407948703,-0.0009260672146824611,0.007032182869223146,0.021400848226794,False
21,onlooker,44,29.0,x2,-0.40375541623261335,0.0004322782938511048,-0.0072878416441431206,0.022068015821535614,0.0004322782938511048,-0.003245048956230254,0.009544820216245586,True
21,onlooker,4,37.0,x2,0.4974750390981222,-0.002668963777503629,0.00019855895615315984,0.007760553728648478,-0.002668963777503629,-0.016576734752027977,0.054979642193977885,False
21,onlooker,30,10.0,x2,0.8264321170172098,-0.01291559391206909,-0.002040079917019863,0.041530196954273624,-0.01291559391206909,0.7789551301564851,3.002894000954744,False
21,onlooker,37,33.0,x2,0.30188784684357506,-0.0044261389666587145,0.03391943415542596,0.12761480159953864,-0.0044261389666587145,-0.2453330074336833,1.7276521916100802,False
22,employed,1,46.0,x2,0.8566142661942475,-0.006066179390205935,0.0016495166485740696,0.018832775631381526,-0.006066179390205935,0.0025688530762033104,0.019788010744769213,False
22,employed,2,31.0,x2,-0.16666117807490322,-0.8334211536799729,0.17338565928815752,3.3678485610906255,-0.8334211536799729,0.30564231117203383,3.995688167572855,False
22,employed,3,19.0,x2,0.638157682161445,-0.9894923034384054,1.985565213575624,5.394319116398336,-0.9894923034384054,3.2573804144558283,8.75133154920083,False
22,employed,4,33.0,x1,-0.8454679394926927,-0.002668963777503629,0.00019855895615315984,0.007760553728648478,-0.0019898296574745507,0.00019855895615315984,0.005762518765803026,True
22,employed,5,8.0,x2,0.8003717902096927,-0.3407526888093539,-0.1491589112645484,2.716711783684343,-0.3407526888093539,-0.22462464929689413,3.013435864436087,False
22,employed,6,45.0,x1,0.9036648973949377,-0.02202098934740523,0.00492907250525825,0.07733083194504475,-0.04605142368045126,0.00492907250525825,0.1871241216364763,False
22,employed,7,22.0,x1,0.5681218152814143,-0.01639607697096692,0.043668266141626985,0.18892748278759486,0.49973668632293244,0.043668266141626985,3.10650565368108,False
22,employed,8,42.0,x1,-0.3686061883236138,-0.002996304619776904,-0.05487055808236768,0.23387231936919095,-0.025510832456106233,-0.05487055808236768,0.26609634533355164,False
22,employed,9,8.0,x2,0.9940527232783458,-0.004029060642442859,0.00029833703939646013,0.011861681949504987,-0.004029060642442859,0.055139127475443556,0.235752376492933,False
22,employed,10,2.0,x2,0.19467183742288596,0.010095167709177396,-0.9470604802522616,2.583332095684114,0.010095167709177396,-1.1651797889699742,3.6333817798231043,False
22,employed,11,33.0,x1,0.3635786839392967,-3.977448615493859e-05,-0.00016878602268228062,0.000491275860700302,0.0006240929589752809,-0.00016878602268228062,0.0018397486990449075,False
22,employed,12,14.0,x1,0.44315848859770157,0.015937850221986682,0.006696536302494161,0.056837016966455156,0.09514804251640424,0.006696536302494161,0.4948769028089264,False
22,employed,13,11.0,x1,0.6580765115033649,-0.0009260672146824611,0.0016042784276948385,0.005330688407948703,-0.001509315641642652,0.0016042784276948385,0.006359273705485169,False
22,employed,14,11.0,x1,0.39341205815215496,-0.1628022491611133,-0.1448151985304631,1.561579589277955,-0.22683496931292668,-0.1448151985304631,2.0037128926772323,False
22,employed,15,40.0,x2,-0.6221084990756225,-0.007951046274551472,-0.020346134199239446,0.07444695514037436,-0.007951046274551472,0.013276086090512916,0.05013587708897349,True
22,employed,16,12.0,x1,0.5582074774687338,0.007206142663010048,0.9057604989602419,2.6277445505043997,0.0023320382125190265,0.9057604989602419,2.626535753518461,True
22,employed,17,5.0,x2,-0.6184780950666717,-0.024938985576850516,-0.0006740521926756021,0.08705261211545023,-0.024938985576850516,-0.0925086849776907,0.49874366936379433,False
22,employed,18,24.0,x1,0.8603638574895411,-0.00039114794970864127,0.007534333409223399,0.022853967183128265,0.19659320575330258,0.007534333409223399,1.3243457808698627,False
22,employed,19,29.0,x1,-0.22464430358354903,0.03852807785834562,-0.007382981567238135,0.15143273291040815,0.047295493281258504,-0.007382981567238135,0.19528779330647383,False
22,employed,20,49.0,x2,-0.07257738755742293,-0.011593832029544952,1.8355667057596583,5.163952858681821,-0.011593832029544952,1.6807978368300316,5.615767919635122,False
22,employed,21,23.0,x1,-0.17671136622455297,0.006120187115387345,-0.008650545787568353,0.03295959247778102,-0.0014856524064711324,-0.008650545787568353,0.026875800996738253,True
22,employed,22,16.0,x1,-0.3486103805248313,-0.9248856815080456,0.24221171182746315,3.647952583796219,-0.6016479594068932,0.24221171182746315,3.7851821167131026,False
22,employed,23,35.0,x1,-0.9183288053162377,-0.036920844621040325,0.00015746045477173492,0.14032197991936401,-0.8781256362025129,0.00015746045477173492,2.6897937410077053,False
22,employed,24,35.0,x2,-0.5975910037482544,-0.22934585355274573,0.0003977393913597786,1.597637753213395,-0.22934585355274573,0.049934203538567944,1.6547527082651965,False
22,employed,25,19.0,x2,-0.706922054879336,0.006370996994185566,-0.003223951053002538,0.021552845642738294,0.006370996994185566,-0.0061640614504318274,0.02716504640963935,False
22,employed,26,29.0,x1,0.45870088990427926,-0.002629071847101508,-0.002442999139293689,0.010493917382988105,-0.03941006635644687,-0.002442999139293689,0.1526704749851331,False
22,employed,27,18.0,x2,-0.6731668449194741,-0.00037349970117514736,-0.011042030293197428,0.03449658663030464,-0.00037349970117514736,0.0014629618504378421,0.004331311161579254,True
22,employed,28,12.0,x2,0.6362258370511451,-0.008024987402599888,0.0052971461048543,0.029657590414651214,-0.008024987402599888,0.004406817904999712,0.02812592583779905,True
22,employed,29,14.0,x2,0.5494051860224543,0.07755606691951554,0.002725132858182105,0.3721722934752312,0.07755606691951554,0.08378455607057526,0.6418870585715664,False
22,employed,30,17.0,x2,-0.6225348913140749,-0.01291559391206909,-0.002040079917019863,0.041530196954273624,-0.01291559391206909,-0.0011896799961131953,0.041158922090439365,True
22,employed,31,37.0,x2,-0.06290994104958658,0.9614824789985473,0.9669517039517543,3.5757328248954754,0.9614824789985473,0.9082546988615053,3.6592115005051835,False
22,employed,32,2.0,x1,0.9198848386887972,-0.00216267982573843,-0.0007127868743124618,0.006578720929408366,0.7624993873043597,-0.0007127868743124618,3.048071561169451,False
22,employed,33,8.0,x1,-0.29318604709381724,-0.0018656995869814194,0.9589399161286719,2.5811245612257534,-0.002197177207371103,0.9589399161286719,2.581161831274049,False
22,employed,34,19.0,x2,-0.021140201483173415,-0.35881515142864495,0.00048093468842337964,2.5056343093075317,-0.35881515142864495,0.0003146899143318926,2.5056322443757613,True
22,employed,35,40.0,x2,-0.9878194406497465,-0.9529378384381878,0.08329133021937074,2.761100195292688,-0.9529378384381878,0.03430351163864564,2.6120626219819347,True
22,employed,36,47.0,x2,0.29197892040602236,-1.1347587048123144,-0.12366612991029982,3.7105562912857946,-1.1347587048123144,0.1176498007328487,3.6830077834901016,True
22,employed,37,48.0,x2,0.6347790748329716,-0.0044261389666587145,0.03391943415542596,0.12761480159953864,-0.0044261389666587145,0.05436153747473875,0.23157526008646956,False
22,employed,38,47.0,x2,0.20200110187135611,0.027195398985956062,-0.0005505781661917491,0.09651811168459234,0.027195398985956062,0.19126959463508109,1.2970789970176217,False
22,employed,39,18.0,x1,-0.11417187377279259,0.8067097113029637,0.09832483691927507,3.1001157948235947,0.7145614938784551,0.09832483691927507,3.3117718202019657,False
22,employed,40,33.0,x2,-0.1461362804673274,-0.03783122210505976,0.03369945485751012,0.2105004327512927,-0.03783122210505976,0.16891065440555197,1.1272369672279763,False
22,employed,41,36.0,x1,-0.8163039678399409,-0.1448419035749619,0.32701382441007254,2.6276694154943887,-0.9529149162564348,0.32701382441007254,4.0956617915315014,False
22,employed,42,41.0,x2,-0.5916227207159916,-0.06407647242358747,0.09559570441718254,0.6482509404412551,-0.06407647242358747,0.23250792219035593,1.7155164298650196,False
22,employed,43,48.0,x1,-0.6889084001254642,-0.004832299731340274,0.27580933721507095,1.9629810508874646,0.007604026870176057,0.27580933721507095,1.9636680471528014,False
22,employed,44,7.0,x1,0.6237522211747857,0.0004322782938511048,-0.003245048956230254,0.009544820216245586,0.010929002268999746,-0.003245048956230254,0.03570322706141882,False
22,employed,45,41.0,x1,0.47751883976249454,0.004571206943853131,-0.0025444936686394625,0.015526088511425673,0.07591878212410305,-0.0025444936686394625,0.36142900278216716,False
22,employed,46,49.0,x1,-0.45892074262916793,-0.0003454061522631946,0.0005762956389431489,0.0019123828226565998,0.029839092759083124,0.0005762956389431489,0.10795766498372616,False
22,employed,47,41.0,x1,-0.2959189399131583,-0.003188840624289682,-0.9501502141297273,2.580303186468328,-0.04510666484810449,-0.9501502141297273,2.6350631532398556,False
22,employed,48,27.0,x2,-0.10879994059734255,0.013219921143381858,0.001715941428934162,0.042430553661241266,0.013219921143381858,0.0016884172658214215,0.04241812116328392,True
22,employed,49,1.0,x1,0.14892438707831546,0.06542738663635342,-0.29690008780154864,2.1922747022790543,0.07607452213690184,-0.29690008780154864,2.2184887633873847,False
22,employed,50,37.0,x2,-0.6508952328494575,-1.046378366071603,-0.01406144719882621,2.813152655093351,-1.046378366071603,0.017169079742571952,2.8158049281653246,False
22,onlooker,46,26.0,x2,-0.643507993697813,-0.0003454061522631946,0.0005762956389431489,0.0019123828226565998,-0.0003454061522631946,-0.0013666446861823217,0.004039912363478226,False
22,onlooker,30,10.0,x1,-0.8729333034093272,-0.01291559391206909,-0.0011896799961131953,0.041158922090439365,0.00717126624393017,-0.0011896799961131953,0.021967129440569,True
22,onlooker,32,6.0,x2,-0.7875651032471294,-0.00216267982573843,-0.0007127868743124618,0.006578720929408366,-0.00216267982573843,0.0037305446904649306,0.012691509094690634,False
22,onlooker,37,3.0,x1,0.6195383580959093,-0.0044261389666587145,0.03391943415542596,0.12761480159953864,0.6058601351860022,0.03391943415542596,3.263057187264231,False
22,onlooker,40,7.0,x1,0.03676129455393773,-0.03783122210505976,0.03369945485751012,0.2105004327512927,-0.03861920578914055,0.03369945485751012,0.21372059053651116,False
22,onlooker,6,32.0,x1,-0.8741399740589069,-0.02202098934740523,0.00492907250525825,0.07733083194504475,-0.004662047177281671,0.00492907250525825,0.02041501627983111,True
22,onlooker,46,11.0,x2,0.36578931189729014,-0.0003454061522631946,0.0005762956389431489,0.0019123828226565998,-0.0003454061522631946,0.0008488385472564045,0.002614400711888454,False
22,onlooker,7,12.0,x2,-0.09810070223325873,-0.01639607697096692,0.043668266141626985,0.18892748278759486,-0.01639607697096692,0.04004131348162973,0.17154401539358632,True
22,onlooker,27,50.0,x2,-0.9481475438181117,-0.00037349970117514736,0.0014629618504378421,0.004331311161579254,-0.00037349970117514736,-0.013256468458849537,0.04218626595860231,False
22,onlooker,1,19.0,x1,-0.2676872643951602,-0.006066179390205935,0.0016495166485740696,0.018832775631381526,0.005871135340392875,0.0016495166485740696,0.018239084090805324,True
22,onlooker,44,46.0,x1,0.7610499527186376,0.0004322782938511048,-0.003245048956230254,0.009544820216245586,0.0010241350047964122,-0.003245048956230254,0.00993294086862706,False
22,onlooker,8,22.0,x2,0.49177032459004644,-0.002996304619776904,-0.05487055808236768,0.23387231936919095,-0.002996304619776904,-0.20096680238587297,1.3602908287910371,False
22,onlooker,15,34.0,x2,-0.525714273617816,-0.007951046274551472,0.013276086090512916,0.05013587708897349,-0.007951046274551472,0.006462095114679172,0.03177312394776566,True
22,onlooker,15,44.0,x1,-0.4989819278220098,-0.007951046274551472,0.006462095114679172,0.03177312394776566,-0.0037679188198523365,0.006462095114679172,0.022647103701352922,True
22,onlooker,48,16.0,x1,-0.9529437803534453,0.013219921143381858,0.0016884172658214215,0.04241812116328392,0.0028443808231996826,0.0016884172658214215,0.009647074839108871,True
22,onlooker,13,9.0,x2,0.013653932435099492,-0.0009260672146824611,0.0016042784276948385,0.005330688407948703,-0.0009260672146824611,0.0016221096631748647,0.005375959795391072,False
22,onlooker,7,32.0,x1,0.7497981411129893,-0.01639607697096692,0.04004131348162973,0.17154401539358632,-0.02706825169218217,0.04004131348162973,0.19792437183462797,False
22,onlooker,18,9.0,x1,-0.19995000843117405,-0.00039114794970864127,0.007534333409223399,0.022853967183128265,-0.001118548623292723,0.007534333409223399,0.023088058250028798,False
22,onlooker,38,29.0,x1,-0.7977135733447938,0.027195398985956062,-0.0005505781661917491,0.09651811168459234,0.06736878735926637,-0.0005505781661917491,0.30700346967129066,False
22,onlooker,26,23.0,x1,-0.3457754879576771,-0.002629071847101508,-0.002442999139293689,0.010493917382988105,-0.014486326310943987,-0.002442999139293689,0.047289048936978606,False
22,onlooker,7,50.0,x1,-0.6479133602134888,-0.01639607697096692,0.04004131348162973,0.17154401539358632,-0.683735362862541,0.04004131348162973,3.2387896124597977,False
22,onlooker,10,8.0,x1,0.14038607739787623,0.010095167709177396,-0.9470604802522616,2.583332095684114,0.011933028156802129,-0.9470604802522616,2.5844396237979237,False
22,onlooker,21,13.0,x1,-0.14115323395694368,-0.0014856524064711324,-0.008650545787568353,0.026875800996738253,-0.0014066651469757448,-0.008650545787568353,0.026832885246424798,True
22,onlooker,32,14.0,x1,0.8304915520607608,-0.00216267982573843,-0.0007127868743124618,0.006578720929408366,0.13124712543396924,-0.0007127868743124618,0.7711040073718292,False
22,onlooker,15,10.0,x1,0.909135693745629,-0.0037679188198523365,0.006462095114679172,0.022647103701352922,-0.016371345608877468,0.006462095114679172,0.058011707489204145,False
22,onlooker,40,17.0,x2,0.682863702287752,-0.03783122210505976,0.03369945485751012,0.2105004327512927,-0.03783122210505976,0.05717187514241409,0.3151067548721902,False
22,onlooker,25,17.0,x2,0.6792231790784287,0.006370996994185566,-0.003223951053002538,0.021552845642738294,0.006370996994185566,-0.004955901463242262,0.024564001184782303,False
22,onlooker,37,15.0,x1,0.21335703051594757,-0.0044261389666587145,0.03391943415542596,0.12761480159953864,-0.004566574862607095,0.03391943415542596,0.12770023665977748,False
22,onlooker,18,1.0,x2,0.9236314828005587,-0.00039114794970864127,0.007534333409223399,0.022853967183128265,-0.00039114794970864127,0.01296973543987152,0.041177746383298075,False
22,onlooker,26,31.0,x1,0.19978285135458984,-0.002629071847101508,-0.002442999139293689,0.010493917382988105,-0.19524202649894085,-0.002442999139293689,1.311505021370483,False
22,onlooker,26,15.0,x2,0.9431522498161125,-0.002629071847101508,-0.002442999139293689,0.010493917382988105,-0.002629071847101508,-0.010841858819752729,0.03486498625517287,False
22,onlooker,29,34.0,x2,-0.09041448536590035,0.07755606691951554,0.002725132858182105,0.3721722934752312,0.07755606691951554,0.0025071938999100224,0.3721228783791344,True
22,onlooker,14,4.0,x2,-0.29953960686422754,-0.1628022491611133,-0.1448151985304631,1.561579589277955,-0.1628022491611133,-0.10137783462301762,1.3140267629498692,True
22,onlooker,9,34.0,x1,0.7580077696054388,-0.004029060642442859,0.00029833703939646013,0.011861681949504987,0.26490155272143895,0.00029833703939646013,1.8802540581571496,False
22,onlooker,15,18.0,x2,0.3407290076580234,-0.0037679188198523365,0.006462095114679172,0.022647103701352922,-0.0037679188198523365,0.006096752424606186,0.021639025151899194,True
22,onlooker,8,47.0,x1,-0.27230643794903386,-0.002996304619776904,-0.05487055808236768,0.23387231936919095,-0.0030487334133427178,-0.05487055808236768,0.23388866746018921,False
22,onlooker,6,10.0,x1,0.8654921520149161,-0.004662047177281671,0.00492907250525825,0.02041501627983111,-0.017434300847109688,0.00492907250525825,0.05996296576199045,False
22,onlooker,12,34.0,x2,-0.6876695529234698,0.015937850221986682,0.006696536302494161,0.056837016966455156,0.015937850221986682,0.002307934849920353,0.05244054324249747,True
22,onlooker,10,45.0,x2,-0.7039335597948764,0.010095167709177396,-0.9470604802522616,2.583332095684114,0.010095167709177396,-0.2821839795332828,2.011495717728192,True
22,onlooker,1,26.0,x2,0.7254536265258693,0.005871135340392875,0.0016495166485740696,0.018239084090805324,0.005871135340392875,0.00461844706849711,0.022613551130910015,False
22,onlooker,16,7.0,x1,0.9644616591312756,0.0023320382125190265,0.9057604989602419,2.626535753518461,0.020394587254785518,0.9057604989602419,2.6371789969899564,False
22,onlooker,32,43.0,x1,0.5042765446578474,-0.00216267982573843,-0.0007127868743124618,0.006578720929408366,-0.0008164531241917235,-0.0007127868743124618,0.0030967784802879983,True
22,onlooker,32,19.0,x2,-0.35132001359272125,-0.0008164531241917235,-0.0007127868743124618,0.0030967784802879983,-0.0008164531241917235,-0.0030561597644972066,0.00921371300517082,False
22,onlooker,34,37.0,x2,0.9011767680981866,-0.35881515142864495,0.0003146899143318926,2.5056322443757613,-0.35881515142864495,-0.029969124893623408,2.5195679182606843,False
22,onlooker,27,15.0,x1,-0.020942401339045125,-0.00037349970117514736,0.0014629618504378421,0.004331311161579254,-0.00044458698867141293,0.0014629618504378421,0.004386987245088125,False
22,onlooker,29,21.0,x1,0.5822662467190964,0.07755606691951554,0.0025071938999100224,0.3721228783791344,0.12353340055055706,0.0025071938999100224,0.7092675429172428,False
22,onlooker,28,1.0,x2,0.13967977646401697,-0.008024987402599888,0.004406817904999712,0.02812592583779905,-0.008024987402599888,0.0047919571281411985,0.028761760915735568,False
22,onlooker,29,46.0,x2,-0.1725566526716229,0.07755606691951554,0.0025071938999100224,0.3721228783791344,0.07755606691951554,0.002174004559348121,0.3720552849972525,True
22,onlooker,27,24.0,x2,0.06331285693777078,-0.00037349970117514736,0.0014629618504378421,0.004331311161579254,-0.00037349970117514736,0.001530404127596352,0.004521763674681711,False
22,onlooker,4,45.0,x1,0.8208246796632512,-0.0019898296574745507,0.00019855895615315984,0.005762518765803026,-0.007375290424018212,0.00019855895615315984,0.02231687796845394,False
23,employed,1,28.0,x2,0.11311103144189105,0.005871135340392875,0.0016495166485740696,0.018239084090805324,0.005871135340392875,0.001337635459463743,0.017996871495402633,True
23,employed,2,4.0,x1,0.19590102623951355,-0.8334211536799729,0.17338565928815752,3.3678485610906255,-0.9962994033036578,0.17338565928815752,3.305553753730774,True
23,employed,3,23.0,x2,0.41808726046887457,-0.9894923034384054,1.985565213575624,5.394319116398336,-0.9894923034384054,2.815638901991585,7.592051365340037,False
23,employed,4,3.0,x2,0.42177536545897953,-0.0019898296574745507,0.00019855895615315984,0.005762518765803026,-0.0019898296574745507,-0.8371801873660458,2.8123576366179006,False
23,employed,5,16.0,x2,0.30341066090621593,-0.3407526888093539,-0.1491589112645484,2.716711783684343,-0.3407526888093539,-0.46923270672364753,3.825659644025994,False
23,employed,6,32.0,x1,-0.546317030735535,-0.004662047177281671,0.00492907250525825,0.02041501627983111,-0.0025611336527833397,0.00492907250525825,0.016532625867132555,True
23,employed,7,23.0,x1,0.6712665181066491,-0.01639607697096692,0.04004131348162973,0.17154401539358632,-0.002618487655554157,0.04004131348162973,0.15580818285604225,True
23,employed,8,31.0,x2,-0.8625233960431771,-0.002996304619776904,-0.05487055808236768,0.23387231936919095,-0.002996304619776904,0.8264750495198243,2.8472680063212583,False
23,employed,9,23.0,x2,-0.376457082444166,-0.004029060642442859,0.00029833703939646013,0.011861681949504987,-0.004029060642442859,0.0002453030513639374,0.011850817591267049,True
23,employed,10,33.0,x2,0.22912788259052164,0.010095167709177396,-0.2821839795332828,2.011495717728192,0.010095167709177396,-0.566560069778806,3.2154893855953657,False
23,employed,11,1.0,x2,0.2153910188369259,-3.977448615493859e-05,-0.00016878602268228062,0.000491275860700302,-3.977448615493859e-05,-0.0004932556805195446,0.0014061870045591895,False
23,employed,12,38.0,x1,0.5374600648031509,0.015937850221986682,0.002307934849920353,0.05244054324249747,0.009887367333779068,0.002307934849920353,0.031460250530568334,True
23,employed,13,3.0,x1,-0.3926831657802621,-0.0009260672146824611,0.0016042784276948385,0.005330688407948703,-0.3891193864384924,0.0016042784276948385,2.6656083945927063,False
23,employed,14,22.0,x1,-0.6404565844101764,-0.1628022491611133,-0.10137783462301762,1.3140267629498692,-0.6508836012776134,-0.10137783462301762,3.380682718065732,False
23,employed,15,22.0,x2,-0.8577409283488153,-0.0037679188198523365,0.006096752424606186,0.021639025151899194,-0.0037679188198523365,0.20862221689985555,1.4252334656932857,False
23,employed,16,6.0,x2,0.3373895256868389,0.0023320382125190265,0.9057604989602419,2.626535753518461,0.0023320382125190265,1.2096915866556874,3.9944657687762306,False
23,employed,17,13.0,x2,0.42281169495914495,-0.024938985576850516,-0.0006740521926756021,0.08705261211545023,-0.024938985576850516,-0.0016373570239517484,0.08723764147896107,False
23,employed,18,3.0,x1,0.12540610608700575,-0.00039114794970864127,0.007534333409223399,0.022853967183128265,0.12364817648628684,0.007534333409223399,0.7119210970672829,False
23,employed,19,21.0,x1,0.5939427838309306,0.03852807785834562,-0.007382981567238135,0.15143273291040815,0.06224703029049897,-0.007382981567238135,0.27863922252649376,False
23,employed,20,40.0,x2,-0.24888071508498366,-0.011593832029544952,1.8355667057596583,5.163952858681821,-0.011593832029544952,1.387116695866918,5.15425406347941,True
23,employed,21,32.0,x1,-0.5449022623610238,-0.0014066651469757448,-0.008650545787568353,0.026832885246424798,-0.0010850572804880555,-0.008650545787568353,0.02668191414149179,True
23,employed,22,30.0,x2,-0.8374706121049551,-0.9248856815080456,0.24221171182746315,3.647952583796219,-0.9248856815080456,0.038370199229774665,2.635627051682022,True
23,employed,23,22.0,x2,-0.6345446369237817,-0.036920844621040325,0.00015746045477173492,0.14032197991936401,-0.036920844621040325,0.024405148906619288,0.17664361782253524,False
23,employed,24,45.0,x2,-0.11019836406633643,-0.22934585355274573,0.0003977393913597786,1.597637753213395,-0.22934585355274573,7.351012144597116e-05,1.5976341886465382,True
23,employed,25,30.0,x2,-0.2792362793399792,0.006370996994185566,-0.003223951053002538,0.021552845642738294,0.006370996994185566,-0.002655908771907751,0.020791222909672502,True
23,employed,26,15.0,x1,-0.5941604338769328,-0.002629071847101508,-0.002442999139293689,0.010493917382988105,-0.003305729658550572,-0.002442999139293689,0.012076074027153272,False
23,employed,27,46.0,x2,0.5989315648539053,-0.00037349970117514736,0.0014629618504378421,0.004331311161579254,-0.00037349970117514736,0.0019940142319914427,0.005847597962273188,False
23,employed,28,7.0,x1,0.4934497525835966,-0.008024987402599888,0.004406817904999712,0.02812592583779905,-0.010692823365122882,0.004406817904999712,0.03626983032654296,False
23,employed,29,21.0,x2,-0.9692066900788603,0.07755606691951554,0.002174004559348121,0.3720552849972525,0.07755606691951554,-0.008317222053978772,0.3748444368098949,False
23,employed,30,26.0,x1,-0.7399071198302678,0.00717126624393017,-0.0011896799961131953,0.021967129440569,-8.007368636794333e-05,-0.0011896799961131953,0.0034103949387689347,True
23,employed,31,11.0,x1,0.392081922848186,0.9614824789985473,0.9669517039517543,3.5757328248954754,1.3384779730061502,0.9669517039517543,5.6305877435414935,False
23,employed,32,13.0,x2,0.7837764036836332,-0.0008164531241917235,-0.0007127868743124618,0.0030967784802879983,-0.0008164531241917235,-0.0025288479838198753,0.007704235938821302,False
23,employed,33,34.0,x1,0.6645669698216181,-0.0018656995869814194,0.9589399161286719,2.5811245612257534,0.23535111600292055,0.9589399161286719,3.6269157717084544,False
23,employed,34,31.0,x2,0.7376991820440317,-0.35881515142864495,0.0003146899143318926,2.5056322443757613,-0.35881515142864495,-0.7127726446745598,4.203259493197795,False
23,employed,35,18.0,x2,0.09828115377115942,-0.9529378384381878,0.03430351163864564,2.6120626219819347,-0.9529378384381878,0.03693441736053906,2.61712417392646,False
23,employed,36,26.0,x1,0.8075814161559409,-1.1347587048123144,0.1176498007328487,3.6830077834901016,-2.0490455570744666,0.1176498007328487,5.426663428692436,False
23,employed,37,9.0,x2,0.15612152637338483,-0.0044261389666587145,0.03391943415542596,0.12761480159953864,-0.0044261389666587145,0.039176690902689604,0.15238254543291108,False
23,employed,38,37.0,x1,-0.2599004789326793,0.027195398985956062,-0.0005505781661917491,0.09651811168459234,0.018976946127483588,-0.0005505781661917491,0.06326657901459543,True
23,employed,39,44.0,x2,-0.25397046584453187,0.8067097113029637,0.09832483691927507,3.1001157948235947,0.8067097113029637,0.07252908568769705,3.0176325025914434,True
23,employed,40,9.0,x2,0.1680967108100635,-0.03783122210505976,0.03369945485751012,0.2105004327512927,-0.03783122210505976,0.03932298773906384,0.23208264150107327,False
23,employed,41,21.0,x2,-0.9696197906359909,-0.1448419035749619,0.32701382441007254,2.6276694154943887,-0.1448419035749619,0.0015470080550742393,0.8830362224594208,True
23,employed,42,4.0,x2,-0.60944563958682,-0.06407647242358747,0.09559570441718254,0.6482509404412551,-0.06407647242358747,0.03745633008692859,0.35111028746564843,True
23,employed,43,38.0,x2,0.7840790320674966,-0.004832299731340274,0.27580933721507095,1.9629810508874646,-0.004832299731340274,0.49249735216946666,3.0636083622974657,False
23,employed,44,27.0,x1,-0.7888690749717531,0.0004322782938511048,-0.003245048956230254,0.009544820216245586,-0.00020337504771784855,-0.003245048956230254,0.009477875348537612,True
23,employed,45,27.0,x1,0.71121092119389,0.004571206943853131,-0.0025444936686394625,0.015526088511425673,0.008087936311897241,-0.0025444936686394625,0.025894751405989513,False
23,employed,46,37.0,x1,-0.4178036726052501,-0.0003454061522631946,0.0005762956389431489,0.0019123828226565998,-0.0020503513090384014,0.0005762956389431489,0.006144773731005859,False
23,employed,47,7.0,x1,0.801363399524486,-0.003188840624289682,-0.9501502141297273,2.580303186468328,-0.0036459006182444653,-0.9501502141297273,2.580389030296804,False
23,employed,48,42.0,x2,-0.8925692697095484,0.0028443808231996826,0.0016884172658214215,0.009647074839108871,0.0028443808231996826,0.03361375709159184,0.1254345543301345,False
23,employed,49,41.0,x1,-0.805574724430121,0.06542738663635342,-0.29690008780154864,2.1922747022790543,-0.10396023888174408,-0.29690008780154864,2.3021255083620606,False
23,employed,50,4.0,x2,0.5172017942925189,-1.046378366071603,-0.01406144719882621,2.813152655093351,-1.046378366071603,-0.021436747968803904,2.8202981428467635,False
23,onlooker,26,21.0,x1,0.8077243919520438,-0.002629071847101508,-0.002442999139293689,0.010493917382988105,-0.0038762100740844575,-0.002442999139293689,0.013518333360579948,False
23,onlooker,42,3.0,x2,0.23217448388234474,-0.06407647242358747,0.03745633008692859,0.35111028746564843,-0.06407647242358747,-0.41484484448367015,2.8406505341561226,False
23,onlooker,38,27.0,x2,0.9660109981523766,0.018976946127483588,-0.0005505781661917491,0.06326657901459543,0.018976946127483588,-0.0024956799674758536,0.06386337246063478,False
23,onlooker,32,6.0,x2,-0.6034039760000931,-0.0008164531241917235,-0.0007127868743124618,0.0030967784802879983,-0.0008164531241917235,0.002691533507353924,0.008165992442088044,False
23,onlooker,41,50.0,x1,-0.8033214662552206,-0.1448419035749619,0.0015470080550742393,0.8830362224594208,-0.8690654965103084,0.0015470080550742393,2.7147139023905926,False
23,onlooker,6,39.0,x2,-0.8712914365669209,-0.0025611336527833397,0.00492907250525825,0.016532625867132555,-0.0025611336527833397,0.06382838510292814,0.2857667336452647,False
23,onlooker,4,45.0,x2,0.6008996246369018,-0.0019898296574745507,0.00019855895615315984,0.005762518765803026,-0.0019898296574745507,0.0018468582487503149,0.007874951524030838,False
23,onlooker,44,32.0,x2,-0.3549271561222831,-0.00020337504771784855,-0.003245048956230254,0.009477875348537612,-0.00020337504771784855,-0.0023462803769388803,0.006808851635693447,True
23,onlooker,45,15.0,x1,-0.44897832109030134,0.004571206943853131,-0.0025444936686394625,0.015526088511425673,0.0008271202591037734,-0.0025444936686394625,0.0077582133396494335,True
23,onlooker,44,34.0,x1,0.7913441694184855,-0.00020337504771784855,-0.0023462803769388803,0.006808851635693447,0.2835819632761346,-0.0023462803769388803,2.0198086567633777,False
23,onlooker,9,48.0,x1,0.2254843134006541,-0.004029060642442859,0.0002453030513639374,0.011850817591267049,-0.005578913872022853,0.0002453030513639374,0.01662497600570889,False
23,onlooker,32,46.0,x1,-0.2384940506107427,-0.0008164531241917235,-0.0007127868743124618,0.0030967784802879983,-0.0007041112238285639,-0.0007127868743124618,0.0028605797074274797,True
23,onlooker,36,32.0,x1,0.5755054377319204,-1.1347587048123144,0.1176498007328487,3.6830077834901016,-1.787413290107351,0.1176498007328487,5.5682473423023175,False
23,onlooker,45,34.0,x1,-0.8647208909938713,0.0008271202591037734,-0.0025444936686394625,0.0077582133396494335,-0.31016306535378624,-0.0025444936686394625,2.205817491774902,False
23,onlooker,9,48.0,x2,0.9373009467544524,-0.004029060642442859,0.0002453030513639374,0.011850817591267049,-0.004029060642442859,-0.0011073292681218704,0.01228331787928072,False
23,onlooker,48,2.0,x1,-0.23510366410116346,0.0028443808231996826,0.0016884172658214215,0.009647074839108871,-0.23205798378892642,0.0016884172658214215,1.6199386105134512,False
23,onlooker,38,37.0,x1,-0.828182190100083,0.018976946127483588,-0.0005505781661917491,0.06326657901459543,-0.0004050721408817917,-0.0005505781661917491,0.0019457694940752113,True
23,onlooker,29,8.0,x1,-0.013581334264413325,0.07755606691951554,0.002174004559348121,0.3720552849972525,0.0764620582358492,0.002174004559348121,0.3648921900049662,True
23,onlooker,12,3.0,x1,-0.8399611489467809,0.009887367333779068,0.002307934849920353,0.031460250530568334,-0.8295527291620807,0.002307934849920353,2.8371352182797414,False
23,onlooker,45,37.0,x1,0.8636479635459009,0.0008271202591037734,-0.0025444936686394625,0.0077582133396494335,0.005364086891412262,-0.0025444936686394625,0.01773070385736064,False
23,onlooker,23,21.0,x2,-0.28318541499580885,-0.036920844621040325,0.00015746045477173492,0.14032197991936401,-0.036920844621040325,-0.0023368384482510183,0.14067280020646367,False
23,onlooker,29,18.0,x2,0.49254646796401236,0.0764620582358492,0.002174004559348121,0.3648921900049662,0.0764620582358492,-0.00046620648278354387,0.3646954024153577,True
23,onlooker,40,44.0,x1,-0.5143981395094455,-0.03783122210505976,0.03369945485751012,0.2105004327512927,-0.018475527585017117,0.03369945485751012,0.1476223844758029,True
23,onlooker,26,11.0,x1,-0.9248883531593177,-0.002629071847101508,-0.002442999139293689,0.010493917382988105,-0.00023426087509586776,-0.002442999139293689,0.007101918552284037,True
23,onlooker,34,27.0,x2,0.44785455910616734,-0.35881515142864495,0.0003146899143318926,2.5056322443757613,-0.35881515142864495,-0.00019956890734682258,2.505631320132292,True
23,onlooker,6,50.0,x1,0.988697133894064,-0.0025611336527833397,0.00492907250525825,0.016532625867132555,1.0294579723489379,0.00492907250525825,2.7335031160533814,False
23,onlooker,23,44.0,x1,-0.5128628883888864,-0.036920844621040325,0.00015746045477173492,0.14032197991936401,-0.01808981712133511,0.00015746045477173492,0.05985870819706962,True
23,onlooker,37,45.0,x2,0.629332532161557,-0.0044261389666587145,0.03391943415542596,0.12761480159953864,-0.0044261389666587145,0.05686737018550131,0.24569171012705882,False
23,onlooker,41,23.0,x2,0.6399798955575455,-0.1448419035749619,0.0015470080550742393,0.8830362224594208,-0.1448419035749619,0.002436290583188074,0.8831484400088994,False
23,onlooker,32,7.0,x1,-0.7716311918709597,-0.0007041112238285639,-0.0007127868743124618,0.0028605797074274797,-0.0021813037915306586,-0.0007127868743124618,0.006630925307252955,False
23,onlooker,38,31.0,x1,0.03875223438275488,-0.0004050721408817917,-0.0005505781661917491,0.0019457694940752113,-0.03768036397249107,-0.0005505781661917491,0.14396245099331795,False
23,onlooker,45,33.0,x2,-0.20770650982339967,0.0008271202591037734,-0.0025444936686394625,0.0077582133396494335,0.0008271202591037734,0.19716207733997143,1.3277223660082886,False
23,onlooker,20,31.0,x2,0.5205505693726968,-0.011593832029544952,1.387116695866918,5.15425406347941,-0.011593832029544952,1.6058338216388313,5.670600499355807,False
23,onlooker,27,25.0,x2,0.45380140530836366,-0.00037349970117514736,0.0014629618504378421,0.004331311161579254,-0.00037349970117514736,0.0033321111271416067,0.009782997344210731,False
23,onlooker,34,42.0,x2,-0.8748964274454112,-0.35881515142864495,-0.00019956890734682258,2.505631320132292,-0.35881515142864495,0.03274544259498999,2.522250389300862,False
23,onlooker,38,26.0,x2,-0.8506137599336963,-0.0004050721408817917,-0.0005505781661917491,0.0019457694940752113,-0.0004050721408817917,-0.0021602974854993745,0.006345367290667259,False
23,onlooker,32,37.0,x2,0.047254339089368935,-0.0007041112238285639,-0.0007127868743124618,0.0028605797074274797,-0.0007041112238285639,-0.002349309590269695,0.007097037332283396,False
23,onlooker,40,15.0,x1,-0.5961855629371278,-0.018475527585017117,0.03369945485751012,0.1476223844758029,-0.009707063573898318,0.03369945485751012,0.1316295420445539,True
23,onlooker,17,22.0,x1,0.3918672048043377,-0.024938985576850516,-0.0006740521926756021,0.08705261211545023,0.3277206106306061,-0.0006740521926756021,2.3200890948253634,False
23,onlooker,42,36.0,x1,-0.652024881860797,-0.06407647242358747,0.03745633008692859,0.35111028746564843,-0.7621879285073017,0.03745633008692859,3.0747272462931403,False
23,onlooker,18,8.0,x1,0.3734483991161026,-0.00039114794970864127,0.007534333409223399,0.022853967183128265,0.0005817436381749881,0.007534333409223399,0.02289363247899745,False
23,onlooker,12,27.0,x1,0.5836596863893686,0.009887367333779068,0.002307934849920353,0.031460250530568334,0.015876221769483456,0.002307934849920353,0.052216049646226725,False
23,onlooker,32,15.0,x2,-0.3342664987673183,-0.0007041112238285639,-0.0007127868743124618,0.0028605797074274797,-0.0007041112238285639,0.0015634139853555338,0.0049280585823301415,False
23,onlooker,30,27.0,x2,-0.8072130250599112,-8.007368636794333e-05,-0.0011896799961131953,0.0034103949387689347,-8.007368636794333e-05,0.0009515670532417764,0.002725232439054981,True
23,onlooker,44,26.0,x2,-0.05327797360506925,-0.00020337504771784855,-0.0023462803769388803,0.006808851635693447,-0.00020337504771784855,-0.002351433356606735,0.006824016675711864,False
23,onlooker,11,20.0,x1,-0.3343502753698018,-3.977448615493859e-05,-0.00016878602268228062,0.000491275860700302,-0.0039028768074259247,-0.00016878602268228062,0.011455643788093273,False
23,onlooker,13,29.0,x2,-0.07544927943943591,-0.0009260672146824611,0.0016042784276948385,0.005330688407948703,-0.0009260672146824611,0.0014480618331090195,0.004940344932368834,True
23,onlooker,45,48.0,x2,-0.5610531415438182,0.0008271202591037734,-0.0025444936686394625,0.0077582133396494335,0.0008271202591037734,-0.0001696056909850042,0.002407110422219194,True
23,onlooker,6,40.0,x2,0.989722807277218,-0.0025611336527833397,0.00492907250525825,0.016532625867132555,-0.0025611336527833397,-0.023545631082851404,0.08185884383022257,False
23,onlooker,44,2.0,x1,-0.497472898587068,-0.00020337504771784855,-0.0023462803769388803,0.006808851635693447,-0.4957341534952663,-0.0023462803769388803,3.07229741010238,False
24,employed,1,4.0,x1,0.6415587540823331,0.005871135340392875,0.001337635459463743,0.017996871495402633,0.010914406250309532,0.001337635459463743,0.03431813615264945,False
24,employed,2,30.0,x2,0.027437082334107687,-0.9962994033036578,0.17338565928815752,3.305553753730774,-0.9962994033036578,0.17811674767401403,3.334969335258752,False
24,employed,3,29.0,x1,-0.49509748260681774,-0.9894923034384054,1.985565213575624,5.394319116398336,-0.4617409823997246,1.985565213575624,6.71506079590889,False
24,employed,4,31.0,x1,-0.93866604307194,-0.0019898296574745507,0.00019855895615315984,0.005762518765803026,0.9023889099180604,0.00019855895615315984,2.632948450666636,False
24,employed,5,33.0,x1,0.4688676603576616,-0.3407526888093539,-0.1491589112645484,2.716711783684343,-0.49964583857169975,-0.1491589112645484,3.3245711667560163,False
24,employed,6,34.0,x2,-0.3357649633755595,-0.0025611336527833397,0.00492907250525825,0.016532625867132555,-0.0025611336527833397,0.0032070544091885303,0.012056975120362967,True
24,employed,7,42.0,x1,0.43108799423496413,-0.002618487655554157,0.04004131348162973,0.15580818285604225,0.0238753117278203,0.04004131348162973,0.18886144627368795,False
24,employed,8,7.0,x1,-0.6097115589233699,-0.002996304619776904,-0.05487055808236768,0.23387231936919095,-0.002765945249532958,-0.05487055808236768,0.23380384491504858,True
24,employed,9,33.0,x2,-0.42116773288794773,-0.004029060642442859,0.0002453030513639374,0.011850817591267049,-0.004029060642442859,0.404016539773022,2.7369977465331528,False
24,employed,10,6.0,x2,-0.6900620137002156,0.010095167709177396,-0.2821839795332828,2.011495717728192,0.010095167709177396,-0.08524646795895446,0.4277101083028687,True
24,employed,11,9.0,x1,-0.04441818636323558,-3.977448615493859e-05,-0.00016878602268228062,0.000491275860700302,-0.00021697134210121115,-0.00016878602268228062,0.0007795224865607686,False
24,employed,12,31.0,x2,-0.6471954502911701,0.009887367333779068,0.002307934849920353,0.031460250530568334,0.009887367333779068,0.6266209933643533,3.2537834665676475,False
24,employed,13,36.0,x1,-0.4379747849969431,-0.0009260672146824611,0.0014480618331090195,0.004940344932368834,-0.4975161728890222,0.0014480618331090195,3.0770718568038373,False
24,employed,14,17.0,x1,-0.5530027578517849,-0.1628022491611133,-0.10137783462301762,1.3140267629498692,-0.08656348419256843,-0.10137783462301762,0.7989405373188707,True
24,employed,15,40.0,x1,0.9196276658737541,-0.0037679188198523365,0.006096752424606186,0.021639025151899194,0.0016938830075973205,0.006096752424606186,0.018963260590063147,True
24,employed,16,26.0,x1,-0.9159387171360156,0.0023320382125190265,0.9057604989602419,2.626535753518461,-1.853448157828697e-05,0.9057604989602419,2.6263943002618686,True
24,employed,17,13.0,x1,-0.6838994177623079,-0.024938985576850516,-0.0006740521926756021,0.08705261211545023,-0.008516564690189951,-0.0006740521926756021,0.026106151669289535,True
24,employed,18,43.0,x2,-0.8302920251335897,-0.00039114794970864127,0.007534333409223399,0.022853967183128265,-0.00039114794970864127,0.23028092961190205,1.605315942898415,False
24,employed,19,49.0,x1,0.177027553249252,0.03852807785834562,-0.007382981567238135,0.15143273291040815,0.03376615904127877,-0.007382981567238135,0.12927200897705093,True
24,employed,20,27.0,x1,0.6947012448383736,-0.011593832029544952,1.387116695866918,5.15425406347941,-0.0193886108655637,1.387116695866918,5.1571341251583505,False
24,employed,21,2.0,x2,0.5543054988140192,-0.0010850572804880555,-0.008650545787568353,0.02668191414149179,-0.0010850572804880555,-0.10955421524427969,0.6000359161814015,False
24,employed,22,6.0,x1,0.6815561978808642,-0.9248856815080456,0.038370199229774665,2.635627051682022,-1.5535016935564654,0.038370199229774665,5.65052131072774,False
24,employed,23,27.0,x1,-0.8777411952798164,-0.01808981712133511,0.00015746045477173492,0.05985870819706962,-0.0025394754930072715,0.00015746045477173492,0.007368891365949981,True
24,employed,24,42.0,x1,-0.9453717658574967,-0.22934585355274573,7.351012144597116e-05,1.5976341886465382,-0.07310484687249774,7.351012144597116e-05,0.342994646200673,True
24,employed,25,7.0,x2,0.5956490476532579,0.006370996994185566,-0.002655908771907751,0.020791222909672502,0.006370996994185566,-0.02808846854466684,0.10340857665830727,False
24,employed,26,23.0,x2,0.7627774087096675,-0.00023426087509586776,-0.002442999139293689,0.007101918552284037,-0.00023426087509586776,-0.004426570969909107,0.01306090125281445,False
24,employed,27,33.0,x2,0.247057508740816,-0.00037349970117514736,0.0014629618504378421,0.004331311161579254,-0.00037349970117514736,-0.23508890915028685,1.644610857563411,False
24,employed,28,15.0,x2,-0.7326389528965329,-0.008024987402599888,0.004406817904999712,0.02812592583779905,-0.008024987402599888,0.005644929761907905,0.030312854707464698,False
24,employed,29,49.0,x2,-0.7904046217132097,0.0764620582358492,-0.00046620648278354387,0.3646954024153577,0.0764620582358492,-0.23476891630952054,1.7703502893281358,False
24,employed,30,26.0,x2,-0.4548628183304395,-8.007368636794333e-05,0.0009515670532417764,0.002725232439054981,-8.007368636794333e-05,-0.0005924948921041348,0.0017005821558098155,True
24,employed,31,13.0,x2,0.18917243860562616,0.9614824789985473,0.9669517039517543,3.5757328248954754,0.9614824789985473,1.1495983824139522,4.355874226483387,False
24,employed,32,41.0,x2,0.5543589656625574,-0.0007041112238285639,-0.0007127868743124618,0.0028605797074274797,-0.0007041112238285639,-0.0019655244539767656,0.006021362711369438,False
24,employed,33,44.0,x2,-0.4141945241752658,-0.0018656995869814194,0.9589399161286719,2.5811245612257534,-0.0018656995869814194,0.5607804373707794,3.20651092474871,False
24,employed,34,23.0,x2,-0.9813308535599501,-0.35881515142864495,-0.00019956890734682258,2.505631320132292,-0.35881515142864495,0.00015079502132694597,2.50563105334998,True
24,employed,35,38.0,x1,-0.3953137757154339,-0.9529378384381878,0.03430351163864564,2.6120626219819347,-0.5763885141005327,0.03430351163864564,3.2405883478863697,False
24,employed,36,28.0,x1,-0.6613994359610986,-1.1347587048123144,0.1176498007328487,3.6830077834901016,-0.3895376596391774,0.1176498007328487,2.8514466426049094,True
24,employed,37,42.0,x2,0.6345444385565555,-0.0044261389666587145,0.03391943415542596,0.12761480159953864,-0.0044261389666587145,0.03167511651233766,0.11747383257502664,True
24,employed,38,44.0,x2,-0.9081260057865543,-0.0004050721408817917,-0.0005505781661917491,0.0019457694940752113,-0.0004050721408817917,-0.002181302042419627,0.006406197199976038,False
24,employed,39,50.0,x1,-0.5044411711206109,0.8067097113029637,0.07252908568769705,3.0176325025914434,-0.12806420863750412,0.07252908568769705,0.9143657095168867,True
24,employed,40,16.0,x2,-0.5013285416191078,-0.009707063573898318,0.03369945485751012,0.1316295420445539,-0.009707063573898318,0.4708885463003691,2.9996027305197406,False
24,employed,41,14.0,x1,0.10532271220729328,-0.1448419035749619,0.0015470080550742393,0.8830362224594208,-0.15097994476746968,0.0015470080550742393,0.9343894552884149,False
24,employed,42,12.0,x1,-0.21245737719919044,-0.06407647242358747,0.03745633008692859,0.35111028746564843,-0.048362309021156166,0.03745633008692859,0.2701980223364484,True
24,employed,43,33.0,x2,0.6720524071554537,-0.004832299731340274,0.27580933721507095,1.9629810508874646,-0.004832299731340274,-0.18329021274531315,1.20988745876975,True
24,employed,44,34.0,x1,0.18864568957464645,-0.00020337504771784855,-0.0023462803769388803,0.006808851635693447,0.06744719079725106,-0.0023462803769388803,0.30772791330732874,False
24,employed,45,8.0,x2,0.6322312030825652,0.0008271202591037734,-0.0001696056909850042,0.002407110422219194,0.0008271202591037734,0.034414043249180994,0.1286136396651938,False
24,employed,46,2.0,x2,-0.47161667352939585,-0.0003454061522631946,0.0005762956389431489,0.0019123828226565998,-0.0003454061522631946,0.08207607287791734,0.40194354066937565,False
24,employed,47,3.0,x1,0.33485795116892514,-0.003188840624289682,-0.9501502141297273,2.580303186468328,0.3270827161644612,-0.9501502141297273,4.092871849815875,False
24,employed,48,19.0,x2,0.3040969664097335,0.0028443808231996826,0.0016884172658214215,0.009647074839108871,0.0028443808231996826,0.004447002132047629,0.015672755214084066,False
24,employed,49,18.0,x2,-0.08851853840101165,0.06542738663635342,-0.29690008780154864,2.1922747022790543,0.06542738663635342,-0.2699519977970132,2.0030863487821198,True
24,employed,50,23.0,x2,-0.9088386926649108,-1.046378366071603,-0.01406144719882621,2.813152655093351,-1.046378366071603,-0.0011387537558071592,2.807772232953955,True
24,onlooker,21,33.0,x1,0.09210449215086758,-0.0010850572804880555,-0.008650545787568353,0.02668191414149179,-0.0010131566172970022,-0.008650545787568353,0.02665341608467431,True
24,onlooker,6,34.0,x1,-0.3822744901694781,-0.0025611336527833397,0.0032070544091885303,0.012056975120362967,-0.13874795666887904,0.0032070544091885303,0.8327911410817319,False
24,onlooker,1,9.0,x1,-0.004880685366881021,0.005871135340392875,0.001337635459463743,0.017996871495402633,0.005822815598730194,0.001337635459463743,0.01784860702143165,True
24,onlooker,15,36.0,x2,-0.5186930488684711,0.0016938830075973205,0.006096752424606186,0.018963260590063147,0.0016938830075973205,0.06395854316218035,0.2863727070297988,False
24,onlooker,38,15.0,x1,0.24172741516883134,-0.0004050721408817917,-0.0005505781661917491,0.0019457694940752113,-0.0009124471434789581,-0.0005505781661917491,0.0030444692408448937,False
24,onlooker,40,19.0,x1,-0.9063901163690591,-0.009707063573898318,0.03369945485751012,0.1316295420445539,0.02969663573121005,0.03369945485751012,0.18005542339129166,False
24,onlooker,26,50.0,x1,0.9379837327538272,-0.00023426087509586776,-0.002442999139293689,0.007101918552284037,0.9810318919155365,-0.002442999139293689,2.600684911756144,False
24,onlooker,11,39.0,x2,-0.3100963363598681,-3.977448615493859e-05,-0.00016878602268228062,0.000491275860700302,-3.977448615493859e-05,0.022374557655866045,0.07656064537664564,False
24,onlooker,9,34.0,x1,0.0017374590535379486,-0.004029060642442859,0.0002453030513639374,0.011850817591267049,-0.003412634336937035,0.0002453030513639374,0.009988980138942782,True
24,onlooker,26,42.0,x1,-0.32691264822515387,-0.00023426087509586776,-0.002442999139293689,0.007101918552284037,-0.015967928548432146,-0.002442999139293689,0.05262344113358042,False
24,onlooker,32,18.0,x2,-0.9145522068391416,-0.0007041112238285639,-0.0007127868743124618,0.0028605797074274797,-0.0007041112238285639,0.006829635181063108,0.02067428362394752,False
24,onlooker,18,48.0,x2,-0.03347503582316591,-0.00039114794970864127,0.007534333409223399,0.022853967183128265,-0.00039114794970864127,0.007338641156903794,0.022223798381034943,True
24,onlooker,7,35.0,x1,0.9267586994370425,-0.002618487655554157,0.04004131348162973,0.15580818285604225,0.8780982379256139,0.04004131348162973,2.7290652485177316,False
24,onlooker,45,29.0,x2,-0.2474385113029376,0.0008271202591037734,-0.0001696056909850042,0.002407110422219194,0.0008271202591037734,-0.0002429961493589074,0.0024581086066324254,False
24,onlooker,27,41.0,x2,0.7224746840369085,-0.00037349970117514736,0.0014629618504378421,0.004331311161579254,-0.00037349970117514736,0.0014022405952986597,0.004160490427498775,True
24,onlooker,41,23.0,x2,-0.7622840208595401,-0.1448419035749619,0.0015470080550742393,0.8830362224594208,-0.1448419035749619,0.00048777812313992113,0.8829679397937231,True
24,onlooker,27,8.0,x2,-0.878083332204288,-0.00037349970117514736,0.0014022405952986597,0.004160490427498775,-0.00037349970117514736,-0.048009965980047656,0.19602360744938752,False
24,onlooker,25,34.0,x2,0.708294612812786,0.006370996994185566,-0.002655908771907751,0.020791222909672502,0.006370996994185566,-0.004643881948417099,0.023953321824855767,False
24,onlooker,39,44.0,x1,0.520137541641781,-0.12806420863750412,0.07252908568769705,0.9143657095168867,-0.19456942829316443,0.07252908568769705,1.4388477720803405,False
24,onlooker,34,1.0,x2,0.252204623618421,-0.35881515142864495,0.00015079502132694597,2.50563105334998,-0.35881515142864495,-0.00014853162466846678,2.5056310427731288,True
24,onlooker,7,3.0,x2,-0.6871756957886892,-0.002618487655554157,0.04004131348162973,0.15580818285604225,-0.002618487655554157,1.3769580532022445,5.104530233609374,False
24,onlooker,41,37.0,x2,0.8975448104104247,-0.1448419035749619,0.00048777812313992113,0.8829679397937231,-0.1448419035749619,-0.027504255598598325,0.9067583236586612,False
24,onlooker,48,44.0,x2,-0.7341478980460017,0.0028443808231996826,0.0016884172658214215,0.009647074839108871,0.0028443808231996826,-0.001273647527862212,0.009073456757992648,True
24,onlooker,44,42.0,x1,0.7421717197193947,-0.00020337504771784855,-0.0023462803769388803,0.006808851635693447,0.035538823799201646,-0.0023462803769388803,0.13416568639647553,False
24,onlooker,9,6.0,x2,0.8476177591681633,-0.003412634336937035,0.0002453030513639374,0.009988980138942782,-0.003412634336937035,-0.002265129997768609,0.012031814105111227,False
24,onlooker,9,20.0,x1,-0.08803030101187947,-0.003412634336937035,0.0002453030513639374,0.009988980138942782,-0.004132827632455004,0.0002453030513639374,0.01216633237976028,False
24,onlooker,7,2.0,x1,0.9881809395342322,-0.002618487655554157,0.04004131348162973,0.15580818285604225,0.9793180531668251,0.04004131348162973,2.642398196105916,False
24,onlooker,44,46.0,x1,-0.430873861455763,-0.00020337504771784855,-0.0023462803769388803,0.006808851635693447,-0.00026457253818012896,-0.0023462803769388803,0.006826788533665695,False
24,onlooker,11,22.0,x2,-0.09336126204398632,-3.977448615493859e-05,-0.00016878602268228062,0.000491275860700302,-3.977448615493859e-05,0.0034292622783816764,0.010013228148285425,False
24,onlooker,1,40.0,x2,0.9933340762840346,0.005822815598730194,0.001337635459463743,0.01784860702143165,0.005822815598730194,-0.030808462519165414,0.11465365957999696,False
24,onlooker,26,20.0,x1,-0.2144962135575934,-0.00023426087509586776,-0.002442999139293689,0.007101918552284037,-0.0026708458753632565,-0.002442999139293689,0.0105866826355272,False
24,onlooker,6,15.0,x1,0.004265577269262355,-0.0025611336527833397,0.0032070544091885303,0.012056975120362967,-0.0025792837551301922,0.0032070544091885303,0.0120915632089873,False
24,onlooker,21,28.0,x1,0.6981312972748133,-0.0010131566172970022,-0.008650545787568353,0.02665341608467431,0.0038820219051179747,-0.008650545787568353,0.029210577088484957,False
24,onlooker,12,2.0,x1,-0.9235491094345185,0.009887367333779068,0.002307934849920353,0.031460250530568334,-0.91937552861322,0.002307934849920353,2.604018271380696,False
24,onlooker,8,29.0,x2,0.6163696200758495,-0.002765945249532958,-0.05487055808236768,0.23380384491504858,-0.002765945249532958,-0.0884037476082763,0.44564113256581495,False
24,onlooker,44,32.0,x2,-0.19371349509821312,-0.00020337504771784855,-0.0023462803769388803,0.006808851635693447,-0.00020337504771784855,-0.002029850641324895,0.005880843851035156,True
24,onlooker,9,21.0,x2,-0.3351697321844329,-0.003412634336937035,0.0002453030513639374,0.009988980138942782,-0.003412634336937035,-0.002736316221534197,0.012881494417378736,False
24,onlooker,44,24.0,x1,-0.5476082000909424,-0.00020337504771784855,-0.002029850641324895,0.005880843851035156,-0.040124818817666115,-0.002029850641324895,0.15604946807376807,False
24,onlooker,14,7.0,x2,0.8371708981382624,-0.08656348419256843,-0.10137783462301762,0.7989405373188707,-0.08656348419256843,-0.21976982985573318,1.689512711588233,False
24,onlooker,4,1.0,x1,-0.6340221329462625,-0.0019898296574745507,0.00019855895615315984,0.005762518765803026,0.0029635603518168817,0.00019855895615315984,0.008635909038539058,False
24,onlooker,40,26.0,x1,0.2516865747539727,-0.009707063573898318,0.03369945485751012,0.1316295420445539,-0.012091240838480096,0.03369945485751012,0.13506935648665008,False
24,onlooker,18,4.0,x2,0.7123163249843363,-0.00039114794970864127,0.007338641156903794,0.022223798381034943,-0.00039114794970864127,0.012424638270228557,0.03926909145802826,False
24,onlooker,10,2.0,x1,0.14540827186638738,0.010095167709177396,-0.08524646795895446,0.4277101083028687,0.15643326309586805,-0.08524646795895446,1.187407071134221,False
24,onlooker,6,5.0,x2,0.6007540629650503,-0.0025611336527833397,0.0032070544091885303,0.012056975120362967,-0.0025611336527833397,0.09474152734527937,0.49045204055479674,False
24,onlooker,24,12.0,x1,-0.30274715328096247,-0.07310484687249774,7.351012144597116e-05,0.342994646200673,-0.047979190277063585,7.351012144597116e-05,0.19585339159916204,True
24,onlooker,37,4.0,x2,-0.7670387681335802,-0.0044261389666587145,0.03167511651233766,0.11747383257502664,-0.0044261389666587145,0.0075313765793561666,0.02673926301224272,True
24,onlooker,29,31.0,x1,0.9449243690707436,0.0764620582358492,-0.00046620648278354387,0.3646954024153577,-0.7598153044680674,-0.00046620648278354387,3.055611681156766,False
24,onlooker,18,4.0,x1,0.07507486969925581,-0.00039114794970864127,0.007338641156903794,0.022223798381034943,-0.00027112712880753183,0.007338641156903794,0.022206381257700247,True
24,onlooker,30,7.0,x1,0.10572394707039345,-8.007368636794333e-05,-0.0005924948921041348,0.0017005821558098155,0.0001882974577530473,-0.0005924948921041348,0.0017687143133682248,False
24,onlooker,11,43.0,x2,0.6703229915676594,-3.977448615493859e-05,-0.00016878602268228062,0.000491275860700302,-3.977448615493859e-05,0.12258171655816957,0.7014814390050508,False
25,employed,1,23.0,x2,0.933486381025608,0.005822815598730194,0.001337635459463743,0.01784860702143165,0.005822815598730194,0.0024393127535705657,0.018917159820319274,False
25,employed,2,50.0,x1,-0.741497822104761,-0.9962994033036578,0.17338565928815752,3.305553753730774,-1.0334328451293546,0.17338565928815752,3.417490601855381,False
25,employed,3,20.0,x1,0.2006429400932892,-0.9894923034384054,1.985565213575624,5.394319116398336,-1.1857007278546126,1.985565213575624,6.2947465025372615,False
25,employed,4,6.0,x2,-0.2346889923717259,-0.0019898296574745507,0.00019855895615315984,0.005762518765803026,-0.0019898296574745507,0.00090461972258095,0.006309619669746969,False
25,employed,5,14.0,x1,0.9041004419334082,-0.3407526888093539,-0.1491589112645484,2.716711783684343,-0.5705652610380911,-0.1491589112645484,3.4627763046378495,False
25,employed,6,22.0,x2,0.525341717095025,-0.0025611336527833397,0.0032070544091885303,0.012056975120362967,-0.0025611336527833397,-0.015265612469319224,0.05014889038334802,False
25,employed,7,20.0,x1,-0.7363758591623291,-0.002618487655554157,0.04004131348162973,0.15580818285604225,-0.009227714580229404,0.04004131348162973,0.16058532434257744,False
25,employed,8,44.0,x2,-0.9991661661937923,-0.002765945249532958,-0.05487055808236768,0.23380384491504858,-0.002765945249532958,-0.0020739110095331706,0.010096388625207897,True
25,employed,9,3.0,x1,-0.2712311882059135,-0.003412634336937035,0.0002453030513639374,0.009988980138942782,-0.27086819465302236,0.0002453030513639374,1.9255367321281054,False
25,employed,10,35.0,x1,-0.31659140941844854,0.010095167709177396,-0.08524646795895446,0.4277101083028687,-0.29479280902350236,-0.08524646795895446,2.229773066334723,False
25,employed,11,4.0,x2,-0.36431993253170236,-3.977448615493859e-05,-0.00016878602268228062,0.000491275860700302,-3.977448615493859e-05,-3.495492477709333e-05,0.00014984399182482733,True
25,employed,12,14.0,x2,-0.9891604003636041,0.009887367333779068,0.002307934849920353,0.031460250530568334,0.009887367333779068,-0.10025392239393933,0.534021397108138,False
25,employed,13,28.0,x2,-0.7667081705116279,-0.0009260672146824611,0.0014480618331090195,0.004940344932368834,-0.0009260672146824611,0.0037165642879785025,0.011224053690714886,False
25,employed,14,16.0,x1,0.282379660444829,-0.08656348419256843,-0.10137783462301762,0.7989405373188707,-0.11100201770517262,-0.10137783462301762,0.9461626479450627,False
25,employed,15,37.0,x1,-0.47308874628795494,0.0016938830075973205,0.006096752424606186,0.018963260590063147,-0.001201430515458202,0.006096752424606186,0.01860375874217768,True
25,employed,16,18.0,x1,-0.5061815237450695,-1.853448157828697e-05,0.9057604989602419,2.6263943002618686,-0.00014639221263958695,0.9057604989602419,2.626394848798171,False
25,employed,17,48.0,x1,-0.6189605460251943,-0.008516564690189951,-0.0006740521926756021,0.026106151669289535,-0.0014845876518598212,-0.0006740521926756021,0.004682377448258723,True
25,employed,18,9.0,x2,-0.10992940833693599,-0.00027112712880753183,0.007338641156903794,0.022206381257700247,-0.00027112712880753183,0.006558874695827955,0.01971421481733815,True
25,employed,19,10.0,x2,-0.6865830874287837,0.03376615904127877,-0.007382981567238135,0.12927200897705093,0.03376615904127877,-0.060842734452031824,0.3214399124445788,False
25,employed,20,5.0,x2,0.28034249621649887,-0.011593832029544952,1.387116695866918,5.15425406347941,-0.011593832029544952,1.8178000344466707,5.22773662148834,False
25,employed,21,31.0,x1,0.30032578375593255,-0.0010131566172970022,-0.008650545787568353,0.02665341608467431,-0.2900754127452899,-0.008650545787568353,2.067951721262102,False
25,employed,22,39.0,x1,-0.3472839744148484,-0.9248856815080456,0.038370199229774665,2.635627051682022,-0.6481623535104707,0.038370199229774665,3.2673541422212655,False
25,employed,23,47.0,x2,0.466409222137512,-0.0025394754930072715,0.00015746045477173492,0.007368891365949981,-0.0025394754930072715,0.4433897237490358,2.902160359288431,False
25,employed,24,41.0,x2,0.4419243276534224,-0.047979190277063585,7.351012144597116e-05,0.19585339159916204,-0.047979190277063585,-0.0001095649866709545,0.1958537579828037,False
25,employed,25,18.0,x1,-0.43393502387473015,0.006370996994185566,-0.002655908771907751,0.020791222909672502,0.003488746704295635,-0.002655908771907751,0.012913549110443956,True
25,employed,26,21.0,x2,-0.8059392789332831,-0.00023426087509586776,-0.002442999139293689,0.007101918552284037,-0.00023426087509586776,-0.00744590480894889,0.02254772259339477,False
25,employed,27,23.0,x2,-0.9137180338095203,-0.00037349970117514736,0.0014022405952986597,0.004160490427498775,-0.00037349970117514736,0.00026486253277125966,0.0013006632425569542,True
25,employed,28,1.0,x1,0.8629978789493855,-0.008024987402599888,0.004406817904999712,0.02812592583779905,-0.019975612020856685,0.004406817904999712,0.06896353047905679,False
25,employed,29,35.0,x1,0.12369389413193788,0.0764620582358492,-0.00046620648278354387,0.3646954024153577,0.2037925400744753,-0.00046620648278354387,1.3840384558247796,False
25,employed,30,17.0,x2,0.1410760293701483,-8.007368636794333e-05,-0.0005924948921041348,0.0017005821558098155,-8.007368636794333e-05,-0.0005809891119733645,0.001667978275748272,True
25,employed,31,45.0,x1,0.30476026788772925,0.9614824789985473,0.9669517039517543,3.5757328248954754,1.2542520634757628,0.9669517039517543,5.122044678929438,False
25,employed,32,30.0,x2,-0.07959099405664394,-0.0007041112238285639,-0.0007127868743124618,0.0028605797074274797,-0.0007041112238285639,-0.0007022969593934518,0.002839153828226859,True
25,employed,33,17.0,x2,0.3970942278434235,-0.0018656995869814194,0.9589399161286719,2.5811245612257534,-0.0018656995869814194,1.3399970839070008,4.9097047336907345,False
25,employed,34,50.0,x2,-0.15048461295881976,-0.35881515142864495,-0.00014853162466846678,2.5056310427731288,-0.35881515142864495,-0.0002975448188161306,2.505632080502615,False
25,employed,35,20.0,x2,-0.14377305526991502,-0.9529378384381878,0.03430351163864564,2.6120626219819347,-0.9529378384381878,0.2288015963445668,3.582596409120207,False
25,employed,36,21.0,x2,0.9812495467369902,-0.3895376596391774,0.1176498007328487,2.8514466426049094,-0.3895376596391774,0.2415819585087327,3.274469914682126,False
25,employed,37,35.0,x2,-0.28163110157881666,-0.0044261389666587145,0.0075313765793561666,0.02673926301224272,-0.0044261389666587145,0.015071242467720718,0.05098570069862918,False
25,employed,38,19.0,x2,-0.13840615051188854,-0.0004050721408817917,-0.0005505781661917491,0.0019457694940752113,-0.0004050721408817917,-0.0014962248196749143,0.00444829106816913,False
25,employed,39,2.0,x1,0.05563280404250004,-0.12806420863750412,0.07252908568769705,0.9143657095168867,-0.07976185018984011,0.07252908568769705,0.591876775132619,True
25,employed,40,41.0,x1,0.32113558641502116,-0.009707063573898318,0.03369945485751012,0.1316295420445539,0.0336895425149433,0.03369945485751012,0.19434272475262704,False
25,employed,41,10.0,x2,0.45606848275673983,-0.1448419035749619,0.00048777812313992113,0.8829679397937231,-0.1448419035749619,0.03958846565409368,0.9318960214619811,False
25,employed,42,36.0,x1,-0.47492156870200586,-0.048362309021156166,0.03745633008692859,0.2701980223364484,-0.21039384173912368,0.03745633008692859,1.474420350260211,False
25,employed,43,31.0,x2,0.22189806624387232,-0.004832299731340274,-0.18329021274531315,1.20988745876975,-0.004832299731340274,-0.43852666977303767,2.8837317859058413,False
25,employed,44,42.0,x1,-0.7278553763331175,-0.00020337504771784855,-0.002029850641324895,0.005880843851035156,-0.03525611405875655,-0.002029850641324895,0.13275395679307822,False
25,employed,45,10.0,x2,-0.028060992464389534,0.0008271202591037734,-0.0001696056909850042,0.002407110422219194,0.0008271202591037734,-0.0025569468819804015,0.007793410290262148,False
25,employed,46,3.0,x2,-0.16881160479658686,-0.0003454061522631946,0.0005762956389431489,0.0019123828226565998,-0.0003454061522631946,0.3356654603792747,2.369568638675887,False
25,employed,47,39.0,x1,-0.7025712120320036,-0.003188840624289682,-0.9501502141297273,2.580303186468328,-0.05698683276369664,-0.9501502141297273,2.6670520781572375,False
25,employed,48,23.0,x2,0.9795384667648892,0.0028443808231996826,-0.001273647527862212,0.009073456757992648,0.0028443808231996826,-0.002675472846946462,0.011450881039575922,False
25,employed,49,25.0,x1,-0.0033523517558189386,0.06542738663635342,-0.2699519977970132,2.0030863487821198,0.06521974652802415,-0.2699519977970132,2.002566809488066,True
25,employed,50,28.0,x1,-0.6279912593345176,-1.046378366071603,-0.0011387537558071592,2.807772232953955,-0.3943015201670046,-0.0011387537558071592,2.6909053786535577,True
25,onlooker,8,35.0,x2,-0.20846638018845964,-0.002765945249532958,-0.0020739110095331706,0.010096388625207897,-0.002765945249532958,0.005509558610518355,0.01844865487429148,False
25,onlooker,14,2.0,x2,0.6921009943569649,-0.08656348419256843,-0.10137783462301762,0.7989405373188707,-0.08656348419256843,-0.29154192197193585,2.211966310728091,False
25,onlooker,2,38.0,x1,-0.23602288200283805,-0.9962994033036578,0.17338565928815752,3.305553753730774,-0.7612455530923307,0.17338565928815752,3.5032249520824235,False
25,onlooker,28,13.0,x2,-0.6892006675358537,-0.008024987402599888,0.004406817904999712,0.02812592583779905,-0.008024987402599888,0.0023676412451768864,0.025528495925421613,True
25,onlooker,26,36.0,x1,-0.6090134101097069,-0.00023426087509586776,-0.002442999139293689,0.007101918552284037,-0.23732525132370821,-0.002442999139293689,1.6629108402462909,False
25,onlooker,21,23.0,x1,-0.5680417018410744,-0.0010131566172970022,-0.008650545787568353,0.02665341608467431,-0.0018801693890076188,-0.008650545787568353,0.027124170147761806,False
25,onlooker,27,8.0,x1,0.019498346637160102,-0.00037349970117514736,0.00026486253277125966,0.0013006632425569542,-0.0003268509685627362,0.00026486253277125966,0.0011946160285636331,True
25,onlooker,7,25.0,x2,-0.37680189024888633,-0.002618487655554157,0.04004131348162973,0.15580818285604225,-0.002618487655554157,0.023952919428119994,0.08353981643104946,True
25,onlooker,23,22.0,x1,0.8158662456371857,-0.0025394754930072715,0.00015746045477173492,0.007368891365949981,0.7499716607861843,0.00015746045477173492,3.082330242476058,False
25,onlooker,24,42.0,x2,-0.5486952141765695,-0.047979190277063585,7.351012144597116e-05,0.19585339159916204,-0.047979190277063585,0.020585284528930596,0.21880824262985543,False
25,onlooker,17,4.0,x1,-0.1585044103570128,-0.0014845876518598212,-0.0006740521926756021,0.004682377448258723,-0.0015646707380473784,-0.0006740521926756021,0.004896035758687578,False
25,onlooker,32,43.0,x1,0.1318298235983104,-0.0007041112238285639,-0.0007022969593934518,0.002839153828226859,-0.00015989286110272278,-0.0007022969593934518,0.002051041419349975,True
25,onlooker,30,9.0,x1,-0.9255879235331212,-8.007368636794333e-05,-0.0005809891119733645,0.001667978275748272,-0.0031646515789763765,-0.0005809891119733645,0.009376228541996046,False
25,onlooker,39,9.0,x1,-0.8176609289344952,-0.07976185018984011,0.07252908568769705,0.591876775132619,-0.017334079432135094,0.07252908568769705,0.3526783846200279,True
25,onlooker,46,49.0,x2,0.2325145832049893,-0.0003454061522631946,0.0005762956389431489,0.0019123828226565998,-0.0003454061522631946,0.06347806903236157,0.28335762203515147,False
25,onlooker,18,42.0,x1,-0.5905600813291751,-0.00027112712880753183,0.006558874695827955,0.01971421481733815,-0.028671859418369097,0.006558874695827955,0.10606932433958649,False
25,onlooker,21,18.0,x1,0.8253999814833632,-0.0010131566172970022,-0.008650545787568353,0.02665341608467431,-0.0016256277433563207,-0.008650545787568353,0.026957459557721553,False
25,onlooker,45,32.0,x2,-0.7785197194546163,0.0008271202591037734,-0.0001696056909850042,0.002407110422219194,0.0008271202591037734,-0.0005843163478222725,0.002891645928543074,False
25,onlooker,24,13.0,x2,0.7698313263689638,-0.047979190277063585,7.351012144597116e-05,0.19585339159916204,-0.047979190277063585,-0.0009846628459063227,0.1959069053201259,False
25,onlooker,8,3.0,x2,0.4088580671001565,-0.002765945249532958,-0.0020739110095331706,0.010096388625207897,-0.002765945249532958,-0.8147362015800677,2.885710039606835,False
25,onlooker,23,43.0,x1,-0.8507407376613765,-0.0025394754930072715,0.00015746045477173492,0.007368891365949981,-0.004490074476854573,0.00015746045477173492,0.01324507480795889,False
25,onlooker,40,2.0,x1,-0.9438599761720861,-0.009707063573898318,0.03369945485751012,0.1316295420445539,-0.9409120858427917,0.03369945485751012,2.613543042612854,False
25,onlooker,23,11.0,x1,0.18743741401306124,-0.0025394754930072715,0.00015746045477173492,0.007368891365949981,-0.0030080129855375184,0.00015746045477173492,0.008761173912475773,False
25,onlooker,1,3.0,x1,0.4542969923438809,0.005822815598730194,0.001337635459463743,0.01784860702143165,0.4579914806116927,0.001337635459463743,2.9551735516745166,False
25,onlooker,11,34.0,x2,0.49984432300151704,-3.977448615493859e-05,-3.495492477709333e-05,0.00014984399182482733,-3.977448615493859e-05,2.181574388885671e-05,0.00012836493720813635,True
25,onlooker,4,39.0,x1,-0.4631575640774279,-0.0019898296574745507,0.00019855895615315984,0.005762518765803026,-0.00909663500570195,0.00019855895615315984,0.02793830829556443,False
25,onlooker,19,5.0,x1,0.6772599667297055,0.03376615904127877,-0.007382981567238135,0.12927200897705093,0.2874127814762459,-0.007382981567238135,2.048479112768796,False
25,onlooker,27,25.0,x2,0.9371096218055113,-0.0003268509685627362,0.00026486253277125966,0.0011946160285636331,-0.0003268509685627362,0.003001945425479397,0.008783756882064342,False
25,onlooker,17,45.0,x1,0.4393757621292085,-0.0014845876518598212,-0.0006740521926756021,0.004682377448258723,-0.002500296077059571,-0.0006740521926756021,0.007502940889569931,False
25,onlooker,46,45.0,x2,0.9820596100521393,-0.0003454061522631946,0.0005762956389431489,0.0019123828226565998,-0.0003454061522631946,0.0013088152081497631,0.003877422320592405,False
25,onlooker,8,41.0,x1,0.6089887098950064,-0.002765945249532958,-0.0020739110095331706,0.010096388625207897,0.08375670931816671,-0.0020739110095331706,0.4135012048609572,False
25,onlooker,30,14.0,x2,0.9302965432566301,-8.007368636794333e-05,-0.0005809891119733645,0.001667978275748272,-8.007368636794333e-05,0.09318996783812368,0.47908621508338856,False
25,onlooker,11,26.0,x2,0.0429742256383725,-3.977448615493859e-05,2.181574388885671e-05,0.00012836493720813635,-3.977448615493859e-05,0.0001277392548355622,0.00037888727419188584,False
25,onlooker,9,37.0,x1,-0.8222656716395205,-0.003412634336937035,0.0002453030513639374,0.009988980138942782,-0.004246004402004895,0.0002453030513639374,0.012511141273283233,False
25,onlooker,33,43.0,x1,-0.3012071498352009,-0.0018656995869814194,0.9589399161286719,2.5811245612257534,-0.0027592607611644456,0.9589399161286719,2.5812389266878175,False
25,onlooker,35,8.0,x2,0.6918980029057573,-0.9529378384381878,0.03430351163864564,2.6120626219819347,-0.9529378384381878,0.05947297771977922,2.6747389201719156,False
25,onlooker,47,8.0,x2,0.3837189479446643,-0.003188840624289682,-0.9501502141297273,2.580303186468328,-0.003188840624289682,-1.313945055734275,4.754055112118511,False
25,onlooker,25,28.0,x1,0.4129794372013764,0.003488746704295635,-0.002655908771907751,0.012913549110443956,0.008243682135847641,-0.002655908771907751,0.02649318147288726,False
25,onlooker,24,31.0,x2,-0.5381979611772456,-0.047979190277063585,7.351012144597116e-05,0.19585339159916204,-0.047979190277063585,0.5204453827476556,3.1615137490578786,False
25,onlooker,18,44.0,x2,-0.7801949767032288,-0.00027112712880753183,0.006558874695827955,0.01971421481733815,-0.00027112712880753183,-0.00014200566850244237,0.0008681757975357307,True
25,onlooker,28,10.0,x1,0.6930791958467439,-0.008024987402599888,0.0023676412451768864,0.025528495925421613,-0.020583689936088757,0.0023676412451768864,0.0699946921325254,False
25,onlooker,27,20.0,x1,-0.5003506526963641,-0.0003268509685627362,0.00026486253277125966,0.0011946160285636331,-0.005964292296342761,0.00026486253277125966,0.017835027244448742,False
25,onlooker,21,48.0,x1,0.018418579487241127,-0.0010131566172970022,-0.008650545787568353,0.02665341608467431,-0.001084206977269799,-0.008650545787568353,0.02668156585567205,False
25,onlooker,23,38.0,x2,-0.2419058583361866,-0.0025394754930072715,0.00015746045477173492,0.007368891365949981,-0.0025394754930072715,-1.3818235567606568e-05,0.007354548387632054,True
25,onlooker,21,17.0,x2,-0.6981604893412172,-0.0010131566172970022,-0.008650545787568353,0.02665341608467431,-0.0010131566172970022,-0.003081673116130945,0.009455462277010884,True
25,onlooker,36,44.0,x2,0.8111852984855312,-0.3895376596391774,0.1176498007328487,2.8514466426049094,-0.3895376596391774,0.214732174455452,3.177620717288477,False
25,onlooker,44,23.0,x1,-0.4318676155936074,-0.00020337504771784855,-0.002029850641324895,0.005880843851035156,-0.0012122611768121563,-0.002029850641324895,0.006836067535623602,False
25,onlooker,30,48.0,x2,0.45410129633720997,-8.007368636794333e-05,-0.0005809891119733645,0.001667978275748272,-8.007368636794333e-05,-0.0002664520273993605,0.0007889969788874573,True
25,onlooker,24,35.0,x2,0.5450758249087939,-0.047979190277063585,7.351012144597116e-05,0.19585339159916204,-0.047979190277063585,-0.018584436192170907,0.2146426693891148,False
25,onlooker,45,38.0,x1,-0.13361888872818883,0.0008271202591037734,-0.0001696056909850042,0.002407110422219194,0.0006624760799183822,-0.0001696056909850042,0.0019466513092116777,True
26,employed,1,15.0,x2,-0.00023667054081744077,0.005822815598730194,0.001337635459463743,0.01784860702143165,0.005822815598730194,0.0013387618022496967,0.017849400818203964,False
26,employed,2,18.0,x1,0.885529185375628,-0.9962994033036578,0.17338565928815752,3.305553753730774,-1.878311511315864,0.17338565928815752,5.592980354291836,False
26,employed,3,26.0,x1,-0.05588732807198338,-0.9894923034384054,1.985565213575624,5.394319116398336,-0.9342053146658217,1.985565213575624,5.453354598131487,False
26,employed,4,19.0,x2,0.2788139805832006,-0.0019898296574745507,0.00019855895615315984,0.005762518765803026,-0.0019898296574745507,0.002312398448432729,0.00887641228325764,False
26,employed,5,27.0,x2,-0.7419021542034869,-0.3407526888093539,-0.1491589112645484,2.716711783684343,-0.3407526888093539,-0.03830109159510241,2.4242941718612774,True
26,employed,6,44.0,x2,-0.28197433571240316,-0.0025611336527833397,0.0032070544091885303,0.012056975120362967,-0.0025611336527833397,0.001730381586381078,0.008996749627656175,True
26,employed,7,23.0,x2,-0.5886658866728418,-0.002618487655554157,0.023952919428119994,0.08353981643104946,-0.002618487655554157,0.00984451855066994,0.031573644742572515,True
26,employed,8,29.0,x1,0.4041101248571659,-0.002765945249532958,-0.0020739110095331706,0.010096388625207897,-0.034782783630194714,-0.0020739110095331706,0.1305644949265603,False
26,employed,9,45.0,x1,-0.8967846700554747,-0.003412634336937035,0.0002453030513639374,0.009988980138942782,0.00024186221368227828,0.0002453030513639374,0.0009775148429089775,True
26,employed,10,49.0,x1,0.4076354840407135,0.010095167709177396,-0.08524646795895446,0.4277101083028687,-0.012375566660183659,-0.08524646795895446,0.42982174233436554,False
26,employed,11,15.0,x2,-0.5910504899720679,-3.977448615493859e-05,2.181574388885671e-05,0.00012836493720813635,-3.977448615493859e-05,0.0036124100455761222,0.010565549905053206,False
26,employed,12,16.0,x1,0.7514515033328848,0.009887367333779068,0.002307934849920353,0.031460250530568334,0.017331172144797305,0.002307934849920353,0.057572631485211634,False
26,employed,13,16.0,x1,-0.07435773088552855,-0.0009260672146824611,0.0014480618331090195,0.004940344932368834,-0.0008585851399444927,0.0014480618331090195,0.00483702034823752,True
26,employed,14,36.0,x2,0.7439797274477711,-0.08656348419256843,-0.10137783462301762,0.7989405373188707,-0.08656348419256843,-0.26432995507860485,2.0231979223134613,False
26,employed,15,34.0,x1,0.5062183930688453,-0.001201430515458202,0.006096752424606186,0.01860375874217768,0.17982921262458573,0.006096752424606186,1.1806682101602957,False
26,employed,16,9.0,x2,0.7548156553822776,-1.853448157828697e-05,0.9057604989602419,2.6263943002618686,-1.853448157828697e-05,1.5892575450188131,5.664443328663541,False
26,employed,17,14.0,x2,-0.7432436718869686,-0.0014845876518598212,-0.0006740521926756021,0.004682377448258723,-0.0014845876518598212,-0.0755215012191094,0.3586605580555333,False
26,employed,18,49.0,x2,-0.596720149091678,-0.00027112712880753183,-0.00014200566850244237,0.0008681757975357307,-0.00027112712880753183,-0.16114306439785187,1.0201865576749047,False
26,employed,19,7.0,x1,0.25204180020357314,0.03376615904127877,-0.007382981567238135,0.12927200897705093,0.04293661089451953,-0.007382981567238135,0.17300042953414918,False
26,employed,20,16.0,x2,-0.7333015896390134,-0.011593832029544952,1.387116695866918,5.15425406347941,-0.011593832029544952,1.0341374314926626,2.7558383067537453,True
26,employed,21,31.0,x1,0.517970454444471,-0.0010131566172970022,-0.003081673116130945,0.009455462277010884,-0.4995574583980558,-0.003081673116130945,3.0826039175922593,False
26,employed,22,40.0,x1,-0.6889747979754552,-0.9248856815080456,0.038370199229774665,2.635627051682022,-0.29435067810541016,0.038370199229774665,2.1242582203080826,True
26,employed,23,29.0,x1,0.6273567413629213,-0.0025394754930072715,-1.3818235567606568e-05,0.007354548387632054,-0.052101620255815585,-1.3818235567606568e-05,0.2180538184029328,False
26,employed,24,8.0,x2,-0.5846354964586502,-0.047979190277063585,7.351012144597116e-05,0.19585339159916204,-0.047979190277063585,-0.0011819484975698156,0.19593062761142166,False
26,employed,25,1.0,x1,0.049268312790576196,0.003488746704295635,-0.002655908771907751,0.012913549110443956,0.0033737510679298787,-0.002655908771907751,0.012635341218790064,True
26,employed,26,10.0,x1,0.4484851514537982,-0.00023426087509586776,-0.002442999139293689,0.007101918552284037,-0.004866856218144854,-0.002442999139293689,0.016191960491053425,False
26,employed,27,49.0,x2,-0.5824890220018595,-0.0003268509685627362,0.00026486253277125966,0.0011946160285636331,-0.0003268509685627362,-0.15713349216913794,0.9862047236233527,False
26,employed,28,33.0,x1,-0.5763310770829773,-0.008024987402599888,0.0023676412451768864,0.025528495925421613,-0.004475198421760438,0.0023676412451768864,0.015002535400178818,True
26,employed,29,1.0,x1,0.5171083884291696,0.0764620582358492,-0.00046620648278354387,0.3646954024153577,0.1129902031557869,-0.00046620648278354387,0.6263602052482153,False
26,employed,30,22.0,x2,0.8935737230293062,-8.007368636794333e-05,-0.0002664520273993605,0.0007889969788874573,-8.007368636794333e-05,-0.03479114833665728,0.13031588670383742,False
26,employed,31,27.0,x2,-0.685034262048632,0.9614824789985473,0.9669517039517543,3.5757328248954754,0.9614824789985473,0.3047380969081782,4.004190286766946,False
26,employed,32,23.0,x1,-0.594216410387967,-0.00015989286110272278,-0.0007022969593934518,0.002051041419349975,-0.0015738799108545947,-0.0007022969593934518,0.004953777863886177,False
26,employed,33,45.0,x1,0.38180636177504956,-0.0018656995869814194,0.9589399161286719,2.5811245612257534,-0.0028309731402886423,0.9589399161286719,2.581250020255251,False
26,employed,34,17.0,x1,0.05564064561428084,-0.35881515142864495,-0.00014853162466846678,2.5056310427731288,-0.37869725469490023,-0.00014853162466846678,2.6128687949574467,False
26,employed,35,33.0,x2,0.5657154332908505,-0.9529378384381878,0.03430351163864564,2.6120626219819347,-0.9529378384381878,-0.4887775725639236,4.549472905016053,False
26,employed,36,4.0,x1,-0.9549623160095064,-0.3895376596391774,0.1176498007328487,2.8514466426049094,-0.01944408635539202,0.1176498007328487,0.6758917570888774,True
26,employed,37,6.0,x1,-0.21000737965487404,-0.0044261389666587145,0.0075313765793561666,0.02673926301224272,-0.004034474087649331,0.0075313765793561666,0.02610868987713788,True
26,employed,38,23.0,x1,-0.7270767395723032,-0.0004050721408817917,-0.0005505781661917491,0.0019457694940752113,-0.0019569471710773802,-0.0005505781661917491,0.005860022037268653,False
26,employed,39,21.0,x2,-0.116754427276339,-0.017334079432135094,0.07252908568769705,0.3526783846200279,-0.017334079432135094,0.06370119484762671,0.2989113469764644,True
26,employed,40,6.0,x1,0.8333199203914681,-0.009707063573898318,0.03369945485751012,0.1316295420445539,-0.01566190932688486,0.03369945485751012,0.14151170772019883,False
26,employed,41,30.0,x2,-0.22292893908743583,-0.1448419035749619,0.00048777812313992113,0.8829679397937231,-0.1448419035749619,0.0003196383958524421,0.8829636387012632,True
26,employed,42,25.0,x1,-0.3716050270623865,-0.048362309021156166,0.03745633008692859,0.2701980223364484,-0.029136929011650093,0.03745633008692859,0.19329004306049358,True
26,employed,43,42.0,x2,0.1500300831370074,-0.004832299731340274,-0.18329021274531315,1.20988745876975,-0.004832299731340274,-0.21640883491864135,1.4908857407895728,False
26,employed,44,25.0,x2,0.8217708061911952,-0.00020337504771784855,-0.002029850641324895,0.005880843851035156,-0.00020337504771784855,-0.0015153743466332684,0.004386802445925486,True
26,employed,45,42.0,x2,0.6256037828516987,0.0006624760799183822,-0.0001696056909850042,0.0019466513092116777,0.0006624760799183822,-0.023708533446982823,0.08199397580513379,False
26,employed,46,12.0,x2,-0.6937537770632864,-0.0003454061522631946,0.0005762956389431489,0.0019123828226565998,-0.0003454061522631946,0.0017776268820694735,0.005209242814953274,False
26,employed,47,34.0,x1,-0.06271548731720822,-0.003188840624289682,-0.9501502141297273,2.580303186468328,-0.02549211800920577,-0.9501502141297273,2.597793980470844,False
26,employed,48,34.0,x1,0.5212544642222328,0.0028443808231996826,-0.001273647527862212,0.009073456757992648,0.19136102653799827,-0.001273647527862212,1.278281856396529,False
26,employed,49,15.0,x1,-0.4306991337543826,0.06521974652802415,-0.2699519977970132,2.002566809488066,0.03661220311244981,-0.2699519977970132,1.9456199310745181,True
26,employed,50,25.0,x2,-0.4529013729470053,-0.3943015201670046,-0.0011387537558071592,2.6909053786535577,-0.3943015201670046,-0.001825875345572553,2.690934646892139,False
26,onlooker,32,38.0,x2,-0.055922107893511264,-0.00015989286110272278,-0.0007022969593934518,0.002051041419349975,-0.00015989286110272278,-0.0006938125246705528,0.0020273342134378147,True
26,onlooker,37,26.0,x2,0.4257434439340184,-0.004034474087649331,0.0075313765793561666,0.02610868987713788,-0.004034474087649331,0.011777901648906006,0.03933558275854354,False
26,onlooker,12,38.0,x1,0.4302480469140355,0.009887367333779068,0.002307934849920353,0.031460250530568334,0.014315669315732825,0.002307934849920353,0.04660314237382979,False
26,onlooker,13,29.0,x1,0.7106233357488032,-0.0008585851399444927,0.0014480618331090195,0.00483702034823752,-0.05580443865789462,0.0014480618331090195,0.23877439721948024,False
26,onlooker,12,38.0,x2,0.9079334342937742,0.009887367333779068,0.002307934849920353,0.031460250530568334,0.009887367333779068,0.004903274389612468,0.03445620184777143,False
26,onlooker,43,20.0,x2,0.21441546597627692,-0.004832299731340274,-0.18329021274531315,1.20988745876975,-0.004832299731340274,-0.4443255283769998,2.9059159364481535,False
26,onlooker,49,28.0,x2,-0.7699447951392668,0.03661220311244981,-0.2699519977970132,1.9456199310745181,0.03661220311244981,-0.06028090910227504,0.32746518923206525,True
26,onlooker,4,40.0,x2,-0.15274334919630772,-0.0019898296574745507,0.00019855895615315984,0.005762518765803026,-0.0019898296574745507,0.005315597997203281,0.016911286494775357,False
26,onlooker,12,19.0,x1,0.5147457330929046,0.009887367333779068,0.002307934849920353,0.031460250530568334,-0.002404138809070637,0.002307934849920353,0.009721836356523017,True
26,onlooker,23,44.0,x2,0.4698511775553986,-0.0025394754930072715,-1.3818235567606568e-05,0.007354548387632054,-0.0025394754930072715,0.0006916896713820995,0.007628846066090933,False
26,onlooker,48,44.0,x2,-0.4909055764279817,0.0028443808231996826,-0.001273647527862212,0.009073456757992648,0.0028443808231996826,-0.0013923125711691197,0.00922428577761325,False
26,onlooker,32,2.0,x1,0.9822134488591965,-0.00015989286110272278,-0.0006938125246705528,0.0020273342134378147,0.9782617312355909,-0.0006938125246705528,2.596714440307132,False
26,onlooker,13,34.0,x2,0.6983072423991306,-0.0008585851399444927,0.0014480618331090195,0.00483702034823752,-0.0008585851399444927,0.0025629746078421087,0.007839669280319317,False
26,onlooker,9,43.0,x1,-0.9755086684183552,0.00024186221368227828,0.0002453030513639374,0.0009775148429089775,-0.004708026748645762,0.0002453030513639374,0.01392609950150403,False
26,onlooker,22,25.0,x1,-0.25181857348252823,-0.29435067810541016,0.038370199229774665,2.1242582203080826,-0.21937813706007966,0.038370199229774665,1.5502890515768546,True
26,onlooker,28,46.0,x2,-0.3460217713994218,-0.004475198421760438,0.0023676412451768864,0.015002535400178818,-0.004475198421760438,0.0017477966653193172,0.014203411484491557,True
26,onlooker,28,44.0,x2,0.5459907902027563,-0.004475198421760438,0.0017477966653193172,0.014203411484491557,-0.004475198421760438,0.0035294579847020375,0.016985485114883847,False
26,onlooker,4,48.0,x2,-0.9067061914827745,-0.0019898296574745507,0.00019855895615315984,0.005762518765803026,-0.0019898296574745507,-0.0011362997780446642,0.006620920366803507,False
26,onlooker,28,30.0,x2,0.5727804614046321,-0.004475198421760438,0.0017477966653193172,0.014203411484491557,-0.004475198421760438,0.0029015189609183983,0.015842742518707542,False
26,onlooker,8,10.0,x2,0.504213865476721,-0.002765945249532958,-0.0020739110095331706,0.010096388625207897,-0.002765945249532958,0.03986284543151725,0.15498357339795676,False
26,onlooker,8,25.0,x1,0.4632961804218638,-0.002765945249532958,-0.0020739110095331706,0.010096388625207897,-0.005610443102363673,-0.0020739110095331706,0.01787065613719152,False
26,onlooker,31,11.0,x2,-0.3920794826278289,0.9614824789985473,0.9669517039517543,3.5757328248954754,0.9614824789985473,0.5878383336458299,4.603251729687589,False
26,onlooker,48,22.0,x1,-0.9110850471272389,0.0028443808231996826,-0.001273647527862212,0.009073456757992648,-0.19961923235522158,-0.001273647527862212,1.348651165614783,False
26,onlooker,11,18.0,x1,0.9989788085891718,-3.977448615493859e-05,2.181574388885671e-05,0.00012836493720813635,0.0001913419011661054,2.181574388885671e-05,0.0005456904367702187,False
26,onlooker,15,2.0,x1,0.025843155110671923,-0.001201430515458202,0.006096752424606186,0.01860375874217768,0.024515040745622427,0.006096752424606186,0.08835877669301384,False
26,onlooker,6,15.0,x1,0.9847663521878782,-0.0025611336527833397,0.001730381586381078,0.008996749627656175,-0.003900123551385429,0.001730381586381078,0.012552910869708445,False
26,onlooker,35,3.0,x2,-0.10262656281640803,-0.9529378384381878,0.03430351163864564,2.6120626219819347,-0.9529378384381878,0.23455479326373221,3.6166201414435304,False
26,onlooker,9,7.0,x1,0.17413082669760405,0.00024186221368227828,0.0002453030513639374,0.0009775148429089775,0.0007399373010568024,0.0002453030513639374,0.002221050263582658,False
26,onlooker,25,38.0,x2,0.7846124564637194,0.0033737510679298787,-0.002655908771907751,0.012635341218790064,0.0033737510679298787,-0.004307777390126833,0.01627328353827595,False
26,onlooker,12,47.0,x1,0.035983545108190906,-0.002404138809070637,0.002307934849920353,0.009721836356523017,-0.002375902455906223,0.002307934849920353,0.009660792409811325,True
26,onlooker,13,43.0,x1,-0.928940163941955,-0.0008585851399444927,0.0014480618331090195,0.00483702034823752,-0.004549928223934228,0.0014480618331090195,0.014112165183885583,False
26,onlooker,27,37.0,x1,-0.4400446256877135,-0.0003268509685627362,0.00026486253277125966,0.0011946160285636331,-0.00195837059619231,0.00026486253277125966,0.00569352879329843,False
26,onlooker,43,12.0,x1,0.6797485654634783,-0.004832299731340274,-0.18329021274531315,1.20988745876975,-0.006502032255524966,-0.18329021274531315,1.2104069246345053,False
26,onlooker,6,9.0,x2,-0.2380308321961837,-0.0025611336527833397,0.001730381586381078,0.008996749627656175,-0.0025611336527833397,0.0013768871068142586,0.008449598318752027,True
26,onlooker,42,8.0,x2,0.750876479588483,-0.029136929011650093,0.03745633008692859,0.19329004306049358,-0.029136929011650093,0.06713865835872378,0.3441640924117988,False
26,onlooker,12,24.0,x1,-0.2945311914793245,-0.002375902455906223,0.002307934849920353,0.009660792409811325,-0.01580749315324627,0.002307934849920353,0.051965944263017594,False
26,onlooker,7,48.0,x2,-0.12364341849557303,-0.002618487655554157,0.00984451855066994,0.031573644742572515,-0.002618487655554157,0.008469830489318705,0.027166582751370516,True
26,onlooker,34,29.0,x2,0.0034318337044147995,-0.35881515142864495,-0.00014853162466846678,2.5056310427731288,-0.35881515142864495,-0.00014744141738334227,2.505631037735672,True
26,onlooker,29,46.0,x2,0.39862475138821907,0.0764620582358492,-0.00046620648278354387,0.3646954024153577,0.0764620582358492,-0.0008817736318785377,0.3647198528446549,False
26,onlooker,26,33.0,x2,0.2127885610180431,-0.00023426087509586776,-0.002442999139293689,0.007101918552284037,-0.00023426087509586776,-0.20701428626649535,1.4113001823735876,False
26,onlooker,21,32.0,x1,-0.11286039967167283,-0.0010131566172970022,-0.003081673116130945,0.009455462277010884,-0.0009168569287475631,-0.003081673116130945,0.009369126330814215,True
26,onlooker,38,49.0,x1,0.9197307149944585,-0.0004050721408817917,-0.0005505781661917491,0.0019457694940752113,-0.03445099717677514,-0.0005505781661917491,0.12875891703051368,False
26,onlooker,41,30.0,x2,0.49866397614148106,-0.1448419035749619,0.0003196383958524421,0.8829636387012632,-0.1448419035749619,0.0006119005766896295,0.8829722641937505,False
26,onlooker,9,25.0,x1,-0.4853904700172713,0.00024186221368227828,0.0002453030513639374,0.0009775148429089775,0.0017620512166873744,0.0002453030513639374,0.005116173325600659,False
26,onlooker,1,49.0,x1,0.7276971237036827,0.005822815598730194,0.001337635459463743,0.01784860702143165,-0.01658253313560165,0.001337635459463743,0.05440801574314991,False
26,onlooker,25,13.0,x2,0.3859504203984734,0.0033737510679298787,-0.002655908771907751,0.012635341218790064,0.0033737510679298787,-0.004239837952216951,0.016106997695903846,False
26,onlooker,21,41.0,x1,0.9990362203618988,-0.0009168569287475631,-0.003081673116130945,0.009369126330814215,0.14286947768809638,-0.003081673116130945,0.8668603417439802,False
26,onlooker,17,12.0,x2,-0.46523502241048353,-0.0014845876518598212,-0.0006740521926756021,0.004682377448258723,-0.0014845876518598212,0.0007132726159142986,0.004730782626940044,False
26,onlooker,6,21.0,x1,-0.9651498945661814,-0.0025611336527833397,0.0013768871068142586,0.008449598318752027,-0.0009741601459425837,0.0013768871068142586,0.004846332711292423,True
26,onlooker,7,15.0,x2,-0.6802744481810385,-0.002618487655554157,0.008469830489318705,0.027166582751370516,-0.002618487655554157,0.006855486118355869,0.022189994578461825,True
26,scout,46,,,,-0.0003454061522631946,0.0005762956389431489,,2.321590995007252,-3.943952091320997,10.961792132588217,
27,employed,1,44.0,x2,-0.5577709925780943,0.005822815598730194,0.001337635459463743,0.01784860702143165,0.005822815598730194,-0.00025369065191802325,0.01738933437283352,True
27,employed,2,7.0,x2,-0.979786711137483,-0.9962994033036578,0.17338565928815752,3.305553753730774,-0.9962994033036578,0.010221608612962063,2.6317386272736916,True
27,employed,3,37.0,x1,-0.486766508122916,-0.9894923034384054,1.985565213575624,5.394319116398336,-0.5098044369429495,1.985565213575624,6.7527588991298995,False
27,employed,4,26.0,x1,-0.7767679066556885,-0.0019898296574745507,0.00019855895615315984,0.005762518765803026,-0.0006261601693961852,0.00019855895615315984,0.0018694508019660994,True
27,employed,5,50.0,x1,-0.7492305218600894,-0.3407526888093539,-0.03830109159510241,2.4242941718612774,-0.3808731076724444,-0.03830109159510241,2.6455680308558915,False
27,employed,6,22.0,x1,0.7032990046689318,-0.0009741601459425837,0.0013768871068142586,0.004846332711292423,0.15262913943350637,0.0013768871068142586,0.9482437799406722,False
27,employed,7,13.0,x2,-0.46605642930765323,-0.002618487655554157,0.006855486118355869,0.022189994578461825,-0.002618487655554157,0.004335321264222234,0.015008155198988238,True
27,employed,8,41.0,x2,-0.4533206856159746,-0.002765945249532958,-0.0020739110095331706,0.010096388625207897,-0.002765945249532958,-0.0009888655520280563,0.008537959638179604,True
27,employed,9,1.0,x1,-0.1441725590201004,0.00024186221368227828,0.0002453030513639374,0.0009775148429089775,0.001046482544976528,0.0002453030513639374,0.003070894122164436,False
27,employed,10,1.0,x2,0.8195845676587337,0.010095167709177396,-0.08524646795895446,0.4277101083028687,0.010095167709177396,-0.15490523660225697,0.9704766616441636,False
27,employed,11,33.0,x2,0.1660285324424844,-3.977448615493859e-05,2.181574388885671e-05,0.00012836493720813635,-3.977448615493859e-05,-0.1591859491955316,1.0035818426788627,False
27,employed,12,10.0,x1,0.3998923708572726,-0.002375902455906223,0.002307934849920353,0.009660792409811325,-0.0073629882713489095,0.002307934849920353,0.023409516349051973,False
27,employed,13,35.0,x2,-0.8790728521492701,-0.0008585851399444927,0.0014480618331090195,0.00483702034823752,-0.0008585851399444927,0.030330395802309278,0.11015207130969218,False
27,employed,14,45.0,x2,0.158826725859611,-0.08656348419256843,-0.10137783462301762,0.7989405373188707,-0.08656348419256843,-0.11745240625434232,0.9061604141152135,False
27,employed,15,40.0,x1,-0.4741718557423116,-0.001201430515458202,0.006096752424606186,0.01860375874217768,-0.005234562327041905,0.006096752424606186,0.02444682417352384,False
27,employed,16,6.0,x1,0.40489914637356916,-1.853448157828697e-05,0.9057604989602419,2.6263943002618686,0.00036839753417549167,0.9057604989602419,2.626397821697776,False
27,employed,17,40.0,x1,-0.22793293276141724,-0.0014845876518598212,-0.0006740521926756021,0.004682377448258723,-0.003358760703330194,-0.0006740521926756021,0.010001896369207675,False
27,employed,18,2.0,x2,0.6365080493077291,-0.00027112712880753183,-0.00014200566850244237,0.0008681757975357307,-0.00027112712880753183,-0.006738529578575137,0.020285500761865638,False
27,employed,19,11.0,x2,-0.3219361162050236,0.03376615904127877,-0.007382981567238135,0.12927200897705093,0.03376615904127877,-0.004999109879608509,0.12728005443669277,True
27,employed,20,32.0,x2,-0.8000905615773946,-0.011593832029544952,1.0341374314926626,2.7558383067537453,-0.011593832029544952,0.20617872032900075,1.4076324374474294,True
27,employed,21,4.0,x1,-0.9485924568494515,-0.0009168569287475631,-0.003081673116130945,0.009369126330814215,-0.0006411041755962658,-0.003081673116130945,0.00916671490064802,True
27,employed,22,46.0,x2,-0.3772345114626887,-0.21937813706007966,0.038370199229774665,1.5502890515768546,-0.21937813706007966,-1.463899204533121,5.819881509604134,False
27,employed,23,34.0,x2,0.9784704980354844,-0.0025394754930072715,-1.3818235567606568e-05,0.007354548387632054,-0.0025394754930072715,0.00011692810569272243,0.007362410911565309,False
27,employed,24,34.0,x2,0.05018959171236004,-0.047979190277063585,7.351012144597116e-05,0.19585339159916204,-0.047979190277063585,8.459958896803207e-05,0.19585348892143672,False
27,employed,25,27.0,x1,-0.24616570308889663,0.0033737510679298787,-0.002655908771907751,0.012635341218790064,0.0024627897657644713,-0.002655908771907751,0.010593992990678647,True
27,employed,26,31.0,x1,0.9175827790914086,-0.00023426087509586776,-0.002442999139293689,0.007101918552284037,-0.8826889797470826,-0.002442999139293689,2.6780872877528314,False
27,employed,27,40.0,x2,-0.151546765933525,-0.0003268509685627362,0.00026486253277125966,0.0011946160285636331,-0.0003268509685627362,0.005331766869891292,0.015868475095484502,False
27,employed,28,17.0,x1,0.7670630592462429,-0.004475198421760438,0.0017477966653193172,0.014203411484491557,-0.006769185467935167,0.0017477966653193172,0.02107506345305099,False
27,employed,29,7.0,x1,0.6991705139286035,0.0764620582358492,-0.00046620648278354387,0.3646954024153577,0.1317528441484962,-0.00046620648278354387,0.7752014660492326,False
27,employed,30,13.0,x2,0.4312584715518355,-8.007368636794333e-05,-0.0002664520273993605,0.0007889969788874573,-8.007368636794333e-05,-0.0010058506543366413,0.002881087323395537,False
27,employed,31,41.0,x2,-0.04600696547305483,0.9614824789985473,0.9669517039517543,3.5757328248954754,0.9614824789985473,0.9224798958865763,3.6255918069657516,False
27,employed,32,10.0,x1,0.6895354869247508,-0.00015989286110272278,-0.0006938125246705528,0.0020273342134378147,-0.007231121044873636,-0.0006938125246705528,0.021951213106746525,False
27,employed,33,19.0,x1,-0.3586394790349614,-0.0018656995869814194,0.9589399161286719,2.5811245612257534,0.010913291628505208,0.9589399161286719,2.5843213349548972,False
27,employed,34,25.0,x2,-0.12982751779216462,-0.35881515142864495,-0.00014744141738334227,2.505631037735672,-0.35881515142864495,-0.0004731095074839241,2.5056341927576047,False
27,employed,35,34.0,x2,-0.7256043832546692,-0.9529378384381878,0.03430351163864564,2.6120626219819347,-0.9529378384381878,0.009305749093890169,2.582325765850865,True
27,employed,36,22.0,x1,0.783403622450408,-0.01944408635539202,0.1176498007328487,0.6758917570888774,0.13718497321784381,0.1176498007328487,1.2193115800372785,False
27,employed,37,2.0,x2,-0.08532333369334721,-0.004034474087649331,0.0075313765793561666,0.02610868987713788,-0.004034474087649331,0.007760916144872055,0.026776249275290542,False
27,employed,38,33.0,x2,0.7754221740839706,-0.0004050721408817917,-0.0005505781661917491,0.0019457694940752113,-0.0004050721408817917,-0.7445607832652186,3.096344760023126,False
27,employed,39,30.0,x1,0.6489685424786571,-0.017334079432135094,0.06370119484762671,0.2989113469764644,-0.028531386392883978,0.06370119484762671,0.3226280718299077,False
27,employed,40,11.0,x2,-0.2943811275442809,-0.009707063573898318,0.03369945485751012,0.1316295420445539,-0.009707063573898318,0.023785393482212917,0.0901498407467014,True
27,employed,41,48.0,x1,0.7719502261853726,-0.1448419035749619,0.0003196383958524421,0.8829636387012632,-0.2588483642206,0.0003196383958524421,1.8336349612458318,False
27,employed,42,28.0,x1,-0.04902332441030954,-0.029136929011650093,0.03745633008692859,0.19329004306049358,-0.027927928992422277,0.03745633008692859,0.18943043649574465,True
27,employed,43,23.0,x2,-0.8824206768659679,-0.004832299731340274,-0.18329021274531315,1.20988745876975,-0.004832299731340274,-0.021563332648469324,0.07545596246749797,True
27,employed,44,45.0,x1,0.636299016830671,-0.00020337504771784855,-0.0015153743466332684,0.004386802445925486,-0.00075431526895451,-0.0015153743466332684,0.004864074962253273,False
27,employed,45,23.0,x1,-0.4411200545610532,0.0006624760799183822,-0.0001696056909850042,0.0019466513092116777,-0.0007499689726324322,-0.0001696056909850042,0.002190543454034799,False
27,employed,46,17.0,x2,-0.7536788282542211,2.321590995007252,-3.943952091320997,10.961792132588217,2.321590995007252,-0.9719869193101611,7.391577140166779,True
27,employed,47,36.0,x1,0.11333971310971536,-0.003188840624289682,-0.9501502141297273,2.580303186468328,-0.0013464757365986176,-0.9501502141297273,2.580073552483413,True
27,employed,48,12.0,x2,0.2460111441553794,0.0028443808231996826,-0.001273647527862212,0.009073456757992648,0.0028443808231996826,-0.002154756706507245,0.010432002439838772,False
27,employed,49,48.0,x1,-0.7552097290476416,0.03661220311244981,-0.06028090910227504,0.32746518923206525,0.011110415190856308,-0.06028090910227504,0.2704577341694514,True
27,employed,50,23.0,x1,-0.011682358155746586,-0.3943015201670046,-0.0011387537558071592,2.6909053786535577,-0.38972481564929534,-0.0011387537558071592,2.66857781419688,True
27,onlooker,9,28.0,x1,0.21195451709618007,0.00024186221368227828,0.0002453030513639374,0.0009775148429089775,0.0012416645227809396,0.0002453030513639374,0.003622492851569792,False
27,onlooker,9,8.0,x1,0.7126974312675121,0.00024186221368227828,0.0002453030513639374,0.0009775148429089775,0.0023855188664630286,0.0002453030513639374,0.0069359746002359834,False
27,onlooker,15,32.0,x1,0.25354615135042824,-0.001201430515458202,0.006096752424606186,0.01860375874217768,-0.0014655083792065864,0.006096752424606186,0.018782064302826473,False
27,onlooker,42,37.0,x2,0.6811528668765556,-0.027927928992422277,0.03745633008692859,0.18943043649574465,-0.027927928992422277,0.05783979795975919,0.28830468307849033,False
27,onlooker,30,23.0,x1,-0.21286695737385064,-8.007368636794333e-05,-0.0002664520273993605,0.0007889969788874573,-0.0006035990659070085,-0.0002664520273993605,0.0018777721409688475,False
27,onlooker,19,22.0,x1,-0.7413814956924594,0.03376615904127877,-0.004999109879608509,0.12728005443669277,-0.15391033782836114,-0.004999109879608509,0.9597441328550578,False
27,onlooker,21,20.0,x1,-0.9308566733635371,-0.0006411041755962658,-0.003081673116130945,0.00916671490064802,-0.010836523989979092,-0.003081673116130945,0.03524210360635083,False
27,onlooker,13,38.0,x1,0.15589114281925065,-0.0008585851399444927,0.0014480618331090195,0.00483702034823752,-0.0009292837996517628,0.0014480618331090195,0.004945411521518839,False
27,onlooker,40,27.0,x2,0.7081675309505349,-0.009707063573898318,0.023785393482212917,0.0901498407467014,-0.009707063573898318,0.04044186981132465,0.16307117689983786,False
27,onlooker,40,5.0,x1,0.9540127360319848,-0.009707063573898318,0.023785393482212917,0.0901498407467014,0.3061146791083977,0.023785393482212917,2.188566782651137,False
27,onlooker,1,31.0,x2,0.5850230186335246,0.005822815598730194,-0.00025369065191802325,0.01738933437283352,0.005822815598730194,-0.5660911102415878,3.2140307002945723,False
27,onlooker,17,31.0,x1,-0.27575493830510345,-0.0014845876518598212,-0.0006740521926756021,0.004682377448258723,0.26405833640216964,-0.0006740521926756021,1.873807916950288,False
27,onlooker,4,1.0,x2,-0.8102759397776234,-0.0006261601693961852,0.00019855895615315984,0.0018694508019660994,-0.0006261601693961852,-0.0001678880200407799,0.001844794862446708,True
27,onlooker,6,31.0,x1,0.051730461925026505,-0.0009741601459425837,0.0013768871068142586,0.004846332711292423,-0.05076248667169559,0.0013768871068142586,0.2108568606907828,False
27,onlooker,23,35.0,x1,-0.9663477259751032,-0.0025394754930072715,-1.3818235567606568e-05,0.007354548387632054,-0.9209547722955432,-1.3818235567606568e-05,2.6017012539260738,False
27,onlooker,13,40.0,x1,0.819954213034237,-0.0008585851399444927,0.0014480618331090195,0.00483702034823752,0.0063967620309185345,0.0014480618331090195,0.01969560891805644,False
27,onlooker,21,4.0,x2,0.5974574784569759,-0.0006411041755962658,-0.003081673116130945,0.00916671490064802,-0.0006411041755962658,-0.004822535812406493,0.01439030946791009,False
27,onlooker,44,21.0,x1,-0.513289492159446,-0.00020337504771784855,-0.0015153743466332684,0.004386802445925486,-0.0004280568094699585,-0.0015153743466332684,0.004519871358223515,False
27,onlooker,4,30.0,x1,0.8197389811249984,-0.0006261601693961852,-0.0001678880200407799,0.001844794862446708,-0.0010738085465998898,-0.0001678880200407799,0.0031055412669549476,False
27,onlooker,32,16.0,x2,0.2857766485799338,-0.00015989286110272278,-0.0006938125246705528,0.0020273342134378147,-0.00015989286110272278,-0.2597372877516602,1.8405213246519563,False
27,onlooker,41,24.0,x1,0.6394969799956771,-0.1448419035749619,0.0003196383958524421,0.8829636387012632,-0.206785316203155,0.0003196383958524421,1.4093661324317854,False
27,onlooker,19,18.0,x1,0.1659772517571081,0.03376615904127877,-0.004999109879608509,0.12728005443669277,0.03941557425705992,-0.004999109879608509,0.15387515483301373,False
27,onlooker,23,49.0,x2,0.03277884705634948,-0.0025394754930072715,-1.3818235567606568e-05,0.007354548387632054,-0.0025394754930072715,0.001961667518483313,0.009350331264684986,False
27,onlooker,19,21.0,x2,0.09587990122623324,0.03376615904127877,-0.004999109879608509,0.12728005443669277,0.03376615904127877,-0.005182953527098287,0.12740684397095636,False
27,onlooker,18,37.0,x2,-0.2386741445967182,-0.00027112712880753183,-0.00014200566850244237,0.0008681757975357307,-0.00027112712880753183,0.0016894322756688539,0.004917537426888163,False
27,onlooker,19,32.0,x2,-0.8783062546079801,0.03376615904127877,-0.004999109879608509,0.12728005443669277,0.03376615904127877,-0.0012177402848193093,0.12568229395327224,True
27,onlooker,31,25.0,x1,-0.09394777142671673,0.9614824789985473,0.9669517039517543,3.5757328248954754,0.871384716440785,0.9669517039517543,3.7768262748649346,False
27,onlooker,36,39.0,x2,0.6925217268249186,-0.01944408635539202,0.1176498007328487,0.6758917570888774,-0.01944408635539202,0.1550103824402796,0.9797437526811525,False
27,onlooker,18,17.0,x2,0.428684202989039,-0.00027112712880753183,-0.00014200566850244237,0.0008681757975357307,-0.00027112712880753183,8.607427166581707e-05,0.0008067351202751816,True
27,onlooker,28,32.0,x1,0.11104581421167059,-0.004475198421760438,0.0017477966653193172,0.014203411484491557,-0.0049543950413158235,0.0017477966653193172,0.015594373518120097,False
27,onlooker,38,10.0,x2,0.1114242654827935,-0.0004050721408817917,-0.0005505781661917491,0.0019457694940752113,-0.0004050721408817917,0.008886599143378464,0.027267079687014917,False
27,onlooker,9,21.0,x1,0.32798764683214965,0.00024186221368227828,0.0002453030513639374,0.0009775148429089775,0.0005314642819336277,0.0002453030513639374,0.001664727102621999,False
27,onlooker,24,19.0,x2,0.7699400028312122,-0.047979190277063585,7.351012144597116e-05,0.19585339159916204,-0.047979190277063585,0.001067695462901665,0.19591636309339266,False
27,onlooker,38,26.0,x2,0.9001063113509757,-0.0004050721408817917,-0.0005505781661917491,0.0019457694940752113,-0.0004050721408817917,0.001152801895430262,0.003495807183793165,False
27,onlooker,21,40.0,x2,-0.6641275203971642,-0.0006411041755962658,-0.003081673116130945,0.00916671490064802,-0.0006411041755962658,0.014761485204172635,0.047593992196923285,False
27,onlooker,14,18.0,x1,-0.7883584945909534,-0.08656348419256843,-0.10137783462301762,0.7989405373188707,-0.01853417148307686,-0.10137783462301762,0.5515902578720682,True
27,onlooker,25,10.0,x1,0.2683717788993172,0.0024627897657644713,-0.002655908771907751,0.010593992990678647,0.0004144749198588325,-0.002655908771907751,0.007795364184915332,True
27,onlooker,10,7.0,x1,0.9381734551978491,0.010095167709177396,-0.08524646795895446,0.4277101083028687,0.022022781690902268,-0.08524646795895446,0.44340177718666185,False
27,onlooker,32,47.0,x2,-0.020224416013536084,-0.00015989286110272278,-0.0006938125246705528,0.0020273342134378147,-0.00015989286110272278,-0.01989601377744621,0.06678338154757002,False
27,onlooker,2,30.0,x2,0.11665777367141694,-0.9962994033036578,0.010221608612962063,2.6317386272736916,-0.9962994033036578,0.011445122417397442,2.632481045167918,False
27,onlooker,1,44.0,x2,0.23994136123284937,0.005822815598730194,-0.00025369065191802325,0.01738933437283352,0.005822815598730194,4.903945123724344e-05,0.01737264552173956,True
27,onlooker,37,25.0,x2,0.23680487581652598,-0.004034474087649331,0.0075313765793561666,0.02610868987713788,-0.004034474087649331,0.009943775421869732,0.03341579978199194,False
27,onlooker,13,49.0,x2,-0.19855998490466975,-0.0008585851399444927,0.0014480618331090195,0.00483702034823752,-0.0008585851399444927,-0.010808841704001638,0.03379594885636239,False
27,onlooker,9,3.0,x1,0.27234386617074224,0.00024186221368227828,0.0002453030513639374,0.0009775148429089775,0.2697898913686457,0.0002453030513639374,1.917403379352678,False
27,onlooker,49,44.0,x2,0.4042091349728272,0.011110415190856308,-0.06028090910227504,0.2704577341694514,0.011110415190856308,-0.08403447507206861,0.4203473917967071,False
27,onlooker,49,36.0,x1,-0.3214977531972081,0.011110415190856308,-0.06028090910227504,0.2704577341694514,0.0012872115936768506,-0.06028090910227504,0.264498779273485,True
27,onlooker,28,4.0,x2,-0.5566350195549183,-0.004475198421760438,0.0017477966653193172,0.014203411484491557,-0.004475198421760438,0.0006814594830228419,0.01334925590932956,True
27,onlooker,21,10.0,x2,0.9070020296563412,-0.0006411041755962658,-0.003081673116130945,0.00916671490064802,-0.0006411041755962658,0.07144196257260686,0.3324360556484689,False
27,onlooker,50,19.0,x2,0.4184579721543973,-0.38972481564929534,-0.0011387537558071592,2.66857781419688,-0.38972481564929534,-0.0011057012130492204,2.6685767378007736,True
27,onlooker,20,7.0,x1,-0.32614630459578287,-0.011593832029544952,0.20617872032900075,1.4076324374474294,-0.008666556629493304,0.20617872032900075,1.4061341386769475,True
28,employed,1,13.0,x2,-0.3438435591851605,0.005822815598730194,4.903945123724344e-05,0.01737264552173956,0.005822815598730194,0.0005300842863997357,0.0174475815478492,False
28,employed,2,12.0,x2,-0.7753097618835072,-0.9962994033036578,0.010221608612962063,2.6317386272736916,-0.9962994033036578,0.0040860600921144375,2.629277923753364,True
28,employed,3,12.0,x1,0.8115140636596856,-0.9894923034384054,1.985565213575624,5.394319116398336,-1.790551145304837,1.985565213575624,7.148930328878528,False
28,employed,4,6.0,x1,-0.350486712489531,-0.0006261601693961852,-0.0001678880200407799,0.001844794862446708,-0.0007481295371223663,-0.0001678880200407799,0.0021843114068471614,False
28,employed,5,27.0,x1,-0.2909746876432864,-0.3407526888093539,-0.03830109159510241,2.4242941718612774,-0.24169738697792562,-0.03830109159510241,1.7305329333810104,True
28,employed,6,27.0,x1,-0.9131598795312921,-0.0009741601459425837,0.0013768871068142586,0.004846332711292423,-0.0003830633755069024,0.0013768871068142586,0.004096720734616088,True
28,employed,7,33.0,x1,0.12695760311212045,-0.002618487655554157,0.004335321264222234,0.015008155198988238,-0.0027140598243915546,0.004335321264222234,0.015163328714102864,False
28,employed,8,35.0,x2,0.134515631654474,-0.002765945249532958,-0.0009888655520280563,0.008537959638179604,-0.002765945249532958,-0.002373652143763146,0.010662812479069306,False
28,employed,9,23.0,x1,-0.2997169154118351,0.00024186221368227828,0.0002453030513639374,0.0009775148429089775,-0.000591751744485341,0.0002453030513639374,0.00182276275783666,False
28,employed,10,13.0,x1,0.00013545361322520044,0.010095167709177396,-0.08524646795895446,0.4277101083028687,0.010096651434579185,-0.08524646795895446,0.4277113440531477,False
28,employed,11,2.0,x2,-0.3435183438013485,-3.977448615493859e-05,2.181574388885671e-05,0.00012836493720813635,-3.977448615493859e-05,0.0014179582311952994,0.004065749445811395,False
28,employed,12,35.0,x2,-0.7825659206272815,-0.002375902455906223,0.002307934849920353,0.009660792409811325,-0.002375902455906223,0.007784185796131295,0.024782643588153963,False
28,employed,13,4.0,x2,0.3043572105827306,-0.0008585851399444927,0.0014480618331090195,0.00483702034823752,-0.0008585851399444927,0.0019398878228552656,0.006120054766420413,False
28,employed,14,21.0,x1,0.6036500730987622,-0.01853417148307686,-0.10137783462301762,0.5515902578720682,-0.02933532287119859,-0.10137783462301762,0.5709506028068003,False
28,employed,15,47.0,x2,0.9140809074651539,-0.001201430515458202,0.006096752424606186,0.01860375874217768,-0.001201430515458202,0.8801838473733921,2.6844228864701134,False
28,employed,16,22.0,x2,-0.4713455514499354,-1.853448157828697e-05,0.9057604989602419,2.6263943002618686,-1.853448157828697e-05,0.4969199398114601,3.075440975412182,False
28,employed,17,31.0,x2,0.2563858518564728,-0.0014845876518598212,-0.0006740521926756021,0.004682377448258723,-0.0014845876518598212,-0.24875960596002886,1.7545374438479624,False
28,employed,18,32.0,x1,-0.35644277256223766,-0.00027112712880753183,8.607427166581707e-05,0.0008067351202751816,-0.00023147847802289953,8.607427166581707e-05,0.0007001429020658811,True
28,employed,19,4.0,x2,-0.5799903223488021,0.03376615904127877,-0.0012177402848193093,0.12568229395327224,0.03376615904127877,-0.0006088361313517901,0.12560644689059375,True
28,employed,20,8.0,x1,-0.7521993084333796,-0.008666556629493304,0.20617872032900075,1.4061341386769475,-0.004228120830153002,0.20617872032900075,1.4046869851623822,True
28,employed,21,47.0,x2,-0.9723047080520641,-0.0006411041755962658,-0.003081673116130945,0.00916671490064802,-0.0006411041755962658,-0.9239208743916502,2.597885400642785,False
28,employed,22,31.0,x2,0.8949475914802736,-0.21937813706007966,0.038370199229774665,1.5502890515768546,-0.21937813706007966,-0.7926615819142893,3.65822678090488,False
28,employed,23,18.0,x1,0.05419617834492496,-0.0025394754930072715,-1.3818235567606568e-05,0.007354548387632054,-0.002664560110850919,-1.3818235567606568e-05,0.007725667796645741,False
28,employed,24,36.0,x2,-0.3656606106835223,-0.047979190277063585,7.351012144597116e-05,0.19585339159916204,-0.047979190277063585,0.04306652834831478,0.2900507940508388,False
28,employed,25,24.0,x1,0.634205700665504,0.0004144749198588325,-0.002655908771907751,0.007795364184915332,0.03110601326384483,-0.002655908771907751,0.11404740690316872,False
28,employed,26,38.0,x1,0.6168988229856813,-0.00023426087509586776,-0.002442999139293689,0.007101918552284037,-0.00012888760627983688,-0.002442999139293689,0.00707881399346677,True
28,employed,27,50.0,x2,-0.259345050127642,-0.0003268509685627362,0.00026486253277125966,0.0011946160285636331,-0.0003268509685627362,-9.058639059168148e-05,0.0009623857254124069,True
28,employed,28,38.0,x1,0.20556913420396583,-0.004475198421760438,0.0006814594830228419,0.01334925590932956,-0.005311890757421469,0.0006814594830228419,0.01591096664631353,False
28,employed,29,34.0,x2,0.47974780966586894,0.0764620582358492,-0.00046620648278354387,0.3646954024153577,0.0764620582358492,-0.000619133324707288,0.36470264702794397,False
28,employed,30,38.0,x1,0.7714902985896392,-8.007368636794333e-05,-0.0002664520273993605,0.0007889969788874573,0.00017065946834611686,-0.0002664520273993605,0.000897635728329238,False
28,employed,31,18.0,x2,0.3069627122238212,0.9614824789985473,0.9669517039517543,3.5757328248954754,0.9614824789985473,1.263743399994347,5.184733607090635,False
28,employed,32,14.0,x1,0.18913741023395025,-0.00015989286110272278,-0.0006938125246705528,0.0020273342134378147,0.0033153706123745016,-0.0006938125246705528,0.009885901967820576,False
28,employed,33,38.0,x2,0.5820021723232807,-0.0018656995869814194,0.9589399161286719,2.5811245612257534,-0.0018656995869814194,1.517365468131821,5.5778631841018225,False
28,employed,34,21.0,x2,0.017440446402719578,-0.35881515142864495,-0.00014744141738334227,2.505631037735672,-0.35881515142864495,-9.626710670817388e-05,2.5056308430324674,True
28,employed,35,17.0,x2,-0.661927306920739,-0.9529378384381878,0.009305749093890169,2.582325765850865,-0.9529378384381878,0.0026998461046695617,2.580142494452414,True
28,employed,36,13.0,x1,0.8242740097996488,-0.01944408635539202,0.1176498007328487,0.6758917570888774,-0.034763631966385204,0.1176498007328487,0.7047365423309384,False
28,employed,37,16.0,x1,0.9495186670912203,-0.004034474087649331,0.0075313765793561666,0.02610868987713788,-0.007847683709524749,0.0075313765793561666,0.033912510033549115,False
28,employed,38,12.0,x2,0.4461421749620895,-0.0004050721408817917,-0.0005505781661917491,0.0019457694940752113,-0.0004050721408817917,-0.0018258813803574449,0.005383076305641499,False
28,employed,39,29.0,x2,0.39374009904959717,-0.017334079432135094,0.06370119484762671,0.2989113469764644,-0.017334079432135094,0.08896647380321769,0.46138196203466153,False
28,employed,40,32.0,x2,0.4134971671951784,-0.009707063573898318,0.023785393482212917,0.0901498407467014,-0.009707063573898318,0.033907475821246424,0.13256219989641638,False
28,employed,41,46.0,x1,0.12693899212496285,-0.1448419035749619,0.0003196383958524421,0.8829636387012632,-0.45792840986483885,0.0003196383958524421,2.9549318868311265,False
28,employed,42,4.0,x2,-0.4583491311062009,-0.027927928992422277,0.03745633008692859,0.18943043649574465,-0.027927928992422277,0.02021130240904899,0.1289010381127409,True
28,employed,43,35.0,x1,-0.011850744048653272,-0.004832299731340274,-0.021563332648469324,0.07545596246749797,-0.016068055801665652,-0.021563332648469324,0.09522391290909527,False
28,employed,44,27.0,x2,0.19316091076058295,-0.00020337504771784855,-0.0015153743466332684,0.004386802445925486,-0.00020337504771784855,-0.0017905876858629708,0.005183584630643612,False
28,employed,45,19.0,x2,0.5477910501757104,0.0006624760799183822,-0.0001696056909850042,0.0019466513092116777,0.0006624760799183822,7.100081321265717e-05,0.0018963167622811916,True
28,employed,46,36.0,x2,0.42859882438622776,2.321590995007252,-0.9719869193101611,7.391577140166779,2.321590995007252,-1.4390039365286602,8.620598626181057,False
28,employed,47,36.0,x2,0.7807160033084957,-0.0013464757365986176,-0.9501502141297273,2.580073552483413,-0.0013464757365986176,-1.78379877406599,5.345616049872294,False
28,employed,48,30.0,x2,0.9341443989939167,0.0028443808231996826,-0.001273647527862212,0.009073456757992648,0.0028443808231996826,-0.0022145135633114595,0.01054190442615921,False
28,employed,49,6.0,x1,0.2639179531877287,0.0012872115936768506,-0.06028090910227504,0.264498779273485,0.0017280271448045234,-0.06028090910227504,0.2645641037671571,False
28,employed,50,36.0,x1,-0.04555917809128096,-0.38972481564929534,-0.0011057012130492204,2.6685767378007736,-0.372855129959625,-0.0011057012130492204,2.5822923451104463,True
28,onlooker,14,28.0,x2,-0.2705046394185946,-0.01853417148307686,-0.10137783462301762,0.5515902578720682,-0.01853417148307686,-0.07377032207154685,0.36239246058529107,True
28,onlooker,45,18.0,x1,-0.6485860145957418,0.0006624760799183822,7.100081321265717e-05,0.0018963167622811916,8.266965595354816e-05,7.100081321265717e-05,0.0003085419510253651,True
28,onlooker,27,20.0,x1,-0.808203710398318,-0.0003268509685627362,-9.058639059168148e-05,0.0009623857254124069,-0.0034798717459651215,-9.058639059168148e-05,0.010168540857141029,False
28,onlooker,27,28.0,x1,-0.6536058267336098,-0.0003268509685627362,-9.058639059168148e-05,0.0009623857254124069,-0.0030382350352882847,-9.058639059168148e-05,0.00884324814915205,False
28,onlooker,28,29.0,x2,0.5472252460831819,-0.004475198421760438,0.0006814594830228419,0.01334925590932956,-0.004475198421760438,0.001309491273582534,0.013767392013435131,False
28,onlooker,18,13.0,x2,0.9024397739415511,-0.00023147847802289953,8.607427166581707e-05,0.0007001429020658811,-0.00023147847802289953,-0.001143037475394191,0.003334843638992613,False
28,onlooker,27,2.0,x2,0.6414233682234864,-0.0003268509685627362,-9.058639059168148e-05,0.0009623857254124069,-0.0003268509685627362,-0.002769585045407818,0.008095018814426869,False
28,onlooker,10,40.0,x2,0.41032485431192955,0.010095167709177396,-0.08524646795895446,0.4277101083028687,0.010095167709177396,-0.12998495062015997,0.7642770558291478,False
28,onlooker,48,49.0,x1,-0.4511787506884801,0.0028443808231996826,-0.001273647527862212,0.009073456757992648,0.002141819155613028,-0.001273647527862212,0.0072135021076857875,True
28,onlooker,38,16.0,x2,0.2583958776591886,-0.0004050721408817917,-0.0005505781661917491,0.0019457694940752113,-0.0004050721408817917,-0.23473762437252113,1.6417511741507167,False
28,onlooker,28,3.0,x2,-0.9896365003292849,-0.004475198421760438,0.0006814594830228419,0.01334925590932956,-0.004475198421760438,1.9649948714436776,4.8855187168829595,False
28,onlooker,4,8.0,x2,-0.48469501730445264,-0.0006261601693961852,-0.0001678880200407799,0.001844794862446708,-0.0006261601693961852,-0.0005658117391139196,0.0024059624036536498,False
28,onlooker,44,26.0,x1,0.5937834776815774,-0.00020337504771784855,-0.0015153743466332684,0.004386802445925486,-0.000247604459738514,-0.0015153743466332684,0.004405743976889642,False
28,onlooker,42,37.0,x2,-0.21722975115885612,-0.027927928992422277,0.02021130240904899,0.1289010381127409,-0.027927928992422277,0.017456845276352065,0.12182211058143766,True
28,onlooker,43,37.0,x2,0.4863028868101049,-0.004832299731340274,-0.021563332648469324,0.07545596246749797,-0.004832299731340274,-0.03571217373686146,0.1361488816415215,False
28,onlooker,44,30.0,x2,0.05714885992435326,-0.00020337504771784855,-0.0015153743466332684,0.004386802445925486,-0.00020337504771784855,-0.0015867488333115654,0.004592861396478742,False
28,onlooker,44,23.0,x2,0.6231413920576858,-0.00020337504771784855,-0.0015153743466332684,0.004386802445925486,-0.00020337504771784855,-0.00245105611193545,0.007117525512850609,False
28,onlooker,4,1.0,x1,0.05658497920871364,-0.0006261601693961852,-0.0001678880200407799,0.001844794862446708,-0.0009910753291531144,-0.0001678880200407799,0.00287002592692831,False
28,onlooker,5,49.0,x2,-0.9889976519204025,-0.24169738697792562,-0.03830109159510241,1.7305329333810104,-0.24169738697792562,-0.060039079499335096,1.7766112674596006,False
28,onlooker,36,12.0,x2,0.9351040105441124,-0.01944408635539202,0.1176498007328487,0.6758917570888774,-0.01944408635539202,0.22550644210361612,1.57490372082539,False
28,onlooker,19,2.0,x2,-0.9461284691824345,0.03376615904127877,-0.0006088361313517901,0.12560644689059375,0.03376615904127877,0.003833138845526705,0.12658138673207064,False
28,onlooker,27,50.0,x2,0.9595470700914388,-0.0003268509685627362,-9.058639059168148e-05,0.0009623857254124069,-0.0003268509685627362,0.000883464063103841,0.0026879710519946975,False
28,onlooker,17,25.0,x2,-0.7990883884043678,-0.0014845876518598212,-0.0006740521926756021,0.004682377448258723,-0.0014845876518598212,-0.0022577307726228133,0.007837108593957698,False
28,onlooker,25,31.0,x1,-0.4978766687773579,0.0004144749198588325,-0.002655908771907751,0.007795364184915332,0.4789078112590605,-0.002655908771907751,3.0236807942011237,False
28,onlooker,29,46.0,x2,-0.9980893331530389,0.0764620582358492,-0.00046620648278354387,0.3646954024153577,0.0764620582358492,-0.9701306668930259,2.7434882060242,False
28,onlooker,12,11.0,x1,-0.752227593932346,-0.002375902455906223,0.002307934849920353,0.009660792409811325,-0.0006186025341021581,0.002307934849920353,0.006910264602904892,True
28,onlooker,9,32.0,x2,-0.7946112196987147,0.00024186221368227828,0.0002453030513639374,0.0009775148429089775,0.00024186221368227828,-0.00050092872194689,0.001581584780091294,False
28,onlooker,37,45.0,x1,0.853175448356738,-0.004034474087649331,0.0075313765793561666,0.02610868987713788,-0.007547120047046856,0.0075313765793561666,0.03318187126814509,False
28,onlooker,32,10.0,x1,-0.8294068489201842,-0.00015989286110272278,-0.0006938125246705528,0.0020273342134378147,0.008345724611978939,-0.0006938125246705528,0.02555314471299086,False
28,onlooker,12,49.0,x1,0.9246904035014243,-0.0006186025341021581,0.002307934849920353,0.006910264602904892,-0.0023808905689168447,0.002307934849920353,0.009671549219153253,False
28,onlooker,19,16.0,x1,0.02002116451813074,0.03376615904127877,-0.0006088361313517901,0.12560644689059375,0.03444256794849452,-0.0006088361313517901,0.12872446604066257,False
28,onlooker,14,50.0,x2,-0.5575572199508452,-0.01853417148307686,-0.07377032207154685,0.36239246058529107,-0.01853417148307686,-0.03325563807690071,0.14588670881548937,True
28,onlooker,18,23.0,x2,-0.7498719538376757,-0.00023147847802289953,8.607427166581707e-05,0.0007001429020658811,-0.00023147847802289953,1.116768209294553e-05,0.0006569116494010707,True
28,onlooker,19,43.0,x1,-0.7192779970864831,0.03376615904127877,-0.0006088361313517901,0.12560644689059375,0.006003136924684151,-0.0006088361313517901,0.018035743169303675,True
28,onlooker,28,20.0,x1,-0.6589265477650905,-0.004475198421760438,0.0006814594830228419,0.01334925590932956,-0.0043123924372924375,0.0006814594830228419,0.012856129108556491,True
28,onlooker,1,15.0,x1,-0.8763420786039962,0.005822815598730194,4.903945123724344e-05,0.01737264552173956,-0.0003328268416037082,4.903945123724344e-05,0.0009545538750583837,True
28,onlooker,18,41.0,x1,0.43937052175522484,-0.00023147847802289953,1.116768209294553e-05,0.0006569116494010707,0.06330607944806405,1.116768209294553e-05,0.2823220023250568,False
28,onlooker,48,21.0,x1,0.4156027971837055,0.002141819155613028,-0.001273647527862212,0.0072135021076857875,0.0032984098764114065,-0.001273647527862212,0.010333542787485772,False
28,onlooker,32,11.0,x2,-0.392834989534683,-0.00015989286110272278,-0.0006938125246705528,0.0020273342134378147,-0.00015989286110272278,-0.0004126887012802939,0.0012570232013158211,True
28,onlooker,26,41.0,x1,-0.07637453107413483,-0.00012888760627983688,-0.002442999139293689,0.00707881399346677,-0.011181276341211716,-0.002442999139293689,0.0358558826481894,False
28,onlooker,12,50.0,x1,-0.7688423872926631,-0.0006186025341021581,0.002307934849920353,0.006910264602904892,-0.286809822917472,0.002307934849920353,2.0431904287576725,False
28,onlooker,48,40.0,x2,0.6777870386157037,0.002141819155613028,-0.001273647527862212,0.0072135021076857875,0.002141819155613028,-0.018258340724630506,0.06097084584028467,False
28,onlooker,39,11.0,x2,0.2651647547904836,-0.017334079432135094,0.06370119484762671,0.2989113469764644,-0.017334079432135094,0.0805867217928796,0.40464466644305164,False
28,onlooker,38,37.0,x1,-0.4568692589118448,-0.0004050721408817917,-0.0005505781661917491,0.0019457694940752113,-0.002063234318594684,-0.0005505781661917491,0.006161338347585588,False
28,onlooker,10,18.0,x2,-0.040311039245216396,0.010095167709177396,-0.08524646795895446,0.4277101083028687,0.010095167709177396,-0.08180964406267384,0.4044392994966377,True
28,onlooker,27,43.0,x2,0.5380684554092321,-0.0003268509685627362,-9.058639059168148e-05,0.0009623857254124069,-0.0003268509685627362,0.011463221021778911,0.035934222804439475,False
28,onlooker,32,13.0,x1,-0.042239002130113334,-0.00015989286110272278,-0.0004126887012802939,0.0012570232013158211,-0.00018940492575701405,-0.0004126887012802939,0.001289814932605271,False
28,onlooker,17,12.0,x1,-0.9795092792330411,-0.0014845876518598212,-0.0006740521926756021,0.004682377448258723,-0.0006363471933384724,-0.0006740521926756021,0.002644764667838917,True
28,onlooker,17,13.0,x2,0.1438046539336333,-0.0006363471933384724,-0.0006740521926756021,0.002644764667838917,-0.0006363471933384724,-0.000979222065761269,0.003339421739170678,False
28,onlooker,4,15.0,x2,-0.9104610200231693,-0.0006261601693961852,-0.0001678880200407799,0.001844794862446708,-0.0006261601693961852,0.005535822909270897,0.016583782302742822,False
29,employed,1,33.0,x2,0.1363791171372497,-0.0003328268416037082,4.903945123724344e-05,0.0009545538750583837,-0.0003328268416037082,-0.13072365174099468,0.7668442802511248,False
29,employed,2,18.0,x1,-0.7053307991289124,-0.9962994033036578,0.0040860600921144375,2.629277923753364,-0.2937420178997153,0.0040860600921144375,2.092891991962578,True
29,employed,3,48.0,x2,0.1687848947772268,-0.9894923034384054,1.985565213575624,5.394319116398336,-0.9894923034384054,2.3209136016862812,7.392525754398056,False
29,employed,4,35.0,x2,0.06269750653890371,-0.0006261601693961852,-0.0001678880200407799,0.001844794862446708,-0.0006261601693961852,-0.0003476877990766439,0.0020394201518532107,False
29,employed,5,41.0,x2,0.7927600990962427,-0.24169738697792562,-0.03830109159510241,1.7305329333810104,-0.24169738697792562,-0.06891806532990101,1.8007202841584875,False
29,employed,6,20.0,x2,0.3800506244612212,-0.0003830633755069024,0.0013768871068142586,0.004096720734616088,-0.0003830633755069024,-0.07645817750008059,0.36466698924392604,False
29,employed,7,13.0,x2,0.3037100943240769,-0.002618487655554157,0.004335321264222234,0.015008155198988238,-0.002618487655554157,0.005212211098383709,0.017403923553900302,False
29,employed,8,21.0,x2,-0.9864368011973901,-0.002765945249532958,-0.0009888655520280563,0.008537959638179604,-0.002765945249532958,-0.0030532879510834117,0.012104559693007833,False
29,employed,9,48.0,x1,0.7368830910774378,0.00024186221368227828,0.0002453030513639374,0.0009775148429089775,-0.0011581839306016887,0.0002453030513639374,0.003385829394467965,False
29,employed,10,16.0,x1,0.995514628465721,0.010095167709177396,-0.08180964406267384,0.4044392994966377,0.020163506188020486,-0.08180964406267384,0.4171782404208142,False
29,employed,11,17.0,x2,-0.08231162708185047,-3.977448615493859e-05,2.181574388885671e-05,0.00012836493720813635,-3.977448615493859e-05,-3.54622782038538e-05,0.00015079609445978193,False
29,employed,12,43.0,x2,-0.3908072973439183,-0.0006186025341021581,0.002307934849920353,0.006910264602904892,-0.0006186025341021581,-0.007021130685299034,0.021258017008702,False
29,employed,13,24.0,x2,0.331174334246511,-0.0008585851399444927,0.0014480618331090195,0.00483702034823752,-0.0008585851399444927,0.0019032780811064317,0.006021768961990137,False
29,employed,14,7.0,x2,-0.15529926261656457,-0.01853417148307686,-0.03325563807690071,0.14588670881548937,-0.01853417148307686,-0.027417789810175057,0.12255282869397677,True
29,employed,15,17.0,x1,0.35354861172963603,-0.001201430515458202,0.006096752424606186,0.01860375874217768,-0.0014012149395052033,0.006096752424606186,0.018735540371953352,False
29,employed,16,7.0,x2,-0.5345370417981252,-1.853448157828697e-05,0.9057604989602419,2.6263943002618686,-1.853448157828697e-05,0.4239153510722622,2.8244074006969666,False
29,employed,17,36.0,x1,-0.6875512605517704,-0.0006363471933384724,-0.0006740521926756021,0.002644764667838917,-0.013567631962337288,-0.0006740521926756021,0.04332878601806245,False
29,employed,18,22.0,x2,0.42576144418523754,-0.00023147847802289953,1.116768209294553e-05,0.0006569116494010707,-0.00023147847802289953,-0.016320628987195114,0.05324499777603764,False
29,employed,19,39.0,x1,-0.8102376426566631,0.006003136924684151,-0.0006088361313517901,0.018035743169303675,-0.012905554242433594,-0.0006088361313517901,0.04098182034037068,False
29,employed,20,43.0,x2,0.4479446022599327,-0.004228120830153002,0.20617872032900075,1.4046869851623822,-0.004228120830153002,0.3081945436678541,2.19277240891314,False
29,employed,21,17.0,x1,0.5276057046604801,-0.0006411041755962658,-0.003081673116130945,0.00916671490064802,-0.0006436139865724463,-0.003081673116130945,0.009168249329647882,False
29,employed,22,37.0,x1,0.2017824530167711,-0.21937813706007966,0.038370199229774665,1.5502890515768546,-0.2628307096162735,0.038370199229774665,1.8947057371969191,False
29,employed,23,29.0,x1,0.46940697779917095,-0.0025394754930072715,-1.3818235567606568e-05,0.007354548387632054,-0.03962334668216906,-1.3818235567606568e-05,0.15334069676692907,False
29,employed,24,50.0,x1,0.15710449863177067,-0.047979190277063585,7.351012144597116e-05,0.19585339159916204,0.003060281344290594,7.351012144597116e-05,0.008907787592040695,True
29,employed,25,41.0,x2,0.4885474346311658,0.0004144749198588325,-0.002655908771907751,0.007795364184915332,0.0004144749198588325,-0.0041096047073410245,0.012136918666993513,False
29,employed,26,43.0,x1,0.9090497227682768,-0.00012888760627983688,-0.002442999139293689,0.00707881399346677,0.004146747882071306,-0.002442999139293689,0.014229579270086834,False
29,employed,27,10.0,x1,-0.6690807272097674,-0.0003268509685627362,-9.058639059168148e-05,0.0009623857254124069,0.006646320867333411,-9.058639059168148e-05,0.019976441239184073,False
29,employed,28,30.0,x2,-0.1014098742269911,-0.0043123924372924375,0.0006814594830228419,0.012856129108556491,-0.0043123924372924375,0.0005853318959726092,0.012813378704980227,True
29,employed,29,28.0,x1,0.5960854689710171,0.0764620582358492,-0.00046620648278354387,0.3646954024153577,0.12461053454622512,-0.00046620648278354387,0.7176485969788691,False
29,employed,30,47.0,x1,-0.16516834960288374,-8.007368636794333e-05,-0.0002664520273993605,0.0007889969788874573,-0.00028924322293825207,-0.0002664520273993605,0.0011164431572052713,False
29,employed,31,37.0,x1,-0.6064016243171813,0.9614824789985473,0.9669517039517543,3.5757328248954754,0.375991430341302,0.9669517039517543,4.304766206574026,False
29,employed,32,27.0,x1,-0.9563904444389602,-0.00015989286110272278,-0.0004126887012802939,0.0012570232013158211,-0.0003195699996990927,-0.0004126887012802939,0.0014835660205929635,False
29,employed,33,25.0,x1,0.09067291825099977,-0.0018656995869814194,0.9589399161286719,2.5811245612257534,-0.0020724496636381593,0.9589399161286719,2.58114709384914,False
29,employed,34,38.0,x1,0.29896958041398336,-0.35881515142864495,-9.626710670817388e-05,2.5056308430324674,-0.46596886244945,-9.626710670817388e-05,2.9823021311500395,False
29,employed,35,18.0,x2,-0.9885381985737574,-0.9529378384381878,0.0026998461046695617,2.580142494452414,-0.9529378384381878,4.198478027154194e-05,2.5799417423685402,True
29,employed,36,6.0,x1,0.9461213070349046,-0.01944408635539202,0.1176498007328487,0.6758917570888774,-0.03747812633054328,0.1176498007328487,0.7114703335510524,False
29,employed,37,47.0,x2,-0.34981367383770934,-0.004034474087649331,0.0075313765793561666,0.02610868987713788,-0.004034474087649331,-0.32747873903332986,2.318829253964044,False
29,employed,38,13.0,x1,-0.12716741261992515,-0.0004050721408817917,-0.0005505781661917491,0.0019457694940752113,-0.0004627442155620979,-0.0005505781661917491,0.002048017862936735,False
29,employed,39,34.0,x1,-0.2863446546840527,-0.017334079432135094,0.06370119484762671,0.2989113469764644,-0.11511535907411584,0.06370119484762671,0.7814621380619085,False
29,employed,40,4.0,x1,-0.19440981511120725,-0.009707063573898318,0.023785393482212917,0.0901498407467014,-0.007941646821986326,0.023785393482212917,0.08758995427771454,True
29,employed,41,13.0,x2,-0.3501399775775764,-0.1448419035749619,0.0003196383958524421,0.8829636387012632,-0.1448419035749619,0.0007147445528714718,0.8829765867654591,False
29,employed,42,8.0,x1,0.31768013889129487,-0.027927928992422277,0.017456845276352065,0.12182211058143766,-0.03592139148264386,0.017456845276352065,0.1549508908806314,False
29,employed,43,26.0,x1,-0.45827376540929143,-0.004832299731340274,-0.021563332648469324,0.07545596246749797,-0.00267684934651711,-0.021563332648469324,0.07398249844126825,True
29,employed,44,28.0,x2,-0.014584305665523933,-0.00020337504771784855,-0.0015153743466332684,0.004386802445925486,-0.00020337504771784855,-0.00148473700467763,0.0042984851827907455,True
29,employed,45,40.0,x1,0.9119685386804033,8.266965595354816e-05,7.100081321265717e-05,0.0003085419510253651,0.0074005938282494564,7.100081321265717e-05,0.022390883344901358,False
29,employed,46,7.0,x2,0.7678269578159658,2.321590995007252,-0.9719869193101611,7.391577140166779,2.321590995007252,-1.7216334551384573,8.692315823222327,False
29,employed,47,35.0,x1,0.3851070905958096,-0.0013464757365986176,-0.9501502141297273,2.580073552483413,0.36511810538951217,-0.9501502141297273,4.243942144090926,False
29,employed,48,19.0,x1,-0.31218360907015796,0.002141819155613028,-0.001273647527862212,0.0072135021076857875,0.0033472592725283822,-0.001273647527862212,0.010471199475873494,False
29,employed,49,1.0,x2,0.9644097492746155,0.0012872115936768506,-0.06028090910227504,0.264498779273485,0.0012872115936768506,-0.11846369966051828,0.6690182143869738,False
29,employed,50,30.0,x2,-0.19534275215214914,-0.372855129959625,-0.0011057012130492204,2.5822923451104463,-0.372855129959625,-0.0009417599673829268,2.582287283640309,True
29,onlooker,26,2.0,x1,-0.6526980894166623,-0.00012888760627983688,-0.002442999139293689,0.00707881399346677,-0.1917696167764507,-0.002442999139293689,1.2818859534252138,False
29,onlooker,29,26.0,x2,0.5741496458552662,0.0764620582358492,-0.00046620648278354387,0.3646954024153577,0.0764620582358492,0.0006687683208810467,0.3647054372201315,False
29,onlooker,31,30.0,x2,0.6305314086106268,0.9614824789985473,0.9669517039517543,3.5757328248954754,0.9614824789985473,1.5768131302750632,6.272000780359853,False
29,onlooker,5,35.0,x2,0.43118142657803094,-0.24169738697792562,-0.03830109159510241,1.7305329333810104,-0.24169738697792562,-0.05483391396602654,1.7638644926565843,False
29,onlooker,14,10.0,x1,-0.5722950490880017,-0.01853417148307686,-0.027417789810175057,0.12255282869397677,-0.0021497424046886607,-0.027417789810175057,0.09780295337032685,True
29,onlooker,11,27.0,x1,-0.728747377268343,-3.977448615493859e-05,2.181574388885671e-05,0.00012836493720813635,-0.00024898071978504276,2.181574388885671e-05,0.0007085853242903006,False
29,onlooker,31,6.0,x2,-0.9462207193794876,0.9614824789985473,0.9669517039517543,3.5757328248954754,0.9614824789985473,0.05330480614201816,2.6590659139273645,True
29,onlooker,15,10.0,x2,0.9773241108201647,-0.001201430515458202,0.006096752424606186,0.01860375874217768,-0.001201430515458202,0.09200979320694197,0.4707478425379823,False
29,onlooker,15,11.0,x1,-0.6064603530015709,-0.001201430515458202,0.006096752424606186,0.01860375874217768,-0.0004969321898605417,0.006096752424606186,0.01829746346070893,True
29,onlooker,18,31.0,x2,0.5638905500925648,-0.00023147847802289953,1.116768209294553e-05,0.0006569116494010707,-0.00023147847802289953,-0.030040611425508554,0.10882367111917945,False
29,onlooker,18,32.0,x2,-0.03588020344122511,-0.00023147847802289953,1.116768209294553e-05,0.0006569116494010707,-0.00023147847802289953,-4.040371172348205e-06,0.0006562469761957068,True
29,onlooker,42,28.0,x2,-0.4202166562417997,-0.027927928992422277,0.017456845276352065,0.12182211058143766,-0.027927928992422277,0.010367154337910228,0.10773235621228894,True
29,onlooker,35,42.0,x2,-0.06911868647206987,-0.9529378384381878,4.198478027154194e-05,2.5799417423685402,-0.9529378384381878,0.0007556469376969305,2.5799574244994123,False
29,onlooker,49,44.0,x1,-0.6060906606690171,0.0012872115936768506,-0.06028090910227504,0.264498779273485,0.00038378095140952616,-0.06028090910227504,0.26442457779297657,True
29,onlooker,39,30.0,x2,0.0696225956156693,-0.017334079432135094,0.06370119484762671,0.2989113469764644,-0.017334079432135094,0.06815478845849259,0.3256060825272624,False
29,onlooker,25,43.0,x1,0.22174557780689708,0.0004144749198588325,-0.002655908771907751,0.007795364184915332,0.001099962405494848,-0.002655908771907751,0.008350852139415554,False
29,onlooker,26,3.0,x2,-0.10339426048288525,-0.00012888760627983688,-0.002442999139293689,0.00707881399346677,-0.00012888760627983688,0.20310563984826768,1.378210508543717,False
29,onlooker,44,35.0,x2,-0.8980920438876931,-0.00020337504771784855,-0.00148473700467763,0.0042984851827907455,-0.00020337504771784855,-0.000113600316384761,0.0006603316138691362,True
29,onlooker,44,41.0,x1,0.09336842313905591,-0.00020337504771784855,-0.000113600316384761,0.0006603316138691362,0.013301296286024285,-0.000113600316384761,0.042327795305248106,False
29,onlooker,1,29.0,x2,-0.8908219001471478,-0.0003328268416037082,4.903945123724344e-05,0.0009545538750583837,-0.0003328268416037082,-0.0004099529107502462,0.0015009712822053878,False
29,onlooker,15,32.0,x1,0.8258261677643488,-0.0004969321898605417,0.006096752424606186,0.01829746346070893,-0.0007752680871144799,0.006096752424606186,0.01838856219407292,False
29,onlooker,18,44.0,x1,0.8367220208010326,-0.00023147847802289953,-4.040371172348205e-06,0.0006562469761957068,-0.0002549932370191828,-4.040371172348205e-06,0.0007230521717009886,False
29,onlooker,1,13.0,x2,0.41972459845499754,-0.0003328268416037082,4.903945123724344e-05,0.0009545538750583837,-0.0003328268416037082,-0.000538164656223442,0.0018003990305150985,False
29,onlooker,38,20.0,x1,0.3135092255457099,-0.0004050721408817917,-0.0005505781661917491,0.0019457694940752113,0.0007934888929151669,-0.0005505781661917491,0.002756519928290846,False
29,onlooker,29,38.0,x1,0.4373168554902436,0.0764620582358492,-0.00046620648278354387,0.3646954024153577,0.11007734998275978,-0.00046620648278354387,0.6039938859790159,False
29,onlooker,6,9.0,x2,-0.734545705481368,-0.0003830633755069024,0.0013768871068142586,0.004096720734616088,-0.0003830633755069024,0.0005456868984920351,0.0018975974233410575,True
29,onlooker,45,46.0,x1,0.59482453919394,8.266965595354816e-05,7.100081321265717e-05,0.0003085419510253651,-1.380807450206028,7.100081321265717e-05,5.122978825299786,False
29,onlooker,7,30.0,x1,-0.6255387478202972,-0.002618487655554157,0.004335321264222234,0.015008155198988238,-0.0010306113598198626,0.004335321264222234,0.013132544341310837,True
29,onlooker,18,14.0,x1,0.6578619629749318,-0.00023147847802289953,-4.040371172348205e-06,0.0006562469761957068,0.0010304743942774388,-4.040371172348205e-06,0.002942920390407,False
29,onlooker,8,33.0,x2,0.9677893275523337,-0.002765945249532958,-0.0009888655520280563,0.008537959638179604,-0.002765945249532958,-0.9299976956729236,2.5913299706105133,False
29,onlooker,32,4.0,x1,0.8156990039250498,-0.00015989286110272278,-0.0004126887012802939,0.0012570232013158211,0.0002204409178350686,-0.0004126887012802939,0.0013291768673977522,False
29,onlooker,30,23.0,x1,0.31938495708223713,-8.007368636794333e-05,-0.0002664520273993605,0.0007889969788874573,0.000705422254093535,-0.0002664520273993605,0.0021479652169387187,False
29,onlooker,43,24.0,x2,0.06264296562445848,-0.00267684934651711,-0.021563332648469324,0.07398249844126825,-0.00267684934651711,-0.022918728646326943,0.07938088464905535,False
29,onlooker,22,4.0,x1,0.5741402538547169,-0.21937813706007966,0.038370199229774665,1.5502890515768546,-0.3449724526033179,0.038370199229774665,2.4493255144764565,False
29,onlooker,8,21.0,x1,-0.22635430878454166,-0.002765945249532958,-0.0009888655520280563,0.008537959638179604,-0.0022849783169650146,-0.0009888655520280563,0.007207209265807979,True
29,onlooker,14,21.0,x1,0.23601822076485712,-0.0021497424046886607,-0.027417789810175057,0.09780295337032685,-0.002505808515296893,-0.027417789810175057,0.09793195884670114,False
29,onlooker,15,9.0,x2,0.7387350210145331,-0.0004969321898605417,0.006096752424606186,0.01829746346070893,-0.0004969321898605417,0.010419423000313774,0.032398948976485986,False
29,onlooker,48,23.0,x1,-0.34596057531082836,0.002141819155613028,-0.001273647527862212,0.0072135021076857875,0.0005222757657768473,-0.001273647527862212,0.0039439918337724755,True
29,onlooker,4,2.0,x2,-0.2142360087091959,-0.0006261601693961852,-0.0001678880200407799,0.001844794862446708,-0.0006261601693961852,0.0007434608447633726,0.0027744284578123946,False
29,onlooker,45,36.0,x2,-0.30146116225845,8.266965595354816e-05,7.100081321265717e-05,0.0003085419510253651,8.266965595354816e-05,0.035516442493939884,0.13369777105893066,False
29,onlooker,48,22.0,x1,-0.4464145120507086,0.0005222757657768473,-0.001273647527862212,0.0039439918337724755,-0.09764445972562727,-0.001273647527862212,0.511249612082477,False
29,onlooker,21,11.0,x2,0.7712775404015915,-0.0006411041755962658,-0.003081673116130945,0.00916671490064802,-0.0006411041755962658,-0.005475324370750757,0.016401396085854447,False
29,onlooker,18,34.0,x1,-0.22190560234567291,-0.00023147847802289953,-4.040371172348205e-06,0.0006562469761957068,-0.07980320441545447,-4.040371172348205e-06,0.3867117518225567,False
29,onlooker,44,32.0,x1,-0.0234962194374011,-0.00020337504771784855,-0.000113600316384761,0.0006603316138691362,-0.00020235338071952153,-0.000113600316384761,0.0006577992681227052,True
29,onlooker,8,46.0,x2,0.09363373654354179,-0.0022849783169650146,-0.0009888655520280563,0.007207209265807979,-0.0022849783169650146,0.0899293103978528,0.45621492482537507,False
29,onlooker,14,45.0,x2,-0.8911191452111844,-0.0021497424046886607,-0.027417789810175057,0.09780295337032685,-0.0021497424046886607,-0.0029220022069725744,0.010610790086456934,True
29,onlooker,15,28.0,x2,-0.32037132791341394,-0.0004969321898605417,0.006096752424606186,0.01829746346070893,-0.0004969321898605417,0.004331051311158597,0.01283642554240716,True
29,onlooker,23,13.0,x2,-0.7398338181342057,-0.0025394754930072715,-1.3818235567606568e-05,0.007354548387632054,-0.0025394754930072715,0.0010677300772957165,0.007993852991611039,False
29,onlooker,3,9.0,x2,0.9058930280496236,-0.9894923034384054,1.985565213575624,5.394319116398336,-0.9894923034384054,3.784052678967654,9.38406092791187,False
29,onlooker,27,24.0,x1,-0.23135232138858286,-0.0003268509685627362,-9.058639059168148e-05,0.0009623857254124069,0.00045676995486616144,-9.058639059168148e-05,0.0013228761377992448,False
30,employed,1,36.0,x2,-0.7174810481878133,-0.0003328268416037082,4.903945123724344e-05,0.0009545538750583837,-0.0003328268416037082,0.08442535692325265,0.4178838970526404,False
30,employed,2,15.0,x1,0.31180423932750556,-0.2937420178997153,0.0040860600921144375,2.092891991962578,-0.38517707878600577,0.0040860600921144375,2.6461620203338225,False
30,employed,3,25.0,x2,0.5401850779181774,-0.9894923034384054,1.985565213575624,5.394319116398336,-0.9894923034384054,3.0595725954694917,7.403277289511546,False
30,employed,4,45.0,x2,0.6467451827413122,-0.0006261601693961852,-0.0001678880200407799,0.001844794862446708,-0.0006261601693961852,-0.0003223882221581329,0.0020052133803507566,False
30,employed,5,11.0,x1,-0.817059528946043,-0.24169738697792562,-0.03830109159510241,1.7305329333810104,-0.044248731949174086,-0.03830109159510241,0.25468440766527367,True
30,employed,6,10.0,x2,0.5670613832004612,-0.0003830633755069024,0.0005456868984920351,0.0018975974233410575,-0.0003830633755069024,0.04724621478726252,0.19199781447916964,False
30,employed,7,46.0,x1,0.850897735407715,-0.0010306113598198626,0.004335321264222234,0.013132544341310837,-1.9773440764265906,0.004335321264222234,4.893087197573841,False
30,employed,8,16.0,x1,0.6806827560271167,-0.0022849783169650146,-0.0009888655520280563,0.007207209265807979,-0.003827707553216721,-0.0009888655520280563,0.0115979717776864,False
30,employed,9,28.0,x2,0.6455836966964146,0.00024186221368227828,0.0002453030513639374,0.0009775148429089775,0.00024186221368227828,2.578597287806035e-05,0.0006895419437218386,True
30,employed,10,28.0,x1,-0.7082135604417636,0.010095167709177396,-0.08180964406267384,0.4044392994966377,-0.00010846175943286102,-0.08180964406267384,0.4001440743878182,True
30,employed,11,4.0,x1,0.9144382984186792,-3.977448615493859e-05,2.181574388885671e-05,0.00012836493720813635,0.0004964390402452615,2.181574388885671e-05,0.0014120720405554898,False
30,employed,12,22.0,x1,-0.29895871020536435,-0.0006186025341021581,0.002307934849920353,0.006910264602904892,-0.06601867082111428,0.002307934849920353,0.2989638411713327,False
30,employed,13,19.0,x2,-0.24213117704905596,-0.0008585851399444927,0.0014480618331090195,0.00483702034823752,-0.0008585851399444927,0.0009500227079043165,0.0036654979283246014,True
30,employed,14,48.0,x2,-0.8745908251936483,-0.0021497424046886607,-0.0029220022069725744,0.010610790086456934,-0.0021497424046886607,-0.0014803663279576312,0.007564023221803939,True
30,employed,15,6.0,x2,0.5793030309636984,-0.0004969321898605417,0.004331051311158597,0.01283642554240716,-0.0004969321898605417,0.006523924388718456,0.01964541914740936,False
30,employed,16,28.0,x1,-0.742926484078096,-1.853448157828697e-05,0.9057604989602419,2.6263943002618686,-0.0032085552757477615,0.9057604989602419,2.6266620673217074,False
30,employed,17,2.0,x1,-0.5515313034415452,-0.0006363471933384724,-0.0006740521926756021,0.002644764667838917,-0.16229329980413482,-0.0006740521926756021,1.0299678725331671,False
30,employed,18,13.0,x2,-0.971573940850716,-0.00023147847802289953,-4.040371172348205e-06,0.0006562469761957068,-0.00023147847802289953,0.0009229024543863352,0.002715324488044235,False
30,employed,19,11.0,x1,0.4766378739047994,0.006003136924684151,-0.0006088361313517901,0.018035743169303675,0.008883417371741547,-0.0006088361313517901,0.027294917276716735,False
30,employed,20,43.0,x2,0.7964716595394357,-0.004228120830153002,0.20617872032900075,1.4046869851623822,-0.004228120830153002,0.38756881121088443,2.6581422694704533,False
30,employed,21,20.0,x1,-0.3611725481928847,-0.0006411041755962658,-0.003081673116130945,0.00916671490064802,-0.0019366361211328386,-0.003081673116130945,0.010647290065570747,False
30,employed,22,50.0,x2,0.5386809018431775,-0.21937813706007966,0.038370199229774665,1.5502890515768546,-0.21937813706007966,0.05954680086332172,1.5985459220821885,False
30,employed,23,28.0,x2,-0.49045713462120677,-0.0025394754930072715,-1.3818235567606568e-05,0.007354548387632054,-0.0025394754930072715,0.0002800392211555267,0.00740006568170104,False
30,employed,24,16.0,x1,0.030728697658774395,0.003060281344290594,7.351012144597116e-05,0.008907787592040695,0.0031548893449507686,7.351012144597116e-05,0.00919095970216377,False
30,employed,25,28.0,x1,-0.9726427114526444,0.0004144749198588325,-0.002655908771907751,0.007795364184915332,-0.004183078163077773,-0.002655908771907751,0.014668517084821975,False
30,employed,26,49.0,x1,0.15121249470312703,-0.00012888760627983688,-0.002442999139293689,0.00707881399346677,-0.00020640949784389947,-0.002442999139293689,0.007094515782768429,False
30,employed,27,30.0,x2,-0.5770577324923616,-0.0003268509685627362,-9.058639059168148e-05,0.0009623857254124069,-0.0003268509685627362,-0.00019207101619124592,0.001076106284302103,False
30,employed,28,39.0,x2,0.47452904018368547,-0.0043123924372924375,0.0005853318959726092,0.012813378704980227,-0.0043123924372924375,-0.029364977970840842,0.10723722245595768,False
30,employed,29,5.0,x2,0.1899887445198405,0.0764620582358492,-0.00046620648278354387,0.3646954024153577,0.0764620582358492,0.006721995838758321,0.3666561595720741,False
30,employed,30,34.0,x2,0.6711363491477547,-8.007368636794333e-05,-0.0002664520273993605,0.0007889969788874573,-8.007368636794333e-05,-0.00038066931375204364,0.0011042872913944457,False
30,employed,31,11.0,x1,0.7552695936128118,0.9614824789985473,0.05330480614201816,2.6590659139273645,1.6876910006376133,0.05330480614201816,5.641724836585272,False
30,employed,32,23.0,x2,-0.8069527613887104,-0.00015989286110272278,-0.0004126887012802939,0.0012570232013158211,-0.00015989286110272278,-9.08190775370399e-05,0.0005210067951115782,True
30,employed,33,6.0,x1,-0.6043910926536609,-0.0018656995869814194,0.9589399161286719,2.5811245612257534,-0.0009696074671204518,0.9589399161286719,2.581054247823808,True
30,employed,34,14.0,x1,-0.007188391080400702,-0.35881515142864495,-9.626710670817388e-05,2.5056308430324674,-0.3562513009837297,-9.626710670817388e-05,2.4911571224446516,True
30,employed,35,38.0,x1,-0.6265481959611354,-0.9529378384381878,4.198478027154194e-05,2.5799417423685402,-0.35613015212074095,4.198478027154194e-05,2.4904694193412316,True
30,employed,36,50.0,x2,-0.6769561364593748,-0.01944408635539202,0.1176498007328487,0.6758917570888774,-0.01944408635539202,0.037368515984532474,0.1658027560589166,True
30,employed,37,30.0,x1,0.8578808717426798,-0.004034474087649331,0.0075313765793561666,0.02610868987713788,-0.007426878551120211,0.0075313765793561666,0.03289422883639448,False
30,employed,38,42.0,x2,0.29577840332631977,-0.0004050721408817917,-0.0005505781661917491,0.0019457694940752113,-0.0004050721408817917,-0.0037798076541988948,0.011136889145451523,False
30,employed,39,36.0,x2,-0.7315887465892714,-0.017334079432135094,0.06370119484762671,0.2989113469764644,-0.017334079432135094,0.04443650332383779,0.19446845373124733,True
30,employed,40,1.0,x2,-0.13170243127925452,-0.007941646821986326,0.023785393482212917,0.08758995427771454,-0.007941646821986326,0.020659257946628286,0.07559850125766632,True
30,employed,41,5.0,x2,-0.2844948761743513,-0.1448419035749619,0.0003196383958524421,0.8829636387012632,-0.1448419035749619,-0.010667761400687316,0.8865619896445449,False
30,employed,42,11.0,x1,0.8326934447614853,-0.027927928992422277,0.010367154337910228,0.10773235621228894,-0.05115021243628656,0.010367154337910228,0.21858789692195701,False
30,employed,43,45.0,x1,0.6378856970620168,-0.00267684934651711,-0.021563332648469324,0.07398249844126825,-0.0044371070489639865,-0.021563332648469324,0.07512402526962036,False
30,employed,44,35.0,x2,-0.691856141791946,-0.00020235338071952153,-0.000113600316384761,0.0006577992681227052,-0.00020235338071952153,-5.9578116918042486e-06,0.0005736811029639632,True
30,employed,45,3.0,x2,0.307775715709385,8.266965595354816e-05,7.100081321265717e-05,0.0003085419510253651,8.266965595354816e-05,-0.6110159015565805,3.250054394402263,False
30,employed,46,32.0,x2,-0.26115143049103806,2.321590995007252,-0.9719869193101611,7.391577140166779,2.321590995007252,-0.71817486244575,7.8065314210467545,False
30,employed,47,24.0,x2,-0.021701223524021263,-0.0013464757365986176,-0.9501502141297273,2.580073552483413,-0.0013464757365986176,-0.9295291966919247,2.5916399224424294,False
30,employed,48,12.0,x2,-0.37166677618482824,0.0005222757657768473,-0.001273647527862212,0.0039439918337724755,0.0005222757657768473,5.7507648128625466e-05,0.0014934984984731337,True
30,employed,49,21.0,x1,0.20635805982317956,0.00038378095140952616,-0.06028090910227504,0.26442457779297657,0.0005952742577600744,-0.06028090910227504,0.26443475592479304,False
30,employed,50,47.0,x2,0.07696921903807996,-0.372855129959625,-0.0009417599673829268,2.582287283640309,-0.372855129959625,0.07211807345383585,2.6580491753596935,False
30,onlooker,37,41.0,x2,-0.7729837573828928,-0.004034474087649331,0.0075313765793561666,0.02610868987713788,-0.004034474087649331,0.0019568201010097793,0.01321794219892114,True
30,onlooker,30,24.0,x2,0.1448618844957843,-8.007368636794333e-05,-0.0002664520273993605,0.0007889969788874573,-8.007368636794333e-05,-0.00031569958493833156,0.0009240326857598014,False
30,onlooker,4,46.0,x2,0.9055682991509002,-0.0006261601693961852,-0.0001678880200407799,0.001844794862446708,-0.0006261601693961852,0.879880619227829,2.685187201075984,False
30,onlooker,1,12.0,x2,-0.6396116525821001,-0.0003328268416037082,4.903945123724344e-05,0.0009545538750583837,-0.0003328268416037082,0.0014938552701990488,0.004391231310823418,False
30,onlooker,39,30.0,x1,-0.6453326734065365,-0.017334079432135094,0.04443650332383779,0.19446845373124733,-0.006199505777247436,0.04443650332383779,0.17963781905207243,True
30,onlooker,40,18.0,x1,-0.0782862474137953,-0.007941646821986326,0.020659257946628286,0.07559850125766632,-0.007338046675408793,0.020659257946628286,0.07476208491530345,True
30,onlooker,18,27.0,x1,-0.03971506234254929,-0.00023147847802289953,-4.040371172348205e-06,0.0006562469761957068,-0.00023526620243045332,-4.040371172348205e-06,0.0006670057495665738,False
30,onlooker,13,22.0,x1,0.8166742997086003,-0.0008585851399444927,0.0009500227079043165,0.0036654979283246014,0.17760071689706902,0.0009500227079043165,1.1605949219904592,False
30,onlooker,24,46.0,x1,0.10025409563592924,0.003060281344290594,7.351012144597116e-05,0.008907787592040695,-0.22938191855811524,7.351012144597116e-05,1.5979305455473818,False
30,onlooker,38,15.0,x1,0.5808269800888157,-0.0004050721408817917,-0.0005505781661917491,0.0019457694940752113,-0.00035171734604265366,-0.0005505781661917491,0.0018592652084774564,True
30,onlooker,13,1.0,x2,-0.6785421136446139,-0.0008585851399444927,0.0009500227079043165,0.0036654979283246014,-0.0008585851399444927,0.00033866762456703304,0.002633222566196469,True
30,onlooker,1,48.0,x1,0.9999540408353884,-0.0003328268416037082,4.903945123724344e-05,0.0009545538750583837,-0.0011878901491827712,4.903945123724344e-05,0.003400361005326591,False
30,onlooker,38,6.0,x1,0.7978909206652991,-0.00035171734604265366,-0.0005505781661917491,0.0018592652084774564,-0.00032670663373422266,-0.0005505781661917491,0.0018217119401566784,True
30,onlooker,37,17.0,x2,0.004555823617864219,-0.004034474087649331,0.0019568201010097793,0.01321794219892114,-0.004034474087649331,0.001968805891140936,0.013234025901351476,False
30,onlooker,32,2.0,x1,0.003081824199790306,-0.00015989286110272278,-9.08190775370399e-05,0.0005210067951115782,0.000744875636467137,-9.08190775370399e-05,0.002137422499132402,False
30,onlooker,37,10.0,x2,-0.11241885304133392,-0.004034474087649331,0.0019568201010097793,0.01321794219892114,-0.004034474087649331,-0.007460109723599535,0.025902775482109508,False
30,onlooker,25,38.0,x2,0.928907421586215,0.0004144749198588325,-0.002655908771907751,0.007795364184915332,0.0004144749198588325,-0.004611565996449947,0.013666822385336008,False
30,onlooker,42,31.0,x2,0.1672813496696186,-0.027927928992422277,0.010367154337910228,0.10773235621228894,-0.027927928992422277,0.003184485992474919,0.10040785590353396,True
30,onlooker,28,27.0,x2,-0.8812742394821529,-0.0043123924372924375,0.0005853318959726092,0.012813378704980227,-0.0043123924372924375,-1.0337477971416047e-05,0.012692450585888526,True
30,onlooker,34,37.0,x1,0.024960724534054846,-0.3562513009837297,-9.626710670817388e-05,2.4911571224446516,-0.36504288817614167,-9.626710670817388e-05,2.540172750833595,False
30,onlooker,43,33.0,x1,-0.2746706842859661,-0.00267684934651711,-0.021563332648469324,0.07398249844126825,-0.002207920051261571,-0.021563332648469324,0.07377252468732509,True
30,onlooker,1,4.0,x2,-0.2964034767164274,-0.0003328268416037082,4.903945123724344e-05,0.0009545538750583837,-0.0003328268416037082,-1.5258605444865624e-05,0.0009453211637695524,True
30,onlooker,23,9.0,x2,-0.6213433871547358,-0.0025394754930072715,-1.3818235567606568e-05,0.007354548387632054,-0.0025394754930072715,1.0789577453606309e-05,0.007354504899265368,True
30,onlooker,12,40.0,x2,0.5425756819035428,-0.0006186025341021581,0.002307934849920353,0.006910264602904892,-0.0006186025341021581,-0.007649046793108187,0.02327281021409222,False
30,onlooker,18,9.0,x2,-0.7781832298730615,-0.00023147847802289953,-4.040371172348205e-06,0.0006562469761957068,-0.00023147847802289953,1.9169989576103893e-05,0.0006583979277796637,False
30,onlooker,6,21.0,x1,-0.9089151333577612,-0.0003830633755069024,0.0005456868984920351,0.0018975974233410575,-0.0006176005637318695,0.0005456868984920351,0.0023491023742647776,False
30,onlooker,16,49.0,x2,0.015009231220077357,-1.853448157828697e-05,0.9057604989602419,2.6263943002618686,-1.853448157828697e-05,0.9202600378220214,2.6026466567808098,True
30,onlooker,40,7.0,x1,-0.4638424351805903,-0.007338046675408793,0.020659257946628286,0.07476208491530345,-0.004412390518881969,0.020659257946628286,0.07159237167532995,True
30,onlooker,47,19.0,x2,0.2968122568966447,-0.0013464757365986176,-0.9501502141297273,2.580073552483413,-0.0013464757365986176,-1.2319857335501752,4.171718250315134,False
30,onlooker,49,27.0,x1,-0.38930810154252815,0.00038378095140952616,-0.06028090910227504,0.26442457779297657,0.0001071261877496029,-0.06028090910227504,0.26441790193180426,True
30,onlooker,25,3.0,x1,-0.7752602518146177,0.0004144749198588325,-0.002655908771907751,0.007795364184915332,-0.7670209033431661,-0.002655908771907751,3.0352491821401135,False
30,onlooker,1,45.0,x1,0.3425608577991912,-0.0003328268416037082,-1.5258605444865624e-05,0.0009453211637695524,-0.0004751596782194815,-1.5258605444865624e-05,0.0013506655537196544,False
30,onlooker,14,11.0,x2,0.3661532023155598,-0.0021497424046886607,-0.0014803663279576312,0.007564023221803939,-0.0021497424046886607,-0.002030395104025245,0.008596504234553937,False
30,onlooker,45,15.0,x1,-0.35688178122643643,8.266965595354816e-05,7.100081321265717e-05,0.0003085419510253651,-0.00012417968318271462,7.100081321265717e-05,0.00040513561004873466,False
30,onlooker,42,45.0,x1,0.828073133659557,-0.027927928992422277,0.003184485992474919,0.10040785590353396,-0.051122753190863,0.003184485992474919,0.21325367576066556,False
30,onlooker,14,6.0,x1,-0.12000485600291588,-0.0021497424046886607,-0.0014803663279576312,0.007564023221803939,-0.0019377323421883325,-0.0014803663279576312,0.007055458478156584,True
30,onlooker,14,45.0,x2,-0.9267301163929103,-0.0019377323421883325,-0.0014803663279576312,0.007055458478156584,-0.0019377323421883325,-4.266767665275328e-05,0.005582093032533653,True
30,onlooker,30,46.0,x1,0.953340733612132,-8.007368636794333e-05,-0.0002664520273993605,0.0007889969788874573,-2.213423673520806,-0.0002664520273993605,6.246034611963903,False
30,onlooker,30,48.0,x1,-0.8486810747498654,-8.007368636794333e-05,-0.0002664520273993605,0.0007889969788874573,0.0004311288940532902,-0.0002664520273993605,0.0014403498215327382,False
30,onlooker,17,1.0,x1,0.9623675443816369,-0.0006363471933384724,-0.0006740521926756021,0.002644764667838917,-0.000928445328907308,-0.0006740521926756021,0.0032801802878528186,False
30,onlooker,44,2.0,x2,-0.963734699080468,-0.00020235338071952153,-5.9578116918042486e-06,0.0005736811029639632,-0.00020235338071952153,0.003937661831464791,0.011566001282663496,False
30,onlooker,18,13.0,x1,0.6938645544850044,-0.00023147847802289953,-4.040371172348205e-06,0.0006562469761957068,0.00020364860656590497,-4.040371172348205e-06,0.0005772233819212325,True
30,onlooker,9,40.0,x2,0.10891939998132649,0.00024186221368227828,2.578597287806035e-05,0.0006895419437218386,0.00024186221368227828,-0.002221599414034331,0.006453737011174798,False
30,onlooker,18,8.0,x1,0.9953826119193421,0.00020364860656590497,-4.040371172348205e-06,0.0005772233819212325,0.0026807845738029087,-4.040371172348205e-06,0.007773769211749215,False
30,onlooker,29,22.0,x1,-0.2577448868945367,0.0764620582358492,-0.00046620648278354387,0.3646954024153577,0.00021076056044237734,-0.00046620648278354387,0.0014540875851243307,True
30,onlooker,44,41.0,x2,0.6223715767364475,-0.00020235338071952153,-5.9578116918042486e-06,0.0005736811029639632,-0.00020235338071952153,-0.00020859963676052448,0.0008242500184860724,False
30,onlooker,29,45.0,x2,-0.40144325575585915,0.00021076056044237734,-0.00046620648278354387,0.0014540875851243307,0.00021076056044237734,-0.0002505482368630274,0.0009288973163212866,True
30,onlooker,35,20.0,x2,0.19999761711938424,-0.35613015212074095,4.198478027154194e-05,2.4904694193412316,-0.35613015212074095,-0.04118487113024297,2.5168312522489704,False
30,onlooker,50,49.0,x1,0.02523803293489646,-0.372855129959625,-0.0009417599673829268,2.582287283640309,-0.3822679636637457,-0.0009417599673829268,2.6312079839284377,False
30,onlooker,27,45.0,x1,0.9712714250277099,-0.0003268509685627362,-9.058639059168148e-05,0.0009623857254124069,-0.0007246066491149054,-9.058639059168148e-05,0.0020796502428486185,False
31,employed,1,40.0,x2,-0.8696310840827386,-0.0003328268416037082,-1.5258605444865624e-05,0.0009453211637695524,-0.0003328268416037082,0.017963943636621033,0.059391550551616934,False
31,employed,2,17.0,x1,0.7931246798406157,-0.2937420178997153,0.0040860600921144375,2.092891991962578,-0.5262113591381794,0.0040860600921144375,3.146020326552027,False
31,employed,3,39.0,x1,0.4844661420488543,-0.9894923034384054,1.985565213575624,5.394319116398336,-1.4658643716257314,1.985565213575624,7.601449480617383,False
31,employed,4,34.0,x1,-0.169472300735233,-0.0006261601693961852,-0.0001678880200407799,0.001844794862446708,-0.0608947709824925,-0.0001678880200407799,0.26801945450963105,False
31,employed,5,21.0,x1,0.6178649751816021,-0.044248731949174086,-0.03830109159510241,0.25468440766527367,-0.07119235780122429,-0.03830109159510241,0.39485869163469234,False
31,employed,6,16.0,x1,0.3696637454019469,-0.0003830633755069024,0.0005456868984920351,0.0018975974233410575,-0.0005178164917437834,0.0005456868984920351,0.0021428061890955696,False
31,employed,7,37.0,x1,0.6891119787230575,-0.0010306113598198626,0.004335321264222234,0.013132544341310837,0.0010393864283671436,0.004335321264222234,0.013138791313420217,False
31,employed,8,17.0,x2,0.4837785336764042,-0.0022849783169650146,-0.0009888655520280563,0.007207209265807979,-0.0022849783169650146,-0.0011411654973973295,0.007397761390681712,False
31,employed,9,6.0,x1,-0.7238765420961906,0.00024186221368227828,2.578597287806035e-05,0.0006895419437218386,-0.00021050676088741032,2.578597287806035e-05,0.0006010510912486389,True
31,employed,10,22.0,x2,-0.8895484472895054,-0.00010846175943286102,-0.08180964406267384,0.4001440743878182,-0.00010846175943286102,0.02509614893361982,0.08766756843651224,True
31,employed,11,48.0,x1,0.803791621018721,-3.977448615493859e-05,2.181574388885671e-05,0.00012836493720813635,-0.0004915457692491693,2.181574388885671e-05,0.0013981165232874737,False
31,employed,12,3.0,x2,0.6766234437845575,-0.0006186025341021581,0.002307934849920353,0.006910264602904892,-0.0006186025341021581,-1.3396104349922553,4.907463424987679,False
31,employed,13,26.0,x1,0.40392577674709984,-0.0008585851399444927,0.00033866762456703304,0.002633222566196469,-0.0011533287830204318,0.00033866762456703304,0.003438312793726528,False
31,employed,14,45.0,x2,0.1539489741553972,-0.0019377323421883325,-4.266767665275328e-05,0.005582093032533653,-0.0019377323421883325,-6.0166824061326385e-05,0.005583453812800787,False
31,employed,15,6.0,x1,-0.9948427790268275,-0.0004969321898605417,0.004331051311158597,0.01283642554240716,-0.00038365062214447724,0.004331051311158597,0.012801366990132568,True
31,employed,16,26.0,x2,0.8984642642487202,-1.853448157828697e-05,0.9202600378220214,2.6026466567808098,-1.853448157828697e-05,1.749275743045529,5.456506598277183,False
31,employed,17,30.0,x2,-0.2541217238235416,-0.0006363471933384724,-0.0006740521926756021,0.002644764667838917,-0.0006363471933384724,-0.0005704721360448432,0.0024366804558622057,True
31,employed,18,2.0,x1,0.8299588345564006,0.00020364860656590497,-4.040371172348205e-06,0.0005772233819212325,0.24416645140302348,-4.040371172348205e-06,1.7178929911640464,False
31,employed,19,17.0,x1,0.4095548026301923,0.006003136924684151,-0.0006088361313517901,0.018035743169303675,0.008722369532207203,-0.0006088361313517901,0.026765086323646603,False
31,employed,20,36.0,x2,-0.4922336772625042,-0.004228120830153002,0.20617872032900075,1.4046869851623822,-0.004228120830153002,0.12308465268508836,0.7060968705752981,True
31,employed,21,4.0,x1,-0.22999924265631289,-0.0006411041755962658,-0.003081673116130945,0.00916671490064802,-0.0006376670654879961,-0.003081673116130945,0.009164622894008989,True
31,employed,22,16.0,x2,0.40051279774465165,-0.21937813706007966,0.038370199229774665,1.5502890515768546,-0.21937813706007966,-0.31483796732738534,2.872133259209353,False
31,employed,23,42.0,x2,-0.5551091652166507,-0.0025394754930072715,1.0789577453606309e-05,0.007354504899265368,-0.0025394754930072715,0.0017725375450471641,0.009014743747642218,False
31,employed,24,27.0,x1,-0.9187833052236767,0.003060281344290594,7.351012144597116e-05,0.008907787592040695,-5.175927734270497e-05,7.351012144597116e-05,0.00025450263891046987,True
31,employed,25,11.0,x1,0.5235232106441661,0.0004144749198588325,-0.002655908771907751,0.007795364184915332,0.0006522850273283673,-0.002655908771907751,0.007934434561033488,False
31,employed,26,40.0,x1,0.5528089269036065,-0.00012888760627983688,-0.002442999139293689,0.00707881399346677,0.002239071042224221,-0.002442999139293689,0.00966542158385808,False
31,employed,27,7.0,x1,0.10206945493683461,-0.0003268509685627362,-9.058639059168148e-05,0.0009623857254124069,-0.00025501852902098785,-9.058639059168148e-05,0.0007674061826077327,True
31,employed,28,21.0,x2,0.982972593590181,-0.0043123924372924375,-1.0337477971416047e-05,0.012692450585888526,-0.0043123924372924375,0.00300870128005621,0.01560863865301032,False
31,employed,29,34.0,x2,0.8704041827914581,0.00021076056044237734,-0.0002505482368630274,0.0009288973163212866,0.00021076056044237734,-0.0003848351778756053,0.0012461522319680007,False
31,employed,30,8.0,x1,-0.09825345379954187,-8.007368636794333e-05,-0.0002664520273993605,0.0007889969788874573,-0.0002967131816227086,-0.0002664520273993605,0.001132190149597978,False
31,employed,31,39.0,x2,-0.26428454393919476,0.9614824789985473,0.05330480614201816,2.6590659139273645,0.9614824789985473,0.05096105077620068,2.6525729421232254,True
31,employed,32,31.0,x1,0.023404344747321337,-0.00015989286110272278,-9.08190775370399e-05,0.0005210067951115782,-0.022666502455737755,-9.08190775370399e-05,0.07773420629655847,False
31,employed,33,50.0,x2,-0.6522549198690171,-0.0009696074671204518,0.9589399161286719,2.581054247823808,-0.0009696074671204518,0.33285237040290194,2.352223527716746,True
31,employed,34,47.0,x2,-0.19685809239340646,-0.3562513009837297,-9.626710670817388e-05,2.4911571224446516,-0.3562513009837297,-0.18712207478848616,2.9351889057363114,False
31,employed,35,23.0,x1,0.057203767379957915,-0.35613015212074095,4.198478027154194e-05,2.4904694193412316,-0.3763568709342757,4.198478027154194e-05,2.600703267129447,False
31,employed,36,14.0,x1,0.927314885221586,-0.01944408635539202,0.037368515984532474,0.1658027560589166,-0.035677989017794454,0.037368515984532474,0.21597167851642185,False
31,employed,37,46.0,x1,0.9458102004227253,-0.004034474087649331,0.0019568201010097793,0.01321794219892114,-2.203634765120493,0.0019568201010097793,6.170130873132813,False
31,employed,38,50.0,x1,0.3396001903619441,-0.00032670663373422266,-0.0005505781661917491,0.0018217119401566784,0.1261840168429732,-0.0005505781661917491,0.7302439666137173,False
31,employed,39,23.0,x2,0.7014678029926096,-0.006199505777247436,0.04443650332383779,0.17963781905207243,-0.006199505777247436,0.07559971114189248,0.36075692281865246,False
31,employed,40,2.0,x2,0.6688080894270068,-0.004412390518881969,0.020659257946628286,0.07159237167532995,-0.004412390518881969,0.03174354673940146,0.11777059271344514,False
31,employed,41,25.0,x2,0.34644005416683554,-0.1448419035749619,0.0003196383958524421,0.8829636387012632,-0.1448419035749619,0.0013504871178272575,0.8830181828758303,False
31,employed,42,19.0,x2,-0.26275369226636824,-0.027927928992422277,0.003184485992474919,0.10040785590353396,-0.027927928992422277,0.0021877765984837493,0.09999652864606334,True
31,employed,43,2.0,x1,-0.15242113914197342,-0.002207920051261571,-0.021563332648469324,0.07377252468732509,-0.04664387934405043,-0.021563332648469324,0.2143217483275568,False
31,employed,44,21.0,x2,-0.5504177962638575,-0.00020235338071952153,-5.9578116918042486e-06,0.0005736811029639632,-0.00020235338071952153,-0.0016988862514962157,0.004917085268456578,False
31,employed,45,13.0,x1,0.16827916088502337,8.266965595354816e-05,7.100081321265717e-05,0.0003085419510253651,0.0002410632231862744,7.100081321265717e-05,0.000712470468123616,False
31,employed,46,16.0,x1,0.6605038180345795,2.321590995007252,-0.9719869193101611,7.391577140166779,3.8550229532200886,-0.9719869193101611,9.096877154251283,False
31,employed,47,6.0,x1,0.15528989315008723,-0.0013464757365986176,-0.9501502141297273,2.580073552483413,-0.0014960839392120233,-0.9501502141297273,2.580085240611439,False
31,employed,48,8.0,x2,0.056481253841317525,0.0005222757657768473,5.7507648128625466e-05,0.0014934984984731337,0.0005222757657768473,0.00011660811845942676,0.00152121577928499,False
31,employed,49,28.0,x2,0.2845953730514583,0.0001071261877496029,-0.06028090910227504,0.26441790193180426,0.0001071261877496029,-0.07743363491771837,0.371046826021765,False
31,employed,50,21.0,x1,0.018949370258508846,-0.372855129959625,-0.0009417599673829268,2.582287283640309,-0.3799084164806888,-0.0009417599673829268,2.6191294763947757,False
31,onlooker,9,24.0,x2,-0.2539392218114189,-0.00021050676088741032,2.578597287806035e-05,0.0006010510912486389,-0.00021050676088741032,3.790500602700817e-05,0.0006061968281838581,False
31,onlooker,31,22.0,x1,0.5586833019604405,0.9614824789985473,0.05096105077620068,2.6525729421232254,1.621209587133221,0.05096105077620068,5.698552398816542,False
31,onlooker,21,12.0,x1,-0.4526225620828308,-0.0006376670654879961,-0.003081673116130945,0.009164622894008989,-0.0006290380284472295,-0.003081673116130945,0.009159418462836744,True
31,onlooker,4,28.0,x1,0.6617617678006436,-0.0006261601693961852,-0.0001678880200407799,0.001844794862446708,0.001813247412730614,-0.0001678880200407799,0.0052388734866757325,False
31,onlooker,38,22.0,x1,-0.6077592897109756,-0.00032670663373422266,-0.0005505781661917491,0.0018217119401566784,-0.13345724839982312,-0.0005505781661917491,0.7890803680991039,False
31,onlooker,42,3.0,x1,-0.20155454959501196,-0.027927928992422277,0.0021877765984837493,0.09999652864606334,-0.22173560339049184,0.0021877765984837493,1.5348512777665495,False
31,onlooker,42,20.0,x2,-0.7642490584860802,-0.027927928992422277,0.0021877765984837493,0.09999652864606334,-0.027927928992422277,0.09458310032157963,0.5194033026676164,False
31,onlooker,13,31.0,x2,-0.6959281846108583,-0.0008585851399444927,0.00033866762456703304,0.002633222566196469,-0.0008585851399444927,0.035568210831958734,0.1339883994214941,False
31,onlooker,30,22.0,x2,-0.33122099835895624,-8.007368636794333e-05,-0.0002664520273993605,0.0007889969788874573,-8.007368636794333e-05,0.012530818175248641,0.039619207230015,False
31,onlooker,12,42.0,x1,-0.20665210507319687,-0.0006186025341021581,0.002307934849920353,0.006910264602904892,-0.006262132334845162,0.002307934849920353,0.020062276049959582,False
31,onlooker,37,22.0,x1,-0.8162656262264412,-0.004034474087649331,0.0019568201010097793,0.01321794219892114,-0.17981210399773587,0.0019568201010097793,1.179594951596354,False
31,onlooker,21,26.0,x2,-0.0843156130132463,-0.0006290380284472295,-0.003081673116130945,0.009159418462836744,-0.0006290380284472295,-0.003027822928258304,0.00900147814161345,True
31,onlooker,40,46.0,x2,0.5735573504220679,-0.004412390518881969,0.020659257946628286,0.07159237167532995,-0.004412390518881969,0.5899987692806268,3.238634669305427,False
31,onlooker,27,28.0,x1,0.28923206024731796,-0.00025501852902098785,-9.058639059168148e-05,0.0007674061826077327,0.0009185040856620761,-9.058639059168148e-05,0.0026332092194860657,False
31,onlooker,14,41.0,x2,0.7136963552073219,-0.0019377323421883325,-4.266767665275328e-05,0.005582093032533653,-0.0019377323421883325,-0.0003012442000691909,0.0056489676009090495,False
31,onlooker,13,46.0,x1,0.6974654479833349,-0.0008585851399444927,0.00033866762456703304,0.002633222566196469,-1.6206869219760172,0.00033866762456703304,5.668065476141461,False
31,onlooker,20,46.0,x1,-0.7591220123769837,-0.004228120830153002,0.12308465268508836,0.7060968705752981,1.761352366809195,0.12308465268508836,5.6555613699874385,False
31,onlooker,2,19.0,x1,0.13087139765469002,-0.2937420178997153,0.0040860600921144375,2.092891991962578,-0.33297008525180594,0.0040860600921144375,2.353217167130055,False
31,onlooker,17,48.0,x2,-0.49057954188970987,-0.0006363471933384724,-0.0005704721360448432,0.0024366804558622057,-0.0006363471933384724,-0.0002623981012090241,0.0019594916999818857,True
31,onlooker,14,33.0,x1,-0.9922722353165836,-0.0019377323421883325,-4.266767665275328e-05,0.005582093032533653,-0.0009770889083391384,-4.266767665275328e-05,0.00279172896538471,True
31,onlooker,36,19.0,x1,0.955495735286592,-0.01944408635539202,0.037368515984532474,0.1658027560589166,-0.04375879967439049,0.037368515984532474,0.24901722732758858,False
31,onlooker,33,3.0,x1,-0.8147443825160527,-0.0009696074671204518,0.33285237040290194,2.352223527716746,-0.8063629209993488,0.33285237040290194,4.112090535500602,False
31,onlooker,6,48.0,x2,0.3681030824351754,-0.0003830633755069024,0.0005456868984920351,0.0018975974233410575,-0.0003830633755069024,0.0007253871853316994,0.002338132776025237,False
31,onlooker,21,10.0,x1,0.7472794928716064,-0.0006290380284472295,-0.003027822928258304,0.00900147814161345,-0.0010180539987572799,-0.003027822928258304,0.009306806099406817,False
31,onlooker,10,36.0,x2,0.526648723090692,-0.00010846175943286102,0.02509614893361982,0.08766756843651224,-0.00010846175943286102,0.01863292249695639,0.06192158225401245,True
31,onlooker,14,26.0,x1,-0.5540214353632122,-0.0009770889083391384,-4.266767665275328e-05,0.00279172896538471,-0.0005071672054952986,-4.266767665275328e-05,0.0014464507746478894,True
31,onlooker,18,49.0,x2,0.3862760693088605,0.00020364860656590497,-4.040371172348205e-06,0.0005772233819212325,0.00020364860656590497,0.023279471552524165,0.08021425835537288,False
31,onlooker,42,27.0,x2,-0.5219205156972877,-0.027927928992422277,0.0021877765984837493,0.09999652864606334,-0.027927928992422277,0.0009986522122798866,0.09970489726085718,True
31,onlooker,35,25.0,x1,-0.6463022637858826,-0.35613015212074095,4.198478027154194e-05,2.4904694193412316,-0.12569455252370806,4.198478027154194e-05,0.7263110641054351,True
31,onlooker,20,33.0,x2,0.47066371336447643,-0.004228120830153002,0.12308465268508836,0.7060968705752981,-0.004228120830153002,0.024354599720030942,0.08610608079945736,True
31,onlooker,12,44.0,x2,-0.24089778585064403,-0.0006186025341021581,0.002307934849920353,0.006910264602904892,-0.0006186025341021581,0.0017505232310419307,0.005343071715316672,True
31,onlooker,13,10.0,x2,0.6083426688059472,-0.0008585851399444927,0.00033866762456703304,0.002633222566196469,-0.0008585851399444927,-0.01079050820831851,0.0337337327662266,False
31,onlooker,17,25.0,x2,-0.5543603528722487,-0.0006363471933384724,-0.0002623981012090241,0.0019594916999818857,-0.0006363471933384724,-0.0015892655212210631,0.004920106018179826,False
31,onlooker,32,40.0,x2,-0.32114950209331683,-0.00015989286110272278,-9.08190775370399e-05,0.0005210067951115782,-0.00015989286110272278,0.006573057827171627,0.01974766710693432,False
31,onlooker,47,2.0,x2,-0.7341137934519193,-0.0013464757365986176,-0.9501502141297273,2.580073552483413,-0.0013464757365986176,-0.24963220301130518,1.7614424892044203,True
31,onlooker,28,36.0,x2,-0.49863402098188203,-0.0043123924372924375,-1.0337477971416047e-05,0.012692450585888526,-0.0043123924372924375,0.018628030523729446,0.06378855194146427,False
31,onlooker,26,16.0,x2,0.10817849124318046,-0.00012888760627983688,-0.002442999139293689,0.00707881399346677,-0.00012888760627983688,-0.10225962154326933,0.5451054628044294,False
31,onlooker,31,49.0,x1,-0.0886062799576326,0.9614824789985473,0.05096105077620068,2.6525729421232254,0.876298585343026,0.05096105077620068,2.7574574558080127,False
31,onlooker,30,29.0,x2,-0.36489021222485407,-8.007368636794333e-05,-0.0002664520273993605,0.0007889969788874573,-8.007368636794333e-05,-0.0002606488898953783,0.0007732107157996104,True
31,onlooker,12,50.0,x2,-0.5862952765969693,-0.0006186025341021581,0.0017505232310419307,0.005343071715316672,-0.0006186025341021581,0.00017205030854405574,0.0018270626423668723,True
31,onlooker,39,8.0,x1,0.6087025387225016,-0.006199505777247436,0.04443650332383779,0.17963781905207243,-0.008582288580220292,0.04443650332383779,0.18166215096845706,False
31,onlooker,10,49.0,x1,0.37197531314903465,-0.00010846175943286102,0.01863292249695639,0.06192158225401245,-0.00018865515359721557,0.01863292249695639,0.061924022906211906,False
31,onlooker,6,35.0,x1,0.2072415255631037,-0.0003830633755069024,0.0005456868984920351,0.0018975974233410575,0.025586680806150622,0.0005456868984920351,0.08973339065418573,False
31,onlooker,17,13.0,x1,0.43752156349630433,-0.0006363471933384724,-0.0002623981012090241,0.0019594916999818857,-0.0005391132994711982,-0.0002623981012090241,0.0017054404805247891,True
31,onlooker,37,17.0,x1,0.7524542216790073,-0.004034474087649331,0.0019568201010097793,0.01321794219892114,-0.0066645730690052295,0.0019568201010097793,0.020930226306458355,False
31,onlooker,13,4.0,x2,0.1997356896551572,-0.0008585851399444927,0.00033866762456703304,0.002633222566196469,-0.0008585851399444927,0.00043984486559148727,0.002753343966944488,False
31,onlooker,7,15.0,x1,0.014372786096875867,-0.0010306113598198626,0.004335321264222234,0.013132544341310837,-0.0010399099881155478,0.004335321264222234,0.013139165626285365,False
31,onlooker,14,11.0,x1,0.4063708298113089,-0.0005071672054952986,-4.266767665275328e-05,0.0014464507746478894,-0.000697101972701405,-4.266767665275328e-05,0.001988380507580434,False
31,onlooker,26,43.0,x2,0.16247918931095517,-0.00012888760627983688,-0.002442999139293689,0.00707881399346677,-0.00012888760627983688,0.0006636571486322591,0.0019243479801578367,True
31,onlooker,23,13.0,x1,0.5841317501825947,-0.0025394754930072715,1.0789577453606309e-05,0.007354504899265368,-0.003521336916806872,1.0789577453606309e-05,0.010290047972308702,False
32,employed,1,11.0,x1,-0.5155431780536794,-0.0003328268416037082,-1.5258605444865624e-05,0.0009453211637695524,-0.00018174569893953302,-1.5258605444865624e-05,0.000516748733919048,True
32,employed,2,43.0,x2,0.48238505145842225,-0.2937420178997153,0.0040860600921144375,2.092891991962578,-0.2937420178997153,0.016458943729158217,2.0976680294644834,False
32,employed,3,32.0,x2,-0.9221589384268531,-0.9894923034384054,1.985565213575624,5.394319116398336,-0.9894923034384054,0.15447475442330827,3.175096672123335,True
32,employed,4,8.0,x2,-8.507962478065956e-05,-0.0006261601693961852,-0.0001678880200407799,0.001844794862446708,-0.0006261601693961852,-0.00016795786850115472,0.0018448466606177938,False
32,employed,5,38.0,x1,-0.07179827161635344,-0.044248731949174086,-0.03830109159510241,0.25468440766527367,-0.04109520644563578,-0.03830109159510241,0.241193903832706,True
32,employed,6,1.0,x1,-0.6314600026663566,-0.0003830633755069024,0.0005456868984920351,0.0018975974233410575,-0.0002559393149248866,0.0005456868984920351,0.0017144412300003076,True
32,employed,7,30.0,x2,0.3884341193759826,-0.0010306113598198626,0.004335321264222234,0.013132544341310837,-0.0010306113598198626,0.006120552883715208,0.018580739938994117,False
32,employed,8,2.0,x2,-0.9133364930789993,-0.0022849783169650146,-0.0009888655520280563,0.007207209265807979,-0.0022849783169650146,0.0036462492384297307,0.012663865047440215,False
32,employed,9,14.0,x2,-0.8329966092268701,-0.00021050676088741032,2.578597287806035e-05,0.0006010510912486389,-0.00021050676088741032,-3.1235685070311936e-05,0.0006031279830023273,False
32,employed,10,28.0,x1,-0.752596036086639,-0.00010846175943286102,0.01863292249695639,0.06192158225401245,-0.003272323323572996,0.01863292249695639,0.06301107087791324,False
32,employed,11,33.0,x1,0.554450638615174,-3.977448615493859e-05,2.181574388885671e-05,0.00012836493720813635,0.0004757720039468412,2.181574388885671e-05,0.001353140604870351,False
32,employed,12,49.0,x1,0.8968139232754286,-0.0006186025341021581,0.00017205030854405574,0.0018270626423668723,-0.0012694461563796983,0.00017205030854405574,0.003667062024832024,False
32,employed,13,15.0,x1,-0.9411807947536543,-0.0008585851399444927,0.00033866762456703304,0.002633222566196469,-0.00041158589302553054,0.00033866762456703304,0.0015151424851365114,True
32,employed,14,18.0,x1,0.4169602374253065,-0.0005071672054952986,-4.266767665275328e-05,0.0014464507746478894,-0.0008035491352580001,-4.266767665275328e-05,0.0022932240667690174,False
32,employed,15,3.0,x1,-0.28057468465714264,-0.00038365062214447724,0.004331051311158597,0.012801366990132568,-0.27790249897771807,0.004331051311158597,1.978406904952028,False
32,employed,16,15.0,x2,-0.5613087283620466,-1.853448157828697e-05,0.9202600378220214,2.6026466567808098,-1.853448157828697e-05,0.4061411031336709,2.746530612383854,False
32,employed,17,36.0,x1,0.31819401004874814,-0.0005391132994711982,-0.0002623981012090241,0.0017054404805247891,0.005476335887055785,-0.0002623981012090241,0.016307414878337756,False
32,employed,18,28.0,x1,0.8215492793631951,0.00020364860656590497,-4.040371172348205e-06,0.0005772233819212325,0.003913798871722337,-4.040371172348205e-06,0.011477738584464436,False
32,employed,19,6.0,x1,-0.7006215510437384,0.006003136924684151,-0.0006088361313517901,0.018035743169303675,0.0016178932215882577,-0.0006088361313517901,0.00496895507591022,True
32,employed,20,19.0,x2,0.3117641037258012,-0.004228120830153002,0.024354599720030942,0.08610608079945736,-0.004228120830153002,0.032137302924153816,0.11942089869604589,False
32,employed,21,30.0,x1,-0.8519146250641361,-0.0006290380284472295,-0.003027822928258304,0.00900147814161345,-0.00016136727679117428,-0.003027822928258304,0.00882092639496479,True
32,employed,22,48.0,x2,-0.389870367077217,-0.21937813706007966,0.038370199229774665,1.5502890515768546,-0.21937813706007966,0.02343321609912212,1.5283241949696635,True
32,employed,23,18.0,x1,0.24725959808684705,-0.0025394754930072715,1.0789577453606309e-05,0.007354504899265368,-0.0032177392553700795,1.0789577453606309e-05,0.009376877917386839,False
32,employed,24,48.0,x2,0.32537647820654403,-5.175927734270497e-05,7.351012144597116e-05,0.00025450263891046987,-5.175927734270497e-05,7.87169498565633e-05,0.00026670030797548705,False
32,employed,25,48.0,x2,-0.6248177623590421,0.0004144749198588325,-0.002655908771907751,0.007795364184915332,0.0004144749198588325,-0.0009605179959923397,0.0029880389100651605,True
32,employed,26,32.0,x1,0.6577577837525697,-0.00012888760627983688,0.0006636571486322591,0.0019243479801578367,-0.00010849365858285178,0.0006636571486322591,0.0019140651392643981,True
32,employed,27,25.0,x1,-0.2756526483413191,-0.00025501852902098785,-9.058639059168148e-05,0.0007674061826077327,-7.047088679010182e-05,-9.058639059168148e-05,0.0003249679403833916,True
32,employed,28,50.0,x2,-0.718025319206679,-0.0043123924372924375,-1.0337477971416047e-05,0.012692450585888526,-0.0043123924372924375,-0.0006791224082473956,0.012855014407158638,False
32,employed,29,21.0,x2,0.7467475051213204,0.00021076056044237734,-0.0002505482368630274,0.0009288973163212866,0.00021076056044237734,0.0018233747099729804,0.0052813320555498144,False
32,employed,30,46.0,x2,0.9607642031195482,-8.007368636794333e-05,-0.0002606488898953783,0.0007732107157996104,-8.007368636794333e-05,0.9333391669607618,2.5880577191929217,False
32,employed,31,45.0,x2,-0.8980859492251749,0.9614824789985473,0.05096105077620068,2.6525729421232254,0.9614824789985473,0.0052574119490740034,2.582783813221081,True
32,employed,32,47.0,x2,-0.14366561718642945,-0.00015989286110272278,-9.08190775370399e-05,0.0005210067951115782,-0.00015989286110272278,-0.035941336013937585,0.13569238606222855,False
32,employed,33,32.0,x2,-0.2114482616657618,-0.0009696074671204518,0.33285237040290194,2.352223527716746,-0.0009696074671204518,0.2624521117538088,1.861488048063649,True
32,employed,34,41.0,x2,0.15183855264553214,-0.3562513009837297,-9.626710670817388e-05,2.4911571224446516,-0.3562513009837297,-0.00015941759625429048,2.4911573761861665,False
32,employed,35,43.0,x1,-0.6124570569584655,-0.12569455252370806,4.198478027154194e-05,0.7263110641054351,-0.0500642930259218,4.198478027154194e-05,0.206982601562697,True
32,employed,36,10.0,x1,-0.11924639683042604,-0.01944408635539202,0.037368515984532474,0.1658027560589166,-0.01713838279185813,0.037368515984532474,0.16073354021528674,True
32,employed,37,1.0,x1,0.3857059097925162,-0.004034474087649331,0.0019568201010097793,0.01321794219892114,-0.005520494196000099,0.0019568201010097793,0.01747947997535748,False
32,employed,38,15.0,x2,0.11459869242889975,-0.00032670663373422266,-0.0005505781661917491,0.0018217119401566784,-0.00032670663373422266,-0.001110006521218472,0.003308389014215596,False
32,employed,39,4.0,x2,-0.6587112812346121,-0.006199505777247436,0.04443650332383779,0.17963781905207243,-0.006199505777247436,0.015055087553021498,0.05309623053125323,True
32,employed,40,31.0,x1,-0.38867474577791383,-0.004412390518881969,0.020659257946628286,0.07159237167532995,0.3710065523389961,0.020659257946628286,2.5788808442635553,False
32,employed,41,11.0,x1,-0.5423069983844642,-0.1448419035749619,0.0003196383958524421,0.8829636387012632,-0.06631469558913129,0.0003196383958524421,0.300526529089979,True
32,employed,42,11.0,x1,0.2457018988610964,-0.027927928992422277,0.0009986522122798866,0.09970489726085718,-0.0347801015103438,0.0009986522122798866,0.1303309367956058,False
32,employed,43,9.0,x2,-0.2745872816402193,-0.002207920051261571,-0.021563332648469324,0.07377252468732509,-0.002207920051261571,-0.015635235253225306,0.05128783263663239,True
32,employed,44,34.0,x1,0.027342114695301234,-0.00020235338071952153,-5.9578116918042486e-06,0.0005736811029639632,0.009532777781783283,-5.9578116918042486e-06,0.02938078274122846,False
32,employed,45,30.0,x2,-0.49818604107250297,8.266965595354816e-05,7.100081321265717e-05,0.0003085419510253651,8.266965595354816e-05,-9.422243940160601e-05,0.0003549562861739908,False
32,employed,46,47.0,x2,-0.1722415033673288,2.321590995007252,-0.9719869193101611,7.391577140166779,2.321590995007252,-0.8475674570103658,7.5449281246636914,False
32,employed,47,15.0,x2,0.8086523681169446,-0.0013464757365986176,-0.24963220301130518,1.7614424892044203,-0.0013464757365986176,-0.4550001900338514,2.9446578257207467,False
32,employed,48,33.0,x2,0.2278917262769009,0.0005222757657768473,5.7507648128625466e-05,0.0014934984984731337,0.0005222757657768473,-0.05974005164725882,0.2612720872169665,False
32,employed,49,44.0,x1,-0.8829194274572312,0.0001071261877496029,-0.06028090910227504,0.26441790193180426,-0.00016611933565286737,-0.06028090910227504,0.2644186942987514,False
32,employed,50,42.0,x2,0.35572872861020177,-0.372855129959625,-0.0009417599673829268,2.582287283640309,-0.372855129959625,-0.00163202032503413,2.5823140724226445,False
32,onlooker,18,13.0,x1,-0.7903882002368847,0.00020364860656590497,-4.040371172348205e-06,0.0005772233819212325,-0.0002826254822898101,-4.040371172348205e-06,0.0008015946936770213,False
32,onlooker,46,7.0,x2,-0.48112292853823146,2.321590995007252,-0.9719869193101611,7.391577140166779,2.321590995007252,-0.5022559037280061,7.936604697393079,False
32,onlooker,34,36.0,x2,-0.6784625907948121,-0.3562513009837297,-9.626710670817388e-05,2.4911571224446516,-0.3562513009837297,0.025322186692940625,2.501190129595092,False
32,onlooker,40,26.0,x2,0.6969133562302179,-0.004412390518881969,0.020659257946628286,0.07159237167532995,-0.004412390518881969,0.03459445920859932,0.13070782280267723,False
32,onlooker,6,3.0,x1,0.27398076298869944,-0.0002559393149248866,0.0005456868984920351,0.0017144412300003076,0.27077579450379324,0.0005456868984920351,1.9248454791364868,False
32,onlooker,8,27.0,x1,-0.9717824814309826,-0.0022849783169650146,-0.0009888655520280563,0.007207209265807979,-0.00013295879132228967,-0.0009888655520280563,0.00284861214677834,True
32,onlooker,38,46.0,x2,0.677765523928576,-0.00032670663373422266,-0.0005505781661917491,0.0018217119401566784,-0.00032670663373422266,0.6578554825525096,3.2409421475523748,False
32,onlooker,48,45.0,x1,-0.11196396341926951,0.0005222757657768473,5.7507648128625466e-05,0.0014934984984731337,0.0004730557233777041,5.7507648128625466e-05,0.001353901132322921,True
32,onlooker,19,45.0,x1,0.853877590714454,0.0016178932215882577,-0.0006088361313517901,0.00496895507591022,0.002928786221020477,-0.0006088361313517901,0.00869922139299506,False
32,onlooker,48,38.0,x2,-0.5960223401172393,0.0004730557233777041,5.7507648128625466e-05,0.001353901132322921,0.0004730557233777041,-0.00030492508191470126,0.001600316774727606,False
32,onlooker,47,48.0,x2,0.3322627278259429,-0.0013464757365986176,-0.24963220301130518,1.7614424892044203,-0.0013464757365986176,-0.3325947873850791,2.3506397610656617,False
32,onlooker,42,28.0,x1,0.8882538908234454,-0.027927928992422277,0.0009986522122798866,0.09970489726085718,-0.04890452122139966,0.0009986522122798866,0.20082160170057906,False
32,onlooker,6,44.0,x1,-0.8889927419257213,-0.0002559393149248866,0.0005456868984920351,0.0017144412300003076,-0.0002083018083470078,0.0005456868984920351,0.0016611471662248967,True
32,onlooker,17,7.0,x1,-0.041729815074175614,-0.0005391132994711982,-0.0002623981012090241,0.0017054404805247891,-0.000559623422638864,-0.0002623981012090241,0.0017583859579350936,False
32,onlooker,12,48.0,x2,0.11864266730681905,-0.0006186025341021581,0.00017205030854405574,0.0018270626423668723,-0.0006186025341021581,0.0001856399552961616,0.0018378670007277442,False
32,onlooker,44,14.0,x2,-0.9480448801068784,-0.00020235338071952153,-5.9578116918042486e-06,0.0005736811029639632,-0.00020235338071952153,-4.076041121744687e-05,0.0005849722502380139,False
32,onlooker,38,35.0,x1,0.09098329134838723,-0.00032670663373422266,-0.0005505781661917491,0.0018217119401566784,0.00419858267995176,-0.0005505781661917491,0.012454465833802164,False
32,onlooker,40,43.0,x1,0.17580661603634762,-0.004412390518881969,0.020659257946628286,0.07159237167532995,-0.004799951011946376,0.020659257946628286,0.07192554767299741,False
32,onlooker,48,36.0,x2,0.35375075232525743,0.0004730557233777041,5.7507648128625466e-05,0.001353901132322921,0.0004730557233777041,-0.013141289620888189,0.04179119718303825,False
32,onlooker,18,1.0,x1,-0.518114652211644,0.00020364860656590497,-4.040371172348205e-06,0.0005772233819212325,3.970170004606913e-06,-4.040371172348205e-06,1.602255197896696e-05,True
32,onlooker,38,35.0,x1,-0.33795571033981164,-0.00032670663373422266,-0.0005505781661917491,0.0018217119401566784,-0.01713580797349373,-0.0005505781661917491,0.056300546739653345,False
32,onlooker,30,10.0,x2,-0.4727445614619119,-8.007368636794333e-05,-0.0002606488898953783,0.0007732107157996104,-8.007368636794333e-05,0.008671184229831187,0.026527960120273253,False
32,onlooker,47,21.0,x1,-0.510024811402291,-0.0013464757365986176,-0.24963220301130518,1.7614424892044203,-0.0007420410178940668,-0.24963220301130518,1.7614150208129975,True
32,onlooker,24,19.0,x2,0.45905807469821136,-5.175927734270497e-05,7.351012144597116e-05,0.00025450263891046987,-5.175927734270497e-05,0.00038674667853285044,0.0011076918981811623,False
32,onlooker,48,29.0,x2,0.18229437387383007,0.0004730557233777041,5.7507648128625466e-05,0.001353901132322921,0.0004730557233777041,0.00011366450280132743,0.0013823882373498186,False
32,onlooker,18,29.0,x1,-0.3613422672257236,3.970170004606913e-06,-4.040371172348205e-06,1.602255197896696e-05,7.869227852588348e-05,-4.040371172348205e-06,0.00022303388872702,False
32,onlooker,1,44.0,x2,-0.14111182895658958,-0.00018174569893953302,-1.5258605444865624e-05,0.000516748733919048,-0.00018174569893953302,-1.394615342762311e-05,0.0005164504180830143,True
32,onlooker,24,5.0,x2,0.674221026810784,-5.175927734270497e-05,7.351012144597116e-05,0.00025450263891046987,-5.175927734270497e-05,0.02594647349423209,0.09121525241199224,False
32,onlooker,9,22.0,x1,0.6805310941277627,-0.00021050676088741032,2.578597287806035e-05,0.0006010510912486389,0.14893988048401088,2.578597287806035e-05,0.9171981540496188,False
32,onlooker,23,47.0,x1,-0.5813713931586206,-0.0025394754930072715,1.0789577453606309e-05,0.007354504899265368,-0.0014944985080993737,1.0789577453606309e-05,0.004286667451378623,True
32,onlooker,36,49.0,x1,0.09922727444062174,-0.01713838279185813,0.037368515984532474,0.16073354021528674,-0.018849607644245873,0.037368515984532474,0.1644417650892227,False
32,onlooker,34,20.0,x2,0.5026746794509378,-0.3562513009837297,-9.626710670817388e-05,2.4911571224446516,-0.3562513009837297,-0.012387098751136829,2.4935657727625338,False
32,onlooker,44,35.0,x2,0.8718574227619584,-0.00020235338071952153,-5.9578116918042486e-06,0.0005736811029639632,-0.00020235338071952153,-4.775691636149544e-05,0.0005892164764387253,False
32,onlooker,28,30.0,x1,-0.3907452237816893,-0.0043123924372924375,-1.0337477971416047e-05,0.012692450585888526,-0.0026586340998470065,-1.0337477971416047e-05,0.007708019866428106,True
32,onlooker,35,45.0,x2,0.2926324522578625,-0.0500642930259218,4.198478027154194e-05,0.206982601562697,-0.0500642930259218,3.3493747397188477e-05,0.20698256680924176,True
32,onlooker,12,28.0,x1,0.5118748339028301,-0.0006186025341021581,0.00017205030854405574,0.0018270626423668723,0.0004256382847700165,0.00017205030854405574,0.0013041323848033137,True
32,onlooker,46,8.0,x1,-0.7450058180668788,2.321590995007252,-0.9719869193101611,7.391577140166779,0.591893141482077,-0.9719869193101611,4.615348370933262,True
32,onlooker,20,7.0,x2,0.9608578250102369,-0.004228120830153002,0.024354599720030942,0.08610608079945736,-0.004228120830153002,0.043590280075353594,0.17414835591515443,False
32,onlooker,21,28.0,x1,-0.5458244374144574,-0.00016136727679117428,-0.003027822928258304,0.00882092639496479,-0.0015244365355594133,-0.003027822928258304,0.009894145071357219,False
32,onlooker,22,50.0,x2,-0.022625697266061007,-0.21937813706007966,0.02343321609912212,1.5283241949696635,-0.21937813706007966,0.022881715269773895,1.5277121509960172,True
32,onlooker,1,13.0,x2,0.9569096609570082,-0.00018174569893953302,-1.394615342762311e-05,0.0005164504180830143,-0.00018174569893953302,-0.0003513656841772593,0.0011230570124394212,False
32,onlooker,49,11.0,x2,0.2305281756877069,0.0001071261877496029,-0.06028090910227504,0.26441790193180426,0.0001071261877496029,-0.07418238625005896,0.34990822169239566,False
32,onlooker,5,30.0,x2,-0.7481585970271252,-0.04109520644563578,-0.03830109159510241,0.241193903832706,-0.04109520644563578,-0.009840807350483975,0.16640352766779687,True
32,onlooker,40,48.0,x2,-0.6540263839010347,-0.004412390518881969,0.020659257946628286,0.07159237167532995,-0.004412390518881969,0.00718516969686849,0.0257410674210381,True
32,onlooker,23,6.0,x1,-0.32171998585405004,-0.0014944985080993737,1.0789577453606309e-05,0.004286667451378623,-0.0010807033240495167,1.0789577453606309e-05,0.003087945536681236,True
32,onlooker,5,14.0,x1,0.9804473341786031,-0.04109520644563578,-0.009840807350483975,0.16640352766779687,-0.08088964131816806,-0.009840807350483975,0.3980705931046349,False
32,onlooker,4,44.0,x1,-0.8450948444917903,-0.0006261601693961852,-0.0001678880200407799,0.001844794862446708,-0.00026800323722491506,-0.0001678880200407799,0.0008971445604193384,True
32,onlooker,26,23.0,x1,0.8631093200412898,-0.00010849365858285178,0.0006636571486322591,0.0019140651392643981,0.0007306295647156513,0.0006636571486322591,0.002817731293398129,False
32,onlooker,10,9.0,x2,0.49742817713566456,-0.00010846175943286102,0.01863292249695639,0.06192158225401245,-0.00010846175943286102,0.02788863649984312,0.09946017786209582,False
32,onlooker,36,35.0,x1,-0.9477457676552385,-0.01713838279185813,0.037368515984532474,0.16073354021528674,-0.04834377486238828,0.037368515984532474,0.26979221200673154,False
33,employed,1,14.0,x2,0.6797903557085987,-0.00018174569893953302,-1.394615342762311e-05,0.0005164504180830143,-0.00018174569893953302,5.578461062080909e-06,0.0005151769583311427,True
33,employed,2,31.0,x1,0.20438984146436323,-0.2937420178997153,0.0040860600921144375,2.092891991962578,-0.5502971538229363,0.0040860600921144375,3.190871311157015,False
33,employed,3,16.0,x2,-0.47965382288610425,-0.9894923034384054,0.15447475442330827,3.175096672123335,-0.9894923034384054,0.5217865931154198,4.641100586371127,False
33,employed,4,48.0,x2,0.45551055770642446,-0.00026800323722491506,-0.0001678880200407799,0.0008971445604193384,-0.00026800323722491506,-0.0002705581265532379,0.001080996688138658,False
33,employed,5,8.0,x2,0.8754138842875276,-0.04109520644563578,-0.009840807350483975,0.16640352766779687,-0.04109520644563578,-0.017589920103757394,0.17886532302543445,False
33,employed,6,30.0,x1,-0.3332752660858238,-0.0002083018083470078,0.0005456868984920351,0.0016611471662248967,-0.0001655665468747496,0.0005456868984920351,0.0016215732293507479,True
33,employed,7,21.0,x1,0.45080902070523643,-0.0010306113598198626,0.004335321264222234,0.013132544341310837,-0.0014224744336438467,0.004335321264222234,0.013459603503445994,False
33,employed,8,20.0,x1,0.15748959823721398,-0.00013295879132228967,-0.0009888655520280563,0.00284861214677834,0.0005119866328894493,-0.0009888655520280563,0.0031826031019055456,False
33,employed,9,36.0,x2,-0.609250005388071,-0.00021050676088741032,2.578597287806035e-05,0.0006010510912486389,-0.00021050676088741032,0.022776844433683788,0.07818188037738993,False
33,employed,10,48.0,x2,-0.28765445712918036,-0.00010846175943286102,0.01863292249695639,0.06192158225401245,-0.00010846175943286102,0.013289621622667523,0.04228638142884167,True
33,employed,11,22.0,x1,0.39702873573564124,-3.977448615493859e-05,2.181574388885671e-05,0.00012836493720813635,0.08704385830489608,2.181574388885671e-05,0.4358833831557267,False
33,employed,12,31.0,x1,-0.11976032612164156,0.0004256382847700165,0.00017205030854405574,0.0013041323848033137,0.11552211895008652,0.00017205030854405574,0.6459713863275778,False
33,employed,13,33.0,x2,0.8056566151440891,-0.00041158589302553054,0.00033866762456703304,0.0015151424851365114,-0.00041158589302553054,-0.21083476255635722,1.4435312571481345,False
33,employed,14,41.0,x1,0.6485180199095473,-0.0005071672054952986,-4.266767665275328e-05,0.0014464507746478894,0.04217020079700164,-4.266767665275328e-05,0.1659401811128487,False
33,employed,15,13.0,x2,-0.16119330140472488,-0.00038365062214447724,0.004331051311158597,0.012801366990132568,-0.00038365062214447724,0.0036875058042425365,0.010852101256610514,True
33,employed,16,29.0,x1,-0.9116183616770341,-1.853448157828697e-05,0.9202600378220214,2.6026466567808098,0.00019049508896925774,0.9202600378220214,2.6026476121416384,False
33,employed,17,39.0,x1,-0.3530731511698222,-0.0005391132994711982,-0.0002623981012090241,0.0017054404805247891,-0.002537645908457612,-0.0002623981012090241,0.00738911729363112,False
33,employed,18,14.0,x1,-0.48141598128770724,3.970170004606913e-06,-4.040371172348205e-06,1.602255197896696e-05,-0.00024209953119450338,-4.040371172348205e-06,0.0006864174144465274,False
33,employed,19,14.0,x1,-0.32397033568433553,0.0016178932215882577,-0.0006088361313517901,0.00496895507591022,0.0009294366816765006,-0.0006088361313517901,0.003175526986592292,True
33,employed,20,31.0,x2,0.16713064380012632,-0.004228120830153002,0.024354599720030942,0.08610608079945736,-0.004228120830153002,0.027546325006962875,0.09937700160136531,False
33,employed,21,13.0,x2,-0.587151446853585,-0.00016136727679117428,-0.003027822928258304,0.00882092639496479,-0.00016136727679117428,-0.0010511831293479822,0.0030381401895636095,True
33,employed,22,42.0,x1,-0.8145533246472669,-0.21937813706007966,0.022881715269773895,1.5277121509960172,-0.06343173357415832,0.022881715269773895,0.3077351116774243,True
33,employed,23,27.0,x2,0.0411217483785522,-0.0010807033240495167,1.0789577453606309e-05,0.003087945536681236,-0.0010807033240495167,1.4958334503196783e-05,0.0030880888460669276,False
33,employed,24,30.0,x2,0.7713002318142714,-5.175927734270497e-05,7.351012144597116e-05,0.00025450263891046987,-5.175927734270497e-05,0.00033124704435638175,0.0009512699901041977,False
33,employed,25,32.0,x1,0.9472675324960467,0.0004144749198588325,-0.0009605179959923397,0.0029880389100651605,0.0009585548704755148,-0.0009605179959923397,0.0038871812325820265,False
33,employed,26,44.0,x1,-0.5705194810255769,-0.00010849365858285178,0.0006636571486322591,0.0019140651392643981,-0.00016204245854546946,0.0006636571486322591,0.0019446769872009106,False
33,employed,27,12.0,x2,-0.3104517281696588,-7.047088679010182e-05,-9.058639059168148e-05,0.0003249679403833916,-7.047088679010182e-05,-9.050373464217115e-06,0.00020109322608918845,True
33,employed,28,20.0,x2,0.10599024061539097,-0.0026586340998470065,-1.0337477971416047e-05,0.007708019866428106,-0.0026586340998470065,-0.002592783034166576,0.010870854942507169,False
33,employed,29,12.0,x1,-0.5553096377724687,0.00021076056044237734,-0.0002505482368630274,0.0009288973163212866,0.000330084231704131,-0.0002505482368630274,0.0011766821600436295,False
33,employed,30,19.0,x2,0.344046226425504,-8.007368636794333e-05,-0.0002606488898953783,0.0007732107157996104,-8.007368636794333e-05,-0.000140856383382794,0.00045897684084694745,True
33,employed,31,35.0,x2,0.9522334800805792,0.9614824789985473,0.0052574119490740034,2.582783813221081,0.9614824789985473,0.010231801757912998,2.584917722149204,False
33,employed,32,10.0,x2,-0.21428169628603855,-0.00015989286110272278,-9.08190775370399e-05,0.0005210067951115782,-0.00015989286110272278,0.002776364452757543,0.008071680891266642,False
33,employed,33,49.0,x2,0.38001748533110424,-0.0009696074671204518,0.2624521117538088,1.861488048063649,-0.0009696074671204518,0.38509630277284856,2.645524863898857,False
33,employed,34,30.0,x1,0.07929210280269383,-0.3562513009837297,-9.626710670817388e-05,2.4911571224446516,-0.38449286655395376,-9.626710670817388e-05,2.6424716253910536,False
33,employed,35,4.0,x1,0.7867476176318207,-0.0500642930259218,3.3493747397188477e-05,0.20698256680924176,-0.08924140538408284,3.3493747397188477e-05,0.45118105991873536,False
33,employed,36,31.0,x2,0.1433348158560681,-0.01713838279185813,0.037368515984532474,0.16073354021528674,-0.01713838279185813,0.04197115516838996,0.18212745636029526,False
33,employed,37,27.0,x2,-0.21617158535777659,-0.004034474087649331,0.0019568201010097793,0.01321794219892114,-0.004034474087649331,0.0015318547639346911,0.012701929747401142,True
33,employed,38,13.0,x2,0.5106439706689685,-0.00032670663373422266,-0.0005505781661917491,0.0018217119401566784,-0.00032670663373422266,-0.0010046661676854803,0.003017817612537943,False
33,employed,39,25.0,x2,-0.9321209354215594,-0.006199505777247436,0.015055087553021498,0.05309623053125323,-0.006199505777247436,0.0001266063273320031,0.018562040717519768,True
33,employed,40,20.0,x2,0.8572072764456651,-0.004412390518881969,0.00718516969686849,0.0257410674210381,-0.004412390518881969,-0.007532590651411026,0.02671979951033565,False
33,employed,41,19.0,x2,-0.17353398414885257,-0.06631469558913129,0.0003196383958524421,0.300526529089979,-0.06631469558913129,0.0001585165119659695,0.3005229211391023,True
33,employed,42,31.0,x1,0.6033496076317646,-0.027927928992422277,0.0009986522122798866,0.09970489726085718,-0.6248883104405578,0.0009986522122798866,3.252473846951585,False
33,employed,43,33.0,x1,0.700109462245893,-0.002207920051261571,-0.015635235253225306,0.05128783263663239,-0.0030748744086369316,-0.015635235253225306,0.05181780112553769,False
33,employed,44,6.0,x1,0.8491851066372977,-0.00020235338071952153,-5.9578116918042486e-06,0.0005736811029639632,-0.00023359221214084273,-5.9578116918042486e-06,0.0006623673409476005,False
33,employed,45,46.0,x2,0.03829717317117565,8.266965595354816e-05,7.100081321265717e-05,0.0003085419510253651,8.266965595354816e-05,0.03729807131259033,0.14211652320275592,False
33,employed,46,31.0,x2,-0.5743738995971965,0.591893141482077,-0.9719869193101611,4.615348370933262,0.591893141482077,-0.4106832819055397,4.224824580768583,True
33,employed,47,22.0,x1,-0.5945932781603753,-0.0007420410178940668,-0.24963220301130518,1.7614150208129975,-0.03801691082178931,-0.24963220301130518,1.7925278462722543,False
33,employed,48,2.0,x1,0.961806136254105,0.0004730557233777041,5.7507648128625466e-05,0.001353901132322921,0.28345091891252183,5.7507648128625466e-05,2.0187477056550205,False
33,employed,49,13.0,x2,0.18621661779567056,0.0001071261877496029,-0.06028090910227504,0.26441790193180426,0.0001071261877496029,-0.07156928165255272,0.33322387769068884,False
33,employed,50,15.0,x2,-0.25875675957913025,-0.372855129959625,-0.0009417599673829268,2.582287283640309,-0.372855129959625,0.00025609384291346005,2.58227489873595,True
33,onlooker,20,17.0,x2,0.2747995186798715,-0.004228120830153002,0.024354599720030942,0.08610608079945736,-0.004228120830153002,0.031119338872651132,0.11488080724547389,False
33,onlooker,48,22.0,x2,0.9466534481085302,0.0004730557233777041,5.7507648128625466e-05,0.001353901132322921,0.0004730557233777041,-0.021549107197246866,0.07328860638156032,False
33,onlooker,32,30.0,x2,-0.525792296402154,-0.00015989286110272278,-9.08190775370399e-05,0.0005210067951115782,-0.00015989286110272278,-0.00011712830748345587,0.0005616512437502941,False
33,onlooker,5,43.0,x2,0.1479621278885379,-0.04109520644563578,-0.009840807350483975,0.16640352766779687,-0.04109520644563578,-0.008983451468097649,0.16544014783631456,True
33,onlooker,20,41.0,x2,-0.3788392348453624,-0.004228120830153002,0.024354599720030942,0.08610608079945736,-0.004228120830153002,0.015188174071232886,0.05119800024774479,True
33,onlooker,39,17.0,x1,0.8417623728083272,-0.006199505777247436,0.0001266063273320031,0.018562040717519768,-0.010964211180366768,0.0001266063273320031,0.03421189267776059,False
33,onlooker,13,7.0,x1,0.3961934166988237,-0.00041158589302553054,0.00033866762456703304,0.0015151424851365114,-0.00016633207831269996,0.00033866762456703304,0.0010709820224339417,True
33,onlooker,9,48.0,x1,0.311110224777732,-0.00021050676088741032,2.578597287806035e-05,0.0006010510912486389,-0.00042317003901675494,2.578597287806035e-05,0.0012039117934183885,False
33,onlooker,12,11.0,x2,0.8477500782408431,0.0004256382847700165,0.00017205030854405574,0.0013041323848033137,0.0004256382847700165,0.00029941167248497973,0.0014791224931234304,False
33,onlooker,29,45.0,x2,-0.7795495903083496,0.00021076056044237734,-0.0002505482368630274,0.0009288973163212866,0.00021076056044237734,1.1519338751148425e-07,0.0005973038074285064,True
33,onlooker,45,26.0,x1,0.336843832662701,8.266965595354816e-05,7.100081321265717e-05,0.0003085419510253651,0.00014706183948649454,7.100081321265717e-05,0.0004626044943347729,False
33,onlooker,19,3.0,x2,0.9159448826836583,0.0009294366816765006,-0.0006088361313517901,0.003175526986592292,0.0009294366816765006,-0.1426568572881004,0.8648197202168899,False
33,onlooker,50,18.0,x1,0.8877358595039593,-0.372855129959625,0.00025609384291346005,2.58227489873595,-0.7038555236870745,0.00025609384291346005,3.184096768626589,False
33,onlooker,9,8.0,x1,-0.853776319981657,-0.00021050676088741032,2.578597287806035e-05,0.0006010510912486389,-0.00014429814081005207,2.578597287806035e-05,0.0004151743293729915,True
33,onlooker,19,3.0,x1,-0.2106856207742065,0.0009294366816765006,-0.0006088361313517901,0.003175526986592292,-0.2077381824637928,-0.0006088361313517901,1.4174237820971816,False
33,onlooker,8,37.0,x2,0.666725298672816,-0.00013295879132228967,-0.0009888655520280563,0.00284861214677834,-0.00013295879132228967,-0.002669493557558954,0.00775004608769736,False
33,onlooker,34,10.0,x2,0.5336963858159114,-0.3562513009837297,-9.626710670817388e-05,2.4911571224446516,-0.3562513009837297,-0.007240267542509926,2.4919804810329755,False
33,onlooker,13,39.0,x2,0.13479514979278173,-0.00016633207831269996,0.00033866762456703304,0.0010709820224339417,-0.00016633207831269996,0.00036725245889308053,0.0011446464918809518,False
33,onlooker,18,5.0,x1,0.6550190196140515,3.970170004606913e-06,-4.040371172348205e-06,1.602255197896696e-05,0.026924712543726123,-4.040371172348205e-06,0.09534332166518356,False
33,onlooker,46,33.0,x2,0.9290831333868776,0.591893141482077,-0.4106832819055397,4.224824580768583,0.591893141482077,-1.0360820226401766,4.753214241223414,False
33,onlooker,45,10.0,x2,0.462424697196427,8.266965595354816e-05,7.100081321265717e-05,0.0003085419510253651,8.266965595354816e-05,-0.006041615911953898,0.018061725357096936,False
33,onlooker,18,25.0,x2,-0.6860691377023085,3.970170004606913e-06,-4.040371172348205e-06,1.602255197896696e-05,3.970170004606913e-06,-0.0006602501504641519,0.0018791116872916014,False
33,onlooker,49,36.0,x2,-0.46618338073806376,0.0001071261877496029,-0.06028090910227504,0.26441790193180426,0.0001071261877496029,-0.014758369988178817,0.04753386624488032,True
33,onlooker,19,22.0,x2,0.49506744828768046,0.0009294366816765006,-0.0006088361313517901,0.003175526986592292,0.0009294366816765006,-0.01223824347237768,0.03872095438293188,False
33,onlooker,45,16.0,x2,-0.05499982343916088,8.266965595354816e-05,7.100081321265717e-05,0.0003085419510253651,8.266965595354816e-05,0.05068123537934861,0.21031503348812963,False
33,onlooker,28,20.0,x1,0.008362646731370438,-0.0026586340998470065,-1.0337477971416047e-05,0.007708019866428106,-0.002645509036771884,-1.0337477971416047e-05,0.007669043284835642,True
33,onlooker,7,10.0,x2,-0.19779748555971022,-0.0010306113598198626,0.004335321264222234,0.013132544341310837,-0.0010306113598198626,0.006106459360069124,0.01853684629745489,False
33,onlooker,45,18.0,x1,-0.5004143827899727,8.266965595354816e-05,7.100081321265717e-05,0.0003085419510253651,4.3287301266520595e-05,7.100081321265717e-05,0.00023538457359295606,True
33,onlooker,37,48.0,x2,-0.08175276587290514,-0.004034474087649331,0.0015318547639346911,0.012701929747401142,-0.004034474087649331,0.001411322809360805,0.01257567382131386,True
33,onlooker,1,35.0,x1,-0.16987839676771022,-0.00018174569893953302,5.578461062080909e-06,0.0005151769583311427,-0.00865571286553671,5.578461062080909e-06,0.02647586065194618,False
33,onlooker,32,14.0,x1,-0.9951837123660752,-0.00015989286110272278,-9.08190775370399e-05,0.0005210067951115782,-0.0005054946323648213,-9.08190775370399e-05,0.001459670869387697,False
33,onlooker,17,36.0,x2,-0.21377343398162152,-0.0005391132994711982,-0.0002623981012090241,0.0017054404805247891,-0.0005391132994711982,0.007782091626767308,0.02368340278508585,False
33,onlooker,11,24.0,x2,0.5046970465967708,-3.977448615493859e-05,2.181574388885671e-05,0.00012836493720813635,-3.977448615493859e-05,-4.27425578987735e-06,0.0001131895619193024,True
33,onlooker,7,35.0,x1,0.3346880476078946,-0.0010306113598198626,0.004335321264222234,0.013132544341310837,0.015380375824034814,0.004335321264222234,0.05198346716624913,False
33,onlooker,18,49.0,x1,0.789410598960703,3.970170004606913e-06,-4.040371172348205e-06,1.602255197896696e-05,-7.746228374987127e-05,-4.040371172348205e-06,0.00021955447272903328,False
33,onlooker,15,2.0,x1,-0.3833903865098467,-0.00038365062214447724,0.0036875058042425365,0.010852101256610514,-0.11285442843858993,0.0036875058042425365,0.6257959154284056,False
33,onlooker,11,28.0,x2,0.8374888423643092,-3.977448615493859e-05,-4.27425578987735e-06,0.0001131895619193024,-3.977448615493859e-05,8.036251359370942e-07,0.00011256433911244201,True
33,onlooker,43,15.0,x2,-0.14280493288872598,-0.002207920051261571,-0.015635235253225306,0.05128783263663239,-0.002207920051261571,-0.012875852513287381,0.04148817197759458,True
33,onlooker,3,28.0,x1,-0.8732640398985423,-0.9894923034384054,0.15447475442330827,3.175096672123335,-0.12771448499830873,0.15447475442330827,1.3998531504435232,True
33,onlooker,46,43.0,x1,-0.571624747124994,0.591893141482077,-0.4106832819055397,4.224824580768583,0.2522902724163918,-0.4106832819055397,3.385941076624239,True
33,onlooker,35,28.0,x1,0.6027154250323661,-0.0500642930259218,3.3493747397188477e-05,0.20698256680924176,-0.07864432557246026,3.3493747397188477e-05,0.379023400578856,False
33,onlooker,23,10.0,x1,0.2796868002456634,-0.0010807033240495167,1.0789577453606309e-05,0.003087945536681236,-0.0013526264563229866,1.0789577453606309e-05,0.0038746486714242856,False
33,onlooker,5,30.0,x2,-0.5745903890710848,-0.04109520644563578,-0.008983451468097649,0.16544014783631456,-0.04109520644563578,-0.0039025813179732784,0.161505056176662,True
33,onlooker,33,42.0,x1,-0.7809505414358551,-0.0009696074671204518,0.2624521117538088,1.861488048063649,-0.02202272325850678,0.2624521117538088,1.8715414451630257,False
33,onlooker,20,37.0,x1,-0.672593876962283,-0.004228120830153002,0.015188174071232886,0.05119800024774479,-0.004097875216851341,0.015188174071232886,0.05107181672108796,True
33,onlooker,27,34.0,x1,-0.2904127855212355,-7.047088679010182e-05,-9.050373464217115e-06,0.00020109322608918845,-0.10350993790450826,-9.050373464217115e-06,0.5544044961640542,False
33,onlooker,41,26.0,x1,0.25398967988101995,-0.06631469558913129,0.0001585165119659695,0.3005229211391023,-0.08313038762360946,0.0001585165119659695,0.4090683425613624,False
33,onlooker,8,2.0,x1,-0.8985028583500274,-0.00013295879132228967,-0.0009888655520280563,0.00284861214677834,-0.2639415376376756,-0.0009888655520280563,1.8729237913930423,False
33,onlooker,44,45.0,x1,0.615182878323685,-0.00020235338071952153,-5.9578116918042486e-06,0.0005736811029639632,-0.0003534673224970879,-5.9578116918042486e-06,0.0010032264367869637,False
33,onlooker,11,27.0,x2,0.5922342010967467,-3.977448615493859e-05,8.036251359370942e-07,0.00011256433911244201,-3.977448615493859e-05,6.639500124507883e-06,0.00011409917108951007,False
34,employed,1,35.0,x1,-0.7689576126481248,-0.00018174569893953302,5.578461062080909e-06,0.0005151769583311427,-0.038539310204302915,5.578461062080909e-06,0.1480745573096809,False
34,employed,2,45.0,x1,-0.6786352144440755,-0.2937420178997153,0.0040860600921144375,2.092891991962578,-0.09436896430412886,0.0040860600921144375,0.4881774796109437,True
34,employed,3,10.0,x2,0.8020172583414165,-0.12771448499830873,0.15447475442330827,1.3998531504435232,-0.12771448499830873,0.26770766755064695,2.200828726200698,False
34,employed,4,25.0,x1,-0.2542163480870663,-0.00026800323722491506,-0.0001678880200407799,0.0008971445604193384,-9.45061324818936e-05,-0.0001678880200407799,0.0005459125742039994,True
34,employed,5,29.0,x1,0.9627946656642228,-0.04109520644563578,-0.0039025813179732784,0.161505056176662,-0.08086437113919022,-0.0039025813179732784,0.39444340465107475,False
34,employed,6,7.0,x2,0.5138976975841305,-0.0001655665468747496,0.0005456868984920351,0.0016215732293507479,-0.0001655665468747496,-0.001401797476742411,0.0040454961126639155,False
34,employed,7,18.0,x2,-0.7659014583047525,-0.0010306113598198626,0.004335321264222234,0.013132544341310837,-0.0010306113598198626,0.0010117978595618276,0.004140534962232767,True
34,employed,8,22.0,x1,0.09750575545054185,-0.00013295879132228967,-0.0009888655520280563,0.00284861214677834,0.006039036062971846,-0.0009888655520280563,0.018305324636884723,False
34,employed,9,12.0,x1,-0.189461081806795,-0.00014429814081005207,2.578597287806035e-05,0.0004151743293729915,-3.6317369058554386e-05,2.578597287806035e-05,0.00012603275230604893,True
34,employed,10,33.0,x1,0.1528960394404444,-0.00010846175943286102,0.013289621622667523,0.04228638142884167,2.3204008653710266e-05,0.013289621622667523,0.04228488849111445,True
34,employed,11,37.0,x1,0.6728090658748025,-3.977448615493859e-05,8.036251359370942e-07,0.00011256433911244201,0.0026478956211769492,8.036251359370942e-07,0.007676070317441219,False
34,employed,12,22.0,x1,-0.1540654490755451,0.0004256382847700165,0.00017205030854405574,0.0013041323848033137,-0.009412576387459855,0.00017205030854405574,0.028985480473114666,False
34,employed,13,26.0,x2,0.13270675676260701,-0.00016633207831269996,0.00033866762456703304,0.0010709820224339417,-0.00016633207831269996,0.0002955393188465137,0.0009622699003064561,True
34,employed,14,6.0,x1,-0.3747292916104519,-0.0005071672054952986,-4.266767665275328e-05,0.0014464507746478894,-0.0003791594326767565,-4.266767665275328e-05,0.0010830704129856095,True
34,employed,15,9.0,x2,-0.22829447531173686,-0.00038365062214447724,0.0036875058042425365,0.010852101256610514,-0.00038365062214447724,0.002851555396602602,0.008358515986785608,True
34,employed,16,49.0,x1,0.16546191336195948,-1.853448157828697e-05,0.9202600378220214,2.6026466567808098,-3.932653635962412e-05,0.9202600378220214,2.6026466887560855,False
34,employed,17,23.0,x2,0.13187379044741765,-0.0005391132994711982,-0.0002623981012090241,0.0017054404805247891,-0.0005391132994711982,-0.00029842439589779625,0.001752982586204599,False
34,employed,18,34.0,x1,-0.13009307341919807,3.970170004606913e-06,-4.040371172348205e-06,1.602255197896696e-05,-0.04634237297617447,-4.040371172348205e-06,0.18726066579573386,False
34,employed,19,23.0,x1,0.40280225876341724,0.0009294366816765006,-0.0006088361313517901,0.003175526986592292,0.0017391256164136489,-0.0006088361313517901,0.0053021167793088075,False
34,employed,20,3.0,x1,0.08016113657668833,-0.004097875216851341,0.015188174071232886,0.05107181672108796,0.005811372722987251,0.015188174071232886,0.05302383457852189,False
34,employed,21,28.0,x2,0.5135045222567618,-0.00016136727679117428,-0.0010511831293479822,0.0030381401895636095,-0.00016136727679117428,-0.001585662078301134,0.004575738079819036,False
34,employed,22,50.0,x2,0.5915095735736162,-0.06343173357415832,0.022881715269773895,0.3077351116774243,-0.06343173357415832,0.03626498695181418,0.34362765313082777,False
34,employed,23,26.0,x1,-0.6610936407856429,-0.0010807033240495167,1.0789577453606309e-05,0.003087945536681236,-0.00043798169669916726,1.0789577453606309e-05,0.0012442863082182676,True
34,employed,24,30.0,x2,0.6685977734253719,-5.175927734270497e-05,7.351012144597116e-05,0.00025450263891046987,-5.175927734270497e-05,0.00021683508927146277,0.0006318563084666273,False
34,employed,25,47.0,x2,0.6506207589882012,0.0004144749198588325,-0.0009605179959923397,0.0029880389100651605,0.0004144749198588325,0.16083044244754538,1.017535635878812,False
34,employed,26,10.0,x1,0.4251517286986628,-0.00010849365858285178,0.0006636571486322591,0.0019140651392643981,-0.0001644851494740574,0.0006636571486322591,0.0019463486660922236,False
34,employed,27,45.0,x2,0.3620339332539504,-7.047088679010182e-05,-9.050373464217115e-06,0.00020109322608918845,-7.047088679010182e-05,-3.803161943849215e-05,0.00022666667113613315,False
34,employed,28,35.0,x2,0.0003245725021574497,-0.002645509036771884,-1.0337477971416047e-05,0.007669043284835642,-0.002645509036771884,-1.0351704381906562e-05,0.007669043450015511,False
34,employed,29,33.0,x1,-0.41123856155395777,0.00021076056044237734,1.1519338751148425e-07,0.0005973038074285064,-0.0002746522893168429,1.1519338751148425e-07,0.0007788427335850834,False
34,employed,30,5.0,x1,0.6554298094908009,-8.007368636794333e-05,-0.000140856383382794,0.00045897684084694745,0.026802466964278883,-0.000140856383382794,0.09482631107628281,False
34,employed,31,48.0,x2,0.7136446707538884,0.9614824789985473,0.0052574119490740034,2.582783813221081,0.9614824789985473,0.008968295941873896,2.5842461274747284,False
34,employed,32,17.0,x1,-0.8129396973841434,-0.00015989286110272278,-9.08190775370399e-05,0.0005210067951115782,-0.0004681762095118734,-9.08190775370399e-05,0.0013549434176884922,False
34,employed,33,14.0,x1,0.6856707516198002,-0.0009696074671204518,0.2624521117538088,1.861488048063649,-0.001374460414689894,0.2624521117538088,1.8615078255574322,False
34,employed,34,33.0,x2,0.9333884882058743,-0.3562513009837297,-9.626710670817388e-05,2.4911571224446516,-0.3562513009837297,-0.24515590153222924,3.1597666247653824,False
34,employed,35,17.0,x1,0.10294424058328477,-0.0500642930259218,3.3493747397188477e-05,0.20698256680924176,-0.05516262504261195,3.3493747397188477e-05,0.2350492594280671,False
34,employed,36,40.0,x2,-0.5320161145363753,-0.01713838279185813,0.037368515984532474,0.16073354021528674,-0.01713838279185813,0.021310489368863553,0.09716417014053791,True
34,employed,37,49.0,x2,0.1847953449836297,-0.004034474087649331,0.001411322809360805,0.01257567382131386,-0.004034474087649331,0.004399406768161452,0.01783213800155581,False
34,employed,38,1.0,x1,-0.9496934487439752,-0.00032670663373422266,-0.0005505781661917491,0.0018217119401566784,-0.00018903818363590335,-0.0005505781661917491,0.0016555271525011683,True
34,employed,39,45.0,x1,0.290563055522155,-0.006199505777247436,0.0001266063273320031,0.018562040717519768,-0.00801343080913301,0.0001266063273320031,0.02437769811511048,False
34,employed,40,38.0,x2,0.5680320019138161,-0.004412390518881969,0.00718516969686849,0.0257410674210381,-0.004412390518881969,0.011579322041823123,0.03913258834889577,False
34,employed,41,21.0,x1,0.5972224922846037,-0.06631469558913129,0.0001585165119659695,0.3005229211391023,-0.1058229511967487,0.0001585165119659695,0.5717293791293412,False
34,employed,42,47.0,x1,-0.6556577844607567,-0.027927928992422277,0.0009986522122798866,0.09970489726085718,-0.010103289914444782,0.0009986522122798866,0.03145804969498345,True
34,employed,43,38.0,x2,-0.38441598476886996,-0.002207920051261571,-0.012875852513287381,0.04148817197759458,-0.002207920051261571,-0.008137820037602123,0.0257415635086784,True
34,employed,44,16.0,x1,-0.1744902979272276,-0.00020235338071952153,-5.9578116918042486e-06,0.0005736811029639632,-0.00017027876624371252,-5.9578116918042486e-06,0.0004826888221853842,True
34,employed,45,43.0,x2,-0.9558878653799017,4.3287301266520595e-05,7.100081321265717e-05,0.00023538457359295606,4.3287301266520595e-05,-0.007775711427158712,0.023602617873401233,False
34,employed,46,22.0,x1,0.3600952991385411,0.2522902724163918,-0.4106832819055397,3.385941076624239,0.3659802826081792,-0.4106832819055397,3.74578462689847,False
34,employed,47,6.0,x1,0.584507194034833,-0.0007420410178940668,-0.24963220301130518,1.7614150208129975,-0.0010789944933822825,-0.24963220301130518,1.7614283725031616,False
34,employed,48,47.0,x2,-0.8181303578460428,0.0004730557233777041,5.7507648128625466e-05,0.001353901132322921,0.0004730557233777041,-0.20422122468414886,1.3876709150539317,False
34,employed,49,8.0,x2,0.9481944498924058,0.0001071261877496029,-0.014758369988178817,0.04753386624488032,0.0001071261877496029,-0.02781453767230583,0.09914206524983671,False
34,employed,50,10.0,x2,-0.842120648593591,-0.372855129959625,0.00025609384291346005,2.58227489873595,-0.372855129959625,0.011231896710262538,2.5841746265866665,False
34,onlooker,48,44.0,x1,0.3114509454662622,0.0004730557233777041,5.7507648128625466e-05,0.001353901132322921,0.0006734228584213495,5.7507648128625466e-05,0.0019238239017238534,False
34,onlooker,26,47.0,x1,0.3110401502228455,-0.00010849365858285178,0.0006636571486322591,0.0019140651392643981,8.85650072305956e-05,0.0006636571486322591,0.001905683746909137,True
34,onlooker,32,43.0,x1,0.3064913545848418,-0.00015989286110272278,-9.08190775370399e-05,0.0005210067951115782,0.00046780976663564984,-9.08190775370399e-05,0.0013539168093932297,False
34,onlooker,24,20.0,x1,0.006267785582481533,-5.175927734270497e-05,7.351012144597116e-05,0.00025450263891046987,-2.6399090192004024e-05,7.351012144597116e-05,0.00022108143852905826,True
34,onlooker,25,18.0,x2,-0.1037631820393079,0.0004144749198588325,-0.0009605179959923397,0.0029880389100651605,0.0004144749198588325,-0.0008612708340916182,0.0027277719816294344,True
34,onlooker,39,21.0,x2,-0.9488804667291413,-0.006199505777247436,0.0001266063273320031,0.018562040717519768,-0.006199505777247436,-0.0009909750820311632,0.018806702943543474,False
34,onlooker,14,12.0,x1,0.5871640236639368,-0.0003791594326767565,-4.266767665275328e-05,0.0010830704129856095,-0.0008517076986883558,-4.266767665275328e-05,0.002431378897516101,False
34,onlooker,22,14.0,x1,0.6214097676832493,-0.06343173357415832,0.022881715269773895,0.3077351116774243,-0.10261321902324723,0.022881715269773895,0.5674051831473297,False
34,onlooker,1,10.0,x2,0.6539096387915999,-0.00018174569893953302,5.578461062080909e-06,0.0005151769583311427,-0.00018174569893953302,-0.008680985404435355,0.026565248295213895,False
34,onlooker,26,39.0,x1,0.6763520295241552,8.85650072305956e-05,0.0006636571486322591,0.001905683746909137,0.004341514444103859,0.0006636571486322591,0.01293585856521462,False
34,onlooker,47,4.0,x2,0.598469486596944,-0.0007420410178940668,-0.24963220301130518,1.7614150208129975,-0.0007420410178940668,-0.39892898352838546,2.7130049784916186,False
34,onlooker,35,11.0,x1,0.8634045326802462,-0.0500642930259218,3.3493747397188477e-05,0.20698256680924176,-0.09325568907830352,3.3493747397188477e-05,0.47955490910325027,False
34,onlooker,20,45.0,x1,0.21022740932985085,-0.004097875216851341,0.015188174071232886,0.05107181672108796,-0.0049684610846491405,0.015188174071232886,0.051985442727204845,False
34,onlooker,25,8.0,x1,0.8286552485746257,0.0004144749198588325,-0.0008612708340916182,0.0027277719816294344,0.0008681087378757551,-0.0008612708340916182,0.003498605868238247,False
34,onlooker,27,1.0,x1,-0.9634309178594336,-7.047088679010182e-05,-9.050373464217115e-06,0.00020109322608918845,-0.00017767648119386436,-9.050373464217115e-06,0.0005040393221702466,False
34,onlooker,38,8.0,x2,0.19747687125629043,-0.00018903818363590335,-0.0005505781661917491,0.0016555271525011683,-0.00018903818363590335,-0.00046402654452569654,0.0014238826300396745,True
34,onlooker,33,14.0,x1,0.13862761682282487,-0.0009696074671204518,0.2624521117538088,1.861488048063649,-0.0010514598709931025,0.2624521117538088,1.8614914956758501,False
34,onlooker,12,48.0,x1,0.7203403126983341,0.0004256382847700165,0.00017205030854405574,0.0013041323848033137,0.00039148159221600074,0.00017205030854405574,0.0012143621719116204,True
34,onlooker,14,27.0,x1,0.0012657143078114164,-0.0003791594326767565,-4.266767665275328e-05,0.0010830704129856095,-0.00037955014418594274,-4.266767665275328e-05,0.0010841764812288268,False
34,onlooker,48,20.0,x2,0.12445510924313363,0.0004730557233777041,5.7507648128625466e-05,0.001353901132322921,0.0004730557233777041,-0.0018255810944802294,0.005428764589830326,False
34,onlooker,45,8.0,x1,0.10097120655667613,4.3287301266520595e-05,7.100081321265717e-05,0.00023538457359295606,6.108308188611242e-05,7.100081321265717e-05,0.00026514502318919497,False
34,onlooker,6,32.0,x1,-0.2686335932259907,-0.0001655665468747496,0.0005456868984920351,0.0016215732293507479,-0.00016404240427897487,0.0005456868984920351,0.0016203134987091694,True
34,onlooker,48,21.0,x1,-0.7276247249165864,0.0004730557233777041,5.7507648128625466e-05,0.001353901132322921,1.1433862399068482e-05,5.7507648128625466e-05,0.00016593153508326353,True
34,onlooker,41,42.0,x1,0.3897192390855688,-0.06631469558913129,0.0001585165119659695,0.3005229211391023,-0.08822136183660034,0.0001585165119659695,0.44406021620086067,False
34,onlooker,37,13.0,x2,0.2841070008455626,-0.004034474087649331,0.001411322809360805,0.01257567382131386,-0.004034474087649331,0.0017283247104438134,0.012927112297358878,False
34,onlooker,2,11.0,x2,0.8645588951061733,-0.09436896430412886,0.0040860600921144375,0.4881774796109437,-0.09436896430412886,0.007618004909430719,0.48980514558543264,False
34,onlooker,37,12.0,x2,-0.7772338209614238,-0.004034474087649331,0.001411322809360805,0.01257567382131386,-0.004034474087649331,0.0004481183083385838,0.011920108533165052,True
34,onlooker,48,6.0,x2,-0.4858599039055036,1.1433862399068482e-05,5.7507648128625466e-05,0.00016593153508326353,1.1433862399068482e-05,0.0002946943717988524,0.0008364647106806622,False
34,onlooker,9,1.0,x2,-0.37173045180391195,-3.6317369058554386e-05,2.578597287806035e-05,0.00012603275230604893,-3.6317369058554386e-05,1.8274225380873424e-05,0.00011503613923524725,True
34,onlooker,49,17.0,x2,0.008609758935547385,0.0001071261877496029,-0.014758369988178817,0.04753386624488032,0.0001071261877496029,-0.014883176811662098,0.047985017705752586,False
34,onlooker,37,28.0,x2,0.48718301482461324,-0.004034474087649331,0.0004481183083385838,0.011920108533165052,-0.004034474087649331,0.0006714701804768782,0.012013557270695419,False
34,onlooker,32,30.0,x1,0.29929781442349035,-0.00015989286110272278,-9.08190775370399e-05,0.0005210067951115782,-0.00018378256564992895,-9.08190775370399e-05,0.0005809406359245095,False
34,onlooker,39,35.0,x2,0.583549841410383,-0.006199505777247436,0.0001266063273320031,0.018562040717519768,-0.006199505777247436,0.0001809421585862758,0.018566296367549473,False
34,onlooker,8,35.0,x1,0.4740438246510663,-0.00013295879132228967,-0.0009888655520280563,0.00284861214677834,0.02353668185917799,-0.0009888655520280563,0.08134052170417805,False
34,onlooker,14,44.0,x2,-0.39057679339459916,-0.0003791594326767565,-4.266767665275328e-05,0.0010830704129856095,-0.0003791594326767565,-2.8329655310357057e-05,0.0010792636441974146,True
34,onlooker,12,44.0,x2,-0.5059603237671466,0.00039148159221600074,0.00017205030854405574,0.0012143621719116204,0.00039148159221600074,8.198526239633885e-05,0.001135558073052767,True
34,onlooker,20,19.0,x1,0.7961236451165448,-0.004097875216851341,0.015188174071232886,0.05107181672108796,-0.008100237090645102,0.015188174071232886,0.05655951360219236,False
34,onlooker,22,36.0,x2,0.588077809287658,-0.06343173357415832,0.022881715269773895,0.3077351116774243,-0.06343173357415832,0.023805718355477276,0.3097320711110432,False
34,onlooker,30,48.0,x2,0.6050150585120162,-8.007368636794333e-05,-0.000140856383382794,0.00045897684084694745,-8.007368636794333e-05,-0.0002608696095143549,0.0007738105664150119,False
34,onlooker,20,48.0,x1,0.04914966654266828,-0.004097875216851341,0.015188174071232886,0.05107181672108796,-0.004299846387817258,0.015188174071232886,0.05126908056390933,False
34,onlooker,1,14.0,x2,0.2434591740745331,-0.00018174569893953302,5.578461062080909e-06,0.0005151769583311427,-0.00018174569893953302,1.3833703068537809e-05,0.0005164260979992896,False
34,onlooker,8,30.0,x1,-0.2768039553849404,-0.00013295879132228967,-0.0009888655520280563,0.00284861214677834,-0.0001183199850899789,-0.0009888655520280563,0.0028432956414445876,True
34,onlooker,26,1.0,x1,0.6968427093373968,8.85650072305956e-05,0.0006636571486322591,0.001905683746909137,0.000276929052081093,0.0006636571486322591,0.002047742780256545,False
34,onlooker,18,7.0,x1,-0.12416828598984009,3.970170004606913e-06,-4.040371172348205e-06,1.602255197896696e-05,-0.0001244920452704441,-4.040371172348205e-06,0.00035271520244650745,False
34,onlooker,24,33.0,x2,0.04912488070455945,-2.6399090192004024e-05,7.351012144597116e-05,0.00022108143852905826,-2.6399090192004024e-05,-0.012815807383172978,0.04061632019466943,False
34,onlooker,3,44.0,x1,-0.08698213642607744,-0.12771448499830873,0.15447475442330827,1.3998531504435232,-0.1166204174514755,0.15447475442330827,1.3349460710235488,True
34,onlooker,5,39.0,x1,0.3203088375661365,-0.04109520644563578,-0.0039025813179732784,0.161505056176662,-0.052272607762783106,-0.0039025813179732784,0.21979799085119867,False
34,onlooker,31,21.0,x2,-0.1790058747580232,0.9614824789985473,0.0052574119490740034,2.582783813221081,0.9614824789985473,0.004128136368566916,2.5824900717146098,True
34,onlooker,26,3.0,x2,-0.4020844715641583,8.85650072305956e-05,0.0006636571486322591,0.001905683746909137,8.85650072305956e-05,0.06250871091702372,0.27756430545497013,False
34,onlooker,49,33.0,x1,-0.16213166916535582,0.0001071261877496029,-0.014758369988178817,0.04753386624488032,-6.744643696099324e-05,-0.014758369988178817,0.04753301842359692,True
35,employed,1,12.0,x2,0.4904187238004669,-0.00018174569893953302,5.578461062080909e-06,0.0005151769583311427,-0.00018174569893953302,-3.189286493794168e-05,0.000522815877360916,False
35,employed,2,14.0,x2,-0.6752597923074093,-0.09436896430412886,0.0040860600921144375,0.4881774796109437,-0.09436896430412886,0.0013077781257966369,0.4875869050548691,True
35,employed,3,9.0,x1,0.4585265583294649,-0.1166204174514755,0.15447475442330827,1.3349460710235488,-0.17007732361820402,0.15447475442330827,1.6704938161381446,False
35,employed,4,33.0,x2,-0.8603878012575388,-9.45061324818936e-05,-0.0001678880200407799,0.0005459125742039994,-9.45061324818936e-05,0.225787156151637,1.5683100341315392,False
35,employed,5,7.0,x2,0.2676937347071542,-0.04109520644563578,-0.0039025813179732784,0.161505056176662,-0.04109520644563578,-0.005218129833774724,0.16222951098492233,False
35,employed,6,29.0,x2,0.3719981207436269,-0.00016404240427897487,0.0005456868984920351,0.0016203134987091694,-0.00016404240427897487,0.0007486385475218141,0.00218334832538547,False
35,employed,7,10.0,x2,0.45317581243433414,-0.0010306113598198626,0.0010117978595618276,0.004140534962232767,-0.0010306113598198626,-0.0045522148992091695,0.013781454918590175,False
35,employed,8,47.0,x1,0.20210062907088244,-0.0001183199850899789,-0.0009888655520280563,0.0028432956414445876,7.734428004467782e-06,-0.0009888655520280563,0.002823059775878267,True
35,employed,9,11.0,x1,0.3590877105682131,-3.6317369058554386e-05,1.8274225380873424e-05,0.00011503613923524725,-3.507596079524755e-05,1.8274225380873424e-05,0.00011190837248209462,True
35,employed,10,18.0,x2,-0.9014245072285572,2.3204008653710266e-05,0.013289621622667523,0.04228488849111445,2.3204008653710266e-05,0.001306388910607418,0.003741067719758906,True
35,employed,11,16.0,x2,0.811170203900264,-3.977448615493859e-05,8.036251359370942e-07,0.00011256433911244201,-3.977448615493859e-05,-0.7464860670194523,3.0914134571697365,False
35,employed,12,22.0,x1,0.7293306760621847,0.00039148159221600074,8.198526239633885e-05,0.001135558073052767,0.04693971025797006,8.198526239633885e-05,0.19038197208820806,False
35,employed,13,26.0,x1,0.03395597791920002,-0.00016633207831269996,0.0002955393188465137,0.0009622699003064561,-0.00017498735812107653,0.0002955393188465137,0.0009745898567889988,False
35,employed,14,1.0,x1,0.27420814657794423,-0.0003791594326767565,-2.8329655310357057e-05,0.0010792636441974146,-0.00043329188671387234,-2.8329655310357057e-05,0.001233171846522385,False
35,employed,15,6.0,x1,-0.042503170635891374,-0.00038365062214447724,0.002851555396602602,0.008358515986785608,-0.00037431657658749576,0.002851555396602602,0.008354849438788836,True
35,employed,16,13.0,x2,-0.21523406834137027,-1.853448157828697e-05,0.9202600378220214,2.6026466567808098,-1.853448157828697e-05,0.7222523360795546,3.1485017508279083,False
35,employed,17,28.0,x1,-0.9710717707960543,-0.0005391132994711982,-0.0002623981012090241,0.0017054404805247891,-0.0025845747380890357,-0.0002623981012090241,0.007527561020989726,False
35,employed,18,14.0,x1,0.9792238685837298,3.970170004606913e-06,-4.040371172348205e-06,1.602255197896696e-05,0.00037913982171119894,-4.040371172348205e-06,0.0010762584243129147,False
35,employed,19,3.0,x1,-0.3612130236852633,0.0009294366816765006,-0.0006088361313517901,0.003175526986592292,-0.04153110156352098,-0.0006088361313517901,0.162770936309784,False
35,employed,20,16.0,x1,-0.24122815813447485,-0.004097875216851341,0.015188174071232886,0.05107181672108796,-0.0031138233648784876,0.015188174071232886,0.050240696406735896,True
35,employed,21,35.0,x2,-0.5045124026340708,-0.00016136727679117428,-0.0010511831293479822,0.0030381401895636095,-0.00016136727679117428,-0.0005039501921796563,0.001504132902912847,True
35,employed,22,24.0,x1,0.28972713370489833,-0.06343173357415832,0.022881715269773895,0.3077351116774243,-0.08180197939579822,0.022881715269773895,0.4219804338905466,False
35,employed,23,16.0,x1,0.8975451610065093,-0.00043798169669916726,1.0789577453606309e-05,0.0012442863082182676,-0.0008144545149285697,1.0789577453606309e-05,0.0023214939413418456,False
35,employed,24,50.0,x2,-0.7606528646249777,-2.6399090192004024e-05,7.351012144597116e-05,0.00022108143852905826,-2.6399090192004024e-05,0.00021239295221410563,0.0006065803575592277,False
35,employed,25,17.0,x1,-0.5840558603870494,0.0004144749198588325,-0.0008612708340916182,0.0027277719816294344,-0.0001424738680369229,-0.0008612708340916182,0.0024894406232971455,True
35,employed,26,10.0,x1,-0.018040323323440965,8.85650072305956e-05,0.0006636571486322591,0.001905683746909137,8.738587368352562e-05,0.0006636571486322591,0.0019052399512919926,True
35,employed,27,29.0,x1,-0.1486959188048016,-7.047088679010182e-05,-9.050373464217115e-06,0.00020109322608918845,-2.865291834706425e-05,-9.050373464217115e-06,8.501340627775633e-05,True
35,employed,28,14.0,x1,-0.4427568514927207,-0.002645509036771884,-1.0337477971416047e-05,0.007669043284835642,-0.0016420672216809512,-1.0337477971416047e-05,0.004716361108709766,True
35,employed,29,50.0,x2,0.847354747980501,0.00021076056044237734,1.1519338751148425e-07,0.0005973038074285064,0.00021076056044237734,-0.00021678953066993765,0.000857619496898554,False
35,employed,30,4.0,x2,0.3131013039922512,-8.007368636794333e-05,-0.000140856383382794,0.00045897684084694745,-8.007368636794333e-05,-0.0001323927426961339,0.0004382641046913882,True
35,employed,31,23.0,x1,0.37762819439832396,0.9614824789985473,0.004128136368566916,2.5824900717146098,1.3247307657256973,0.004128136368566916,4.820471667351914,False
35,employed,32,30.0,x1,0.7785048001648349,-0.00015989286110272278,-9.08190775370399e-05,0.0005210067951115782,-0.0002220324717789443,-9.08190775370399e-05,0.0006800396920678686,False
35,employed,33,4.0,x1,-0.30080417588458896,-0.0009696074671204518,0.2624521117538088,1.861488048063649,-0.0007063733313389964,0.2624521117538088,1.8614788537501572,True
35,employed,34,50.0,x2,-0.6354293020187665,-0.3562513009837297,-9.626710670817388e-05,2.4911571224446516,-0.3562513009837297,0.0001276333655685707,2.4911572328087535,False
35,employed,35,7.0,x1,0.45794401200115087,-0.0500642930259218,3.3493747397188477e-05,0.20698256680924176,-0.0725189739312838,3.3493747397188477e-05,0.3392551879389285,False
35,employed,36,40.0,x1,0.3445470953493204,-0.01713838279185813,0.021310489368863553,0.09716417014053791,-0.021523086464949957,0.021310489368863553,0.1099489335096604,False
35,employed,37,40.0,x2,0.3874431441863444,-0.004034474087649331,0.0004481183083385838,0.011920108533165052,-0.004034474087649331,-0.0021621060641784204,0.013504388701129688,False
35,employed,38,7.0,x1,0.21644379495701416,-0.00018903818363590335,-0.00046402654452569654,0.0014238826300396745,-6.8848916486193294e-06,-0.00046402654452569654,0.0013183446130899945,True
35,employed,39,40.0,x2,0.7310332126489356,-0.006199505777247436,0.0001266063273320031,0.018562040717519768,-0.006199505777247436,-0.005033437929386351,0.02428396381576592,False
35,employed,40,13.0,x1,-0.7451384781229229,-0.004412390518881969,0.00718516969686849,0.0257410674210381,-0.0012484889944551925,0.00718516969686849,0.02204287576615771,True
35,employed,41,39.0,x1,-0.48690330992866926,-0.06631469558913129,0.0001585165119659695,0.3005229211391023,-0.03704441069273483,0.0001585165119659695,0.14090942880619695,True
35,employed,42,2.0,x1,0.6504271272986084,-0.010103289914444782,0.0009986522122798866,0.03145804969498345,0.04470539060871735,0.0009986522122798866,0.17885294249794415,False
35,employed,43,25.0,x2,-0.3467337351431561,-0.002207920051261571,-0.008137820037602123,0.0257415635086784,-0.002207920051261571,-0.005614794953315969,0.0180338101461186,True
35,employed,44,1.0,x1,-0.9293451105841046,-0.00017027876624371252,-5.9578116918042486e-06,0.0004826888221853842,-0.0001809355040779703,-5.9578116918042486e-06,0.0005129129449561454,False
35,employed,45,39.0,x1,-0.020588230070271107,4.3287301266520595e-05,7.100081321265717e-05,0.00023538457359295606,-8.524075891502078e-05,7.100081321265717e-05,0.00031410601500114765,False
35,employed,46,8.0,x1,-0.28298874550196373,0.2522902724163918,-0.4106832819055397,3.385941076624239,0.18089715347900653,-0.4106832819055397,3.1399484697051396,True
35,employed,47,9.0,x2,-0.7742368936392268,-0.0007420410178940668,-0.24963220301130518,1.7614150208129975,-0.0007420410178940668,-0.05634359302002287,0.24174882867489744,True
35,employed,48,14.0,x1,0.09901709492479482,1.1433862399068482e-05,5.7507648128625466e-05,0.00016593153508326353,5.010927577457984e-05,5.7507648128625466e-05,0.00021589679202138612,False
35,employed,49,11.0,x1,-0.3126578374304658,-6.744643696099324e-05,-0.014758369988178817,0.04753301842359692,-5.879458466448996e-05,-0.014758369988178817,0.047532884741894765,True
35,employed,50,24.0,x1,-0.1599405216336962,-0.372855129959625,0.00025609384291346005,2.58227489873595,-0.31322470826433896,0.00025609384291346005,2.2261421572460844,True
35,onlooker,7,2.0,x2,-0.9290825461021222,-0.0010306113598198626,0.0010117978595618276,0.004140534962232767,-0.0010306113598198626,0.0012867879589112483,0.0047354058246189545,False
35,onlooker,18,37.0,x2,-0.7374894025414587,3.970170004606913e-06,-4.040371172348205e-06,1.602255197896696e-05,3.970170004606913e-06,0.0003294218632341039,0.0009347034934603649,False
35,onlooker,39,36.0,x1,-0.9921130182287776,-0.006199505777247436,0.0001266063273320031,0.018562040717519768,-0.017052108068246252,0.0001266063273320031,0.05595667227263279,False
35,onlooker,2,11.0,x1,-0.8877581778988299,-0.09436896430412886,0.0013077781257966369,0.4875869050548691,-0.010627454628651473,0.0013077781257966369,0.033335887453965984,True
35,onlooker,26,2.0,x2,0.6052916759907954,8.738587368352562e-05,0.0006636571486322591,0.0019052399512919926,8.738587368352562e-05,0.000273776082823604,0.0008150442760137544,True
35,onlooker,24,37.0,x2,0.5014051018716823,-2.6399090192004024e-05,7.351012144597116e-05,0.00022108143852905826,-2.6399090192004024e-05,-0.00011432033466488546,0.0003322225709010418,False
35,onlooker,25,47.0,x1,0.9804815477106161,-0.0001424738680369229,-0.0008612708340916182,0.0024894406232971455,0.00044539065901145244,-0.0008612708340916182,0.0027675304075107654,False
35,onlooker,18,7.0,x1,-0.2735236427042662,3.970170004606913e-06,-4.040371172348205e-06,1.602255197896696e-05,-0.00027901233870753444,-4.040371172348205e-06,0.0007913222017106314,False
35,onlooker,11,28.0,x1,-0.2432247974951971,-3.977448615493859e-05,8.036251359370942e-07,0.00011256433911244201,-0.0004294918122812784,8.036251359370942e-07,0.0012197003827592034,False
35,onlooker,24,39.0,x2,-0.4519580509162957,-2.6399090192004024e-05,7.351012144597116e-05,0.00022108143852905826,-2.6399090192004024e-05,9.750737916927252e-05,0.0002859932879784033,False
35,onlooker,26,17.0,x2,0.5699217282413227,8.738587368352562e-05,0.000273776082823604,0.0008150442760137544,8.738587368352562e-05,0.0005793534004258603,0.0016663355236059552,False
35,onlooker,31,1.0,x1,0.3201026822104367,0.9614824789985473,0.004128136368566916,2.5824900717146098,1.269313776710033,0.004128136368566916,4.453045795757834,False
35,onlooker,9,37.0,x2,0.13467733369091617,-3.507596079524755e-05,1.8274225380873424e-05,0.00011190837248209462,-3.507596079524755e-05,-3.961602961468798e-05,0.00014973424222519682,False
35,onlooker,20,36.0,x2,0.7131865717375603,-0.0031138233648784876,0.015188174071232886,0.050240696406735896,-0.0031138233648784876,0.010821821013019251,0.03522396493746571,True
35,onlooker,39,27.0,x2,0.44538864051905946,-0.006199505777247436,0.0001266063273320031,0.018562040717519768,-0.006199505777247436,0.00018702628087693244,0.01856686643546057,False
35,onlooker,20,40.0,x2,0.6581037832456362,-0.0031138233648784876,0.010821821013019251,0.03522396493746571,-0.0031138233648784876,0.01321511500252329,0.04330295638111581,False
35,onlooker,8,13.0,x2,-0.4600225253016832,7.734428004467782e-06,-0.0009888655520280563,0.002823059775878267,7.734428004467782e-06,-0.0003980103798185543,0.001130175739675554,True
35,onlooker,9,21.0,x1,-0.6139335771007755,-3.507596079524755e-05,1.8274225380873424e-05,0.00011190837248209462,-0.00011261044018139122,1.8274225380873424e-05,0.00032302360393687835,False
35,onlooker,29,5.0,x1,-0.4601616939464872,0.00021076056044237734,1.1519338751148425e-07,0.0005973038074285064,-0.01879666318717226,1.1519338751148425e-07,0.0625457618337042,False
35,onlooker,32,20.0,x2,-0.15707451629318459,-0.00015989286110272278,-9.08190775370399e-05,0.0005210067951115782,-0.00015989286110272278,0.0016232785861687036,0.004684390388316917,False
35,onlooker,40,50.0,x2,0.13013556650842584,-0.0012484889944551925,0.00718516969686849,0.02204287576615771,-0.0012484889944551925,0.008086888908502782,0.024926132876118334,False
35,onlooker,5,7.0,x2,0.9370014440588321,-0.04109520644563578,-0.0039025813179732784,0.161505056176662,-0.04109520644563578,-0.008507361703976328,0.16494206832894465,False
35,onlooker,34,38.0,x1,0.35152751537108284,-0.3562513009837297,-9.626710670817388e-05,2.4911571224446516,-0.4814810154374012,-9.626710670817388e-05,3.0313990826413684,False
35,onlooker,9,23.0,x2,0.5961608752387313,-3.507596079524755e-05,1.8274225380873424e-05,0.00011190837248209462,-3.507596079524755e-05,2.2736279640046742e-05,0.00011827550582355073,False
35,onlooker,43,12.0,x1,0.19192358166764123,-0.002207920051261571,-0.005614794953315969,0.0180338101461186,-0.0027068065248705394,-0.005614794953315969,0.01866443332516754,False
35,onlooker,8,48.0,x2,-0.4955914220150248,7.734428004467782e-06,-0.0003980103798185543,0.001130175739675554,7.734428004467782e-06,-0.00017225955259473166,0.0004885062100297155,True
35,onlooker,37,12.0,x1,0.2321078857570833,-0.004034474087649331,0.0004481183083385838,0.011920108533165052,-0.005061773302957428,0.0004481183083385838,0.015060314178005019,False
35,onlooker,32,17.0,x1,0.6376677308521024,-0.00015989286110272278,-9.08190775370399e-05,0.0005210067951115782,8.192377532444247e-05,-9.08190775370399e-05,0.00034634181131609765,True
35,onlooker,44,42.0,x1,-0.33840356107056535,-0.00017027876624371252,-5.9578116918042486e-06,0.0004826888221853842,-0.0035316451109485797,-5.9578116918042486e-06,0.010321104834247752,False
35,onlooker,37,28.0,x2,0.18525664898402328,-0.004034474087649331,0.0004481183083385838,0.011920108533165052,-0.004034474087649331,0.0005330502910177098,0.011951322797902453,False
35,onlooker,23,31.0,x2,-0.7286916839285,-0.00043798169669916726,1.0789577453606309e-05,0.0012442863082182676,-0.00043798169669916726,0.00301106594398757,0.008852721533774588,False
35,onlooker,20,9.0,x1,-0.43978893805714847,-0.0031138233648784876,0.010821821013019251,0.03522396493746571,-0.0017598243134905169,0.010821821013019251,0.03420866401039335,True
35,onlooker,7,12.0,x2,0.5638585115754318,-0.0010306113598198626,0.0010117978595618276,0.004140534962232767,-0.0010306113598198626,0.0015360806066436466,0.005323093486837127,False
35,onlooker,27,2.0,x2,0.5770489676042312,-2.865291834706425e-05,-9.050373464217115e-06,8.501340627775633e-05,-2.865291834706425e-05,-0.000768924899474522,0.002192123180837502,False
35,onlooker,45,44.0,x2,0.6460337657466435,4.3287301266520595e-05,7.100081321265717e-05,0.00023538457359295606,4.3287301266520595e-05,0.00012071868346636981,0.00036316970865302167,False
35,onlooker,49,29.0,x1,0.9251752570298097,-5.879458466448996e-05,-0.014758369988178817,0.047532884741894765,-0.0003081803353224436,-0.014758369988178817,0.047544085180700524,False
35,onlooker,48,16.0,x1,0.7268675121117416,1.1433862399068482e-05,5.7507648128625466e-05,0.00016593153508326353,3.3216878027997736e-05,5.7507648128625466e-05,0.00018795760129508565,False
35,onlooker,40,39.0,x1,0.7925615425838439,-0.0012484889944551925,0.00718516969686849,0.02204287576615771,0.002675496504273128,0.00718516969686849,0.023250584292281662,False
35,onlooker,19,21.0,x1,0.28010461840727285,0.0009294366816765006,-0.0006088361313517901,0.003175526986592292,0.0012349759082202314,-0.0006088361313517901,0.003944937083514066,False
35,onlooker,37,45.0,x2,0.7516906413185638,-0.004034474087649331,0.0004481183083385838,0.011920108533165052,-0.004034474087649331,0.0007315940001022419,0.012044935345287389,False
35,onlooker,36,48.0,x2,-0.6427427621075155,-0.01713838279185813,0.021310489368863553,0.09716417014053791,-0.01713838279185813,0.007650289194657848,0.06244055821037309,True
35,onlooker,48,4.0,x1,0.11124376238383649,1.1433862399068482e-05,5.7507648128625466e-05,0.00016593153508326353,2.321902601655108e-05,5.7507648128625466e-05,0.0001755162789121023,False
35,onlooker,5,29.0,x2,-0.21978057508856108,-0.04109520644563578,-0.0039025813179732784,0.161505056176662,-0.04109520644563578,-0.0030448444343102827,0.1611447022186927,True
35,onlooker,5,33.0,x2,0.46239599924568364,-0.04109520644563578,-0.0030448444343102827,0.1611447022186927,-0.04109520644563578,-0.1258095747876031,0.7839291062461986,False
35,onlooker,9,36.0,x2,-0.6419049017045342,-3.507596079524755e-05,1.8274225380873424e-05,0.00011190837248209462,-3.507596079524755e-05,0.004917302044042143,0.01455235935617738,False
35,onlooker,8,9.0,x1,0.19815693790866984,7.734428004467782e-06,-0.00017225955259473166,0.0004885062100297155,1.621760355969899e-05,-0.00017225955259473166,0.0004901752443129404,False
35,onlooker,39,30.0,x1,0.6187029060364901,-0.006199505777247436,0.0001266063273320031,0.018562040717519768,-0.009985616195167532,0.0001266063273320031,0.030899282865207045,False
35,onlooker,28,41.0,x2,0.9530450022666013,-0.0016420672216809512,-1.0337477971416047e-05,0.004716361108709766,-0.0016420672216809512,-0.00017126292919401631,0.004742239934675485,False
35,onlooker,19,8.0,x1,-0.7292063765900847,0.0009294366816765006,-0.0006088361313517901,0.003175526986592292,0.00025732552098140253,-0.0006088361313517901,0.0018811746587563682,True
35,onlooker,29,27.0,x1,-0.6315292429159385,0.00021076056044237734,1.1519338751148425e-07,0.0005973038074285064,5.9563947438610204e-05,1.1519338751148425e-07,0.00016856707381807112,True
36,employed,1,45.0,x1,0.9134967369083768,-0.00018174569893953302,5.578461062080909e-06,0.0005151769583311427,-0.00038731261032446513,5.578461062080909e-06,0.0010995944877092434,False
36,employed,2,14.0,x2,-0.586234138197866,-0.010627454628651473,0.0013077781257966369,0.033335887453965984,-0.010627454628651473,0.0005245061321999153,0.03310756574505236,True
36,employed,3,12.0,x2,-0.2251569406172811,-0.1166204174514755,0.15447475442330827,1.3349460710235488,-0.1166204174514755,0.11971215086560724,1.0962633703608309,True
36,employed,4,43.0,x2,0.19192121988223576,-9.45061324818936e-05,-0.0001678880200407799,0.0005459125742039994,-9.45061324818936e-05,0.0008774890031784022,0.002517007785190817,False
36,employed,5,4.0,x1,-0.05404182965586557,-0.04109520644563578,-0.0030448444343102827,0.1611447022186927,-0.038879453583541126,-0.0030448444343102827,0.1503006024812028,True
36,employed,6,5.0,x1,-0.1875717719831198,-0.00016404240427897487,0.0005456868984920351,0.0016203134987091694,-0.007425960682228262,0.0005456868984920351,0.02253609732322248,False
36,employed,7,21.0,x1,0.29670533141929134,-0.0010306113598198626,0.0010117978595618276,0.004140534962232767,-0.0012885207135591476,0.0010117978595618276,0.004705276509149758,False
36,employed,8,28.0,x2,0.749509564678172,7.734428004467782e-06,-0.00017225955259473166,0.0004885062100297155,7.734428004467782e-06,-0.0002936216962574394,0.0008330729682204385,False
36,employed,9,1.0,x1,0.5479976441892982,-3.507596079524755e-05,1.8274225380873424e-05,0.00011190837248209462,4.529871018168213e-05,1.8274225380873424e-05,0.00013822055853340842,False
36,employed,10,2.0,x1,-0.391420343047268,2.3204008653710266e-05,0.001306388910607418,0.003741067719758906,-0.004145680448839633,0.001306388910607418,0.01279719259066825,False
36,employed,11,45.0,x2,0.3808283433542434,-3.977448615493859e-05,8.036251359370942e-07,0.00011256433911244201,-3.977448615493859e-05,-2.5929453707446466e-05,0.0001343536278715085,False
36,employed,12,9.0,x2,-0.01843091177611411,0.00039148159221600074,8.198526239633885e-05,0.001135558073052767,0.00039148159221600074,8.081100989394207e-05,0.0011348768706125334,True
36,employed,13,37.0,x1,0.8746866426790587,-0.00016633207831269996,0.0002955393188465137,0.0009622699003064561,0.003217080069239786,0.0002955393188465137,0.009415486965342001,False
36,employed,14,33.0,x2,-0.9506491771341454,-0.0003791594326767565,-2.8329655310357057e-05,0.0010792636441974146,-0.0003791594326767565,0.24949848598407603,1.7603475298944002,False
36,employed,15,26.0,x1,-0.6940767216583446,-0.00037431657658749576,0.002851555396602602,0.008354849438788836,-5.3859653521760376e-05,0.002851555396602602,0.008283443089578402,True
36,employed,16,3.0,x2,0.19702126936316855,-1.853448157828697e-05,0.9202600378220214,2.6026466567808098,-1.853448157828697e-05,1.0779849986961765,2.983274407137142,False
36,employed,17,40.0,x2,-0.9278788890071914,-0.0005391132994711982,-0.0002623981012090241,0.0017054404805247891,-0.0005391132994711982,0.006648042833076875,0.020049418532142926,False
36,employed,18,40.0,x1,0.4127757596230175,3.970170004606913e-06,-4.040371172348205e-06,1.602255197896696e-05,0.0005209549530113105,-4.040371172348205e-06,0.0014807546351716105,False
36,employed,19,38.0,x2,-0.5105432545685991,0.00025732552098140253,-0.0006088361313517901,0.0018811746587563682,0.00025732552098140253,-0.0005349045736008621,0.001688284998874412,True
36,employed,20,21.0,x1,-0.7604983455855621,-0.0017598243134905169,0.010821821013019251,0.03420866401039335,-0.0005442003815910668,0.010821821013019251,0.03377077059867206,True
36,employed,21,12.0,x2,-0.39442065704513984,-0.00016136727679117428,-0.0005039501921796563,0.001504132902912847,-0.00016136727679117428,-0.0002733082946432818,0.0009003987666678093,True
36,employed,22,16.0,x2,-0.6499202238063764,-0.06343173357415832,0.022881715269773895,0.3077351116774243,-0.06343173357415832,0.6061060355019212,3.299552400776378,False
36,employed,23,10.0,x1,0.8029407995843203,-0.00043798169669916726,1.0789577453606309e-05,0.0012442863082182676,-0.0008082865157120655,1.0789577453606309e-05,0.0023037832251167067,False
36,employed,24,40.0,x1,-0.3110445930171253,-2.6399090192004024e-05,7.351012144597116e-05,0.00022108143852905826,-0.00040652354709388506,7.351012144597116e-05,0.0011730140648293919,False
36,employed,25,48.0,x1,-0.5221545744153522,-0.0001424738680369229,-0.0008612708340916182,0.0024894406232971455,-6.211024255188507e-05,-0.0008612708340916182,0.002462223115277329,True
36,employed,26,20.0,x2,0.6270506228691413,8.738587368352562e-05,0.000273776082823604,0.0008150442760137544,8.738587368352562e-05,-0.006340382060707264,0.019005333113292,False
36,employed,27,22.0,x2,-0.530749354183708,-2.865291834706425e-05,-9.050373464217115e-06,8.501340627775633e-05,-2.865291834706425e-05,0.012140208708455023,0.03825765429454053,False
36,employed,28,19.0,x2,0.0014421447493631057,-0.0016420672216809512,-1.0337477971416047e-05,0.004716361108709766,-0.0016420672216809512,-9.580976288765386e-06,0.004716347730255865,True
36,employed,29,32.0,x1,-0.18878700083695343,5.9563947438610204e-05,1.1519338751148425e-07,0.00016856707381807112,6.378519228440696e-05,1.1519338751148425e-07,0.00018052040142935155,False
36,employed,30,22.0,x2,-0.4721127743971496,-8.007368636794333e-05,-0.0001323927426961339,0.0004382641046913882,-8.007368636794333e-05,0.01073286164134676,0.03342265469324035,False
36,employed,31,27.0,x2,-0.5610875324609073,0.9614824789985473,0.004128136368566916,2.5824900717146098,0.9614824789985473,0.0018068124681506876,2.582108178768998,True
36,employed,32,44.0,x1,0.4947341405326029,8.192377532444247e-05,-9.08190775370399e-05,0.00034634181131609765,0.00020669698296730169,-9.08190775370399e-05,0.0006399291230505533,False
36,employed,33,21.0,x1,0.49445569406569545,-0.0007063733313389964,0.2624521117538088,1.8614788537501572,-0.0009758546783104462,0.2624521117538088,1.8614883013522392,False
36,employed,34,1.0,x1,-0.31102155471520687,-0.3562513009837297,-9.626710670817388e-05,2.4911571224446516,-0.24550599431230197,-9.626710670817388e-05,1.7286010898486173,True
36,employed,35,22.0,x2,-0.060402984908605406,-0.0500642930259218,3.3493747397188477e-05,0.20698256680924176,-0.0500642930259218,0.001413594527201782,0.2070908525803472,False
36,employed,36,38.0,x1,0.9256148551234276,-0.01713838279185813,0.007650289194657848,0.06244055821037309,-0.03299555173880786,0.007650289194657848,0.12607331799245403,False
36,employed,37,19.0,x2,-0.2988003009442506,-0.004034474087649331,0.0004481183083385838,0.011920108533165052,-0.004034474087649331,0.00015439077537999281,0.011853574562004088,True
36,employed,38,30.0,x2,-0.4374927716168422,-6.8848916486193294e-06,-0.00046402654452569654,0.0013183446130899945,-6.8848916486193294e-06,-0.0003189391534014506,0.0009050162687995744,True
36,employed,39,7.0,x1,0.9230817409843974,-0.006199505777247436,0.0001266063273320031,0.018562040717519768,-0.010970817835051013,0.0001266063273320031,0.034234429119508025,False
36,employed,40,41.0,x2,0.9169991060482556,-0.0012484889944551925,0.00718516969686849,0.02204287576615771,-0.0012484889944551925,0.013628604385935229,0.04368869467541758,False
36,employed,41,11.0,x2,-0.9643815700606588,-0.03704441069273483,0.0001585165119659695,0.14090942880619695,-0.03704441069273483,6.421110546023831e-06,0.14090781210807224,True
36,employed,42,22.0,x2,0.8672179259831625,-0.010103289914444782,0.0009986522122798866,0.03145804969498345,-0.010103289914444782,-0.017978732346598827,0.06962228641433343,False
36,employed,43,7.0,x2,-0.7656289543308032,-0.002207920051261571,-0.005614794953315969,0.0180338101461186,-0.002207920051261571,-0.0005412836272163249,0.006567474307971555,True
36,employed,44,4.0,x1,0.5300359978639495,-0.00017027876624371252,-5.9578116918042486e-06,0.0004826888221853842,-0.00021044098979043781,-5.9578116918042486e-06,0.0005966356872169065,False
36,employed,45,39.0,x2,0.3907521113269281,4.3287301266520595e-05,7.100081321265717e-05,0.00023538457359295606,4.3287301266520595e-05,4.927284116910343e-05,0.0001856214896140962,True
36,employed,46,3.0,x2,0.4465766716304076,0.18089715347900653,-0.4106832819055397,3.1399484697051396,0.18089715347900653,-0.6475455089204482,3.618182074675183,False
36,employed,47,22.0,x1,-0.6842111561267901,-0.0007420410178940668,-0.05634359302002287,0.24174882867489744,-0.043635028039048666,-0.05634359302002287,0.3323001534382084,False
36,employed,48,15.0,x1,0.0022936798659218827,1.1433862399068482e-05,5.7507648128625466e-05,0.00016593153508326353,1.1583624821911337e-05,5.7507648128625466e-05,0.00016601475015720624,False
36,employed,49,17.0,x1,0.9394984534831847,-5.879458466448996e-05,-0.014758369988178817,0.047532884741894765,0.0003924641050754433,-0.014758369988178817,0.04755131137766755,False
36,employed,50,24.0,x2,-0.25569897949571274,-0.31322470826433896,0.00025609384291346005,2.2261421572460844,-0.31322470826433896,0.00020940737166169369,2.2261417719360996,True
36,onlooker,33,32.0,x2,-0.9951214391894652,-0.0007063733313389964,0.2624521117538088,1.8614788537501572,-0.0007063733313389964,0.0011900125758997349,0.003965167561333249,True
36,onlooker,30,12.0,x1,-0.24953271682415679,-8.007368636794333e-05,-0.0001323927426961339,0.0004382641046913882,3.759478342988034e-05,-0.0001323927426961339,0.0003897724666441782,True
36,onlooker,36,28.0,x1,-0.26268971168980615,-0.01713838279185813,0.007650289194657848,0.06244055821037309,-0.013067660122474033,0.007650289194657848,0.04892486874323909,True
36,onlooker,9,26.0,x2,-0.36126795298559355,-3.507596079524755e-05,1.8274225380873424e-05,0.00011190837248209462,-3.507596079524755e-05,0.00011057885840322563,0.00032848037801658236,False
36,onlooker,45,27.0,x2,0.731927988340825,4.3287301266520595e-05,4.927284116910343e-05,0.0001856214896140962,4.3287301266520595e-05,9.19612343292399e-05,0.00028775599673425134,False
36,onlooker,19,42.0,x2,-0.8869261956558427,0.00025732552098140253,-0.0005349045736008621,0.001688284998874412,0.00025732552098140253,0.0008252471123225521,0.002464891528469071,False
36,onlooker,14,4.0,x2,-0.9366996385702522,-0.0003791594326767565,-2.8329655310357057e-05,0.0010792636441974146,-0.0003791594326767565,-0.00015905392511279955,0.001167463614646369,False
36,onlooker,45,36.0,x2,0.25022012893694123,4.3287301266520595e-05,4.927284116910343e-05,0.0001856214896140962,4.3287301266520595e-05,-0.001852654450852649,0.005332972909780853,False
36,onlooker,26,29.0,x2,0.277380762772907,8.738587368352562e-05,0.000273776082823604,0.0008150442760137544,8.738587368352562e-05,0.0003496843490764995,0.0010229315898517832,False
36,onlooker,41,30.0,x1,0.4971615262217648,-0.03704441069273483,6.421110546023831e-06,0.14090781210807224,-0.05548015713062871,6.421110546023831e-06,0.23683679433699156,False
36,onlooker,14,49.0,x2,-0.9362055831259422,-0.0003791594326767565,-2.8329655310357057e-05,0.0010792636441974146,-0.0003791594326767565,-0.01381867565461212,0.044180477586384104,False
36,onlooker,19,45.0,x1,-0.6389540746276197,0.00025732552098140253,-0.0005349045736008621,0.001688284998874412,0.000120564928368537,-0.0005349045736008621,0.0015588994674726742,True
36,onlooker,7,19.0,x2,-0.14361059896634498,-0.0010306113598198626,0.0010117978595618276,0.004140534962232767,-0.0010306113598198626,0.0007896749967126306,0.0037172131957956545,True
36,onlooker,47,41.0,x1,-0.07182072461897171,-0.0007420410178940668,-0.05634359302002287,0.24174882867489744,-0.0033493035133269145,-0.05634359302002287,0.24229162058847153,False
36,onlooker,49,32.0,x2,0.7473174639637825,-5.879458466448996e-05,-0.014758369988178817,0.047532884741894765,-5.879458466448996e-05,-0.025719686937279298,0.090265282574443,False
36,onlooker,12,25.0,x1,-0.9405655732871334,0.00039148159221600074,8.081100989394207e-05,0.0011348768706125334,-3.515127189081848e-05,8.081100989394207e-05,0.00024946218760435457,True
36,onlooker,1,36.0,x2,-0.7634127550687986,-0.00018174569893953302,5.578461062080909e-06,0.0005151769583311427,-0.00018174569893953302,0.0058416481439004415,0.017439984123268193,False
36,onlooker,26,36.0,x2,-0.9355308275407215,8.738587368352562e-05,0.000273776082823604,0.0008150442760137544,8.738587368352562e-05,0.007174731498702877,0.021665074873177037,False
36,onlooker,22,35.0,x2,0.7794619757097001,-0.06343173357415832,0.022881715269773895,0.3077351116774243,-0.06343173357415832,0.04069103515905853,0.3586257488832456,False
36,onlooker,14,49.0,x1,0.6890829993193948,-0.0003791594326767565,-2.8329655310357057e-05,0.0010792636441974146,-0.0005999174030215512,-2.8329655310357057e-05,0.0017083184535775509,False
36,onlooker,32,20.0,x1,0.42222075239899715,8.192377532444247e-05,-9.08190775370399e-05,0.00034634181131609765,0.00034628638795249653,-9.08190775370399e-05,0.001015983212504512,False
36,onlooker,41,15.0,x2,0.9856601298140586,-0.03704441069273483,6.421110546023831e-06,0.14090781210807224,-0.03704441069273483,-0.002797914319186932,0.1414118734273626,False
36,onlooker,45,24.0,x1,0.4456598315507905,4.3287301266520595e-05,4.927284116910343e-05,0.0001856214896140962,7.434372674530913e-05,4.927284116910343e-05,0.0002524783900743621,False
36,onlooker,25,39.0,x1,0.6539644077559628,-6.211024255188507e-05,-0.0008612708340916182,0.002462223115277329,0.0039515279934593805,-0.0008612708340916182,0.011874494088499166,False
36,onlooker,2,5.0,x2,-0.32706516824654597,-0.010627454628651473,0.0005245061321999153,0.03310756574505236,-0.010627454628651473,-0.0006429041113666468,0.03312960723873504,False
36,onlooker,45,20.0,x1,0.7750244304038485,4.3287301266520595e-05,4.927284116910343e-05,0.0001856214896140962,0.000498604608042499,4.927284116910343e-05,0.0014238207995416197,False
36,onlooker,23,15.0,x1,0.8012903661249904,-0.00043798169669916726,1.0789577453606309e-05,0.0012442863082182676,-0.000745774989313471,1.0789577453606309e-05,0.0021244041642423106,False
36,onlooker,27,18.0,x2,-0.9111859927443664,-2.865291834706425e-05,-9.050373464217115e-06,8.501340627775633e-05,-2.865291834706425e-05,-4.485329552248991e-06,8.205204616418271e-05,True
36,onlooker,6,8.0,x1,-0.27032741917878744,-0.00016404240427897487,0.0005456868984920351,0.0016203134987091694,-0.0001176064165330844,0.0005456868984920351,0.0015871717074600333,True
36,onlooker,29,16.0,x1,-0.8689447324703996,5.9563947438610204e-05,1.1519338751148425e-07,0.00016856707381807112,-8.299271069836007e-06,1.1519338751148425e-07,2.3477978914332454e-05,True
36,onlooker,13,22.0,x1,0.9845398573446582,-0.00016633207831269996,0.0002955393188465137,0.0009622699003064561,0.06212097728525968,0.0002955393188465137,0.2752644590799034,False
36,onlooker,19,5.0,x1,0.16222962894786686,0.000120564928368537,-0.0005349045736008621,0.0015588994674726742,0.00644752346051558,-0.0005349045736008621,0.019413194656661137,False
36,onlooker,45,39.0,x2,0.6724366183744732,4.3287301266520595e-05,4.927284116910343e-05,0.0001856214896140962,4.3287301266520595e-05,-2.729026753385945e-06,0.00012272814573011104,True
36,onlooker,46,32.0,x2,0.9898454613069974,0.18089715347900653,-0.4106832819055397,3.1399484697051396,0.18089715347900653,-0.8171063676827002,3.4363378183651645,False
36,onlooker,2,42.0,x1,0.7140213390445234,-0.010627454628651473,0.0005245061321999153,0.03310756574505236,-0.011001719419769225,0.0005245061321999153,0.034380044067380044,False
36,onlooker,45,24.0,x1,0.5755118472412,4.3287301266520595e-05,-2.729026753385945e-06,0.00012272814573011104,8.339264514238948e-05,-2.729026753385945e-06,0.000236181666423807,False
36,onlooker,10,31.0,x1,-0.2827096952730772,2.3204008653710266e-05,0.001306388910607418,0.003741067719758906,0.27183706265852026,0.001306388910607418,1.932858718669412,False
36,onlooker,29,35.0,x2,-0.30586266650764227,-8.299271069836007e-06,1.1519338751148425e-07,2.3477978914332454e-05,-8.299271069836007e-06,1.0324446921080644e-05,3.747168250756161e-05,False
36,onlooker,11,17.0,x1,0.32791449021488517,-3.977448615493859e-05,8.036251359370942e-07,0.00011256433911244201,0.0001239659462581684,8.036251359370942e-07,0.0003510452424255739,False
36,onlooker,33,38.0,x1,-0.746926782854588,-0.0007063733313389964,0.0011900125758997349,0.003965167561333249,-0.0001839066814370876,0.0011900125758997349,0.003444429831067186,True
36,onlooker,41,34.0,x1,-0.9389898466187216,-0.03704441069273483,6.421110546023831e-06,0.14090781210807224,-0.23278772112156798,6.421110546023831e-06,1.6258395582557736,False
36,onlooker,17,24.0,x2,-0.2787650192263704,-0.0005391132994711982,-0.0002623981012090241,0.0017054404805247891,-0.0005391132994711982,-0.00016875863906230842,0.0016063027591859402,True
36,onlooker,6,12.0,x2,-0.9508772101797349,-0.0001176064165330844,0.0005456868984920351,0.0015871717074600333,-0.0001176064165330844,0.00010364701046205516,0.0004440410761188396,True
36,onlooker,5,15.0,x2,0.6399405312714612,-0.038879453583541126,-0.0030448444343102827,0.1503006024812028,-0.038879453583541126,-0.006818189674693628,0.15261791798369417,False
36,onlooker,25,21.0,x2,0.32432588791709804,-6.211024255188507e-05,-0.0008612708340916182,0.002462223115277329,-6.211024255188507e-05,-0.0010519623067601917,0.003010150386594024,False
36,onlooker,26,7.0,x1,-0.5547532723516209,8.738587368352562e-05,0.000273776082823604,0.0008150442760137544,-0.0005328267500825381,0.000273776082823604,0.0017039174544284386,False
36,onlooker,11,31.0,x2,-0.07675126762130713,-3.977448615493859e-05,8.036251359370942e-07,0.00011256433911244201,-3.977448615493859e-05,0.00013941709317260946,0.0004106244378019319,False
36,onlooker,19,29.0,x1,0.9402315715651144,0.000120564928368537,-0.0005349045736008621,0.0015588994674726742,0.00024172711712495878,-0.0005349045736008621,0.0016694276694946275,False
36,onlooker,15,27.0,x2,-0.039259968711768733,-5.3859653521760376e-05,0.002851555396602602,0.008283443089578402,-5.3859653521760376e-05,0.0027394273270542253,0.007949664539371515,True
36,onlooker,36,37.0,x2,0.45814144282608105,-0.013067660122474033,0.007650289194657848,0.04892486874323909,-0.013067660122474033,0.011084470911743544,0.056270449508993625,False
37,employed,1,11.0,x1,-0.1018137272776245,-0.00018174569893953302,5.578461062080909e-06,0.0005151769583311427,-0.00016729108059980872,5.578461062080909e-06,0.000474179684947007,True
37,employed,2,41.0,x1,-0.2369396589187125,-0.010627454628651473,0.0005245061321999153,0.03310756574505236,-0.016886679188145997,0.0005245061321999153,0.055368559021680586,False
37,employed,3,50.0,x2,-0.27042651641560167,-0.1166204174514755,0.11971215086560724,1.0962633703608309,-0.1166204174514755,0.08739544024043233,0.9048076381639523,True
37,employed,4,26.0,x2,-0.050948810394906285,-9.45061324818936e-05,-0.0001678880200407799,0.0005459125742039994,-9.45061324818936e-05,-0.000145385759405706,0.0004912570165385155,True
37,employed,5,23.0,x1,0.6912627366392432,-0.038879453583541126,-0.0030448444343102827,0.1503006024812028,-0.06545261064048002,-0.0030448444343102827,0.2957041338546813,False
37,employed,6,9.0,x1,0.13532941282796607,-0.0001176064165330844,0.00010364701046205516,0.0004440410761188396,-0.0001287752146485103,0.00010364701046205516,0.0004682809200571292,False
37,employed,7,32.0,x2,0.7024426161387416,-0.0010306113598198626,0.0007896749967126306,0.0037172131957956545,-0.0010306113598198626,0.0014081715577232284,0.005016756314067283,False
37,employed,8,31.0,x2,0.9200406955755613,7.734428004467782e-06,-0.00017225955259473166,0.0004885062100297155,7.734428004467782e-06,-0.001993086351155479,0.005743118471241093,False
37,employed,9,44.0,x2,-0.30252010329453705,-3.507596079524755e-05,1.8274225380873424e-05,0.00011190837248209462,-3.507596079524755e-05,1.0943547022609923e-05,0.00010396224161413059,True
37,employed,10,44.0,x1,0.9169556281869113,2.3204008653710266e-05,0.001306388910607418,0.003741067719758906,0.00020061912805312333,0.001306388910607418,0.0037848583543120817,False
37,employed,11,14.0,x2,0.22041761332881693,-3.977448615493859e-05,8.036251359370942e-07,0.00011256433911244201,-3.977448615493859e-05,7.225113280348342e-06,0.00011438378089723145,False
37,employed,12,15.0,x1,0.2991345581644351,-3.515127189081848e-05,8.081100989394207e-05,0.00024946218760435457,-2.9554948417675045e-05,8.081100989394207e-05,0.0002435719974731576,True
37,employed,13,5.0,x1,0.46837604373811503,-0.00016633207831269996,0.0002955393188465137,0.0009622699003064561,0.01796596661305913,0.0002955393188465137,0.059396730627817806,False
37,employed,14,22.0,x1,0.17461435735287356,-0.0003791594326767565,-2.8329655310357057e-05,0.0010792636441974146,0.01063072528048246,-2.8329655310357057e-05,0.03307488852901885,False
37,employed,15,2.0,x1,0.3908829104206566,-5.3859653521760376e-05,0.0027394273270542253,0.007949664539371515,0.004079177923966172,0.0027394273270542253,0.014540771952340936,False
37,employed,16,26.0,x1,0.25050201537568406,-1.853448157828697e-05,0.9202600378220214,2.6026466567808098,-4.5067744040679465e-05,0.9202600378220214,2.6026467016340473,False
37,employed,17,16.0,x2,-0.7083596531571712,-0.0005391132994711982,-0.00016875863906230842,0.0016063027591859402,-0.0005391132994711982,0.6518258643779835,3.244879557495022,False
37,employed,18,23.0,x2,0.8879582425727266,3.970170004606913e-06,-4.040371172348205e-06,1.602255197896696e-05,3.970170004606913e-06,-1.7208746291694595e-05,4.9960538558213585e-05,False
37,employed,19,12.0,x2,0.3516780240705033,0.000120564928368537,-0.0005349045736008621,0.0015588994674726742,0.000120564928368537,-0.0007514382133937318,0.0021679940520908936,False
37,employed,20,3.0,x2,0.43619957053385683,-0.0005442003815910668,0.010821821013019251,0.03377077059867206,-0.0005442003815910668,-0.02257955880820142,0.07741008259408177,False
37,employed,21,12.0,x1,-0.09696587954133506,-0.00016136727679117428,-0.0002733082946432818,0.0009003987666678093,-0.00014858597843604666,-0.0002733082946432818,0.0008824643068057192,True
37,employed,22,19.0,x1,-0.774319313365289,-0.06343173357415832,0.022881715269773895,0.3077351116774243,-0.01422196143489584,0.022881715269773895,0.09543255032994624,True
37,employed,23,17.0,x1,-0.29975008341362885,-0.00043798169669916726,1.0789577453606309e-05,0.0012442863082182676,-0.0004682959030658375,1.0789577453606309e-05,0.001330735070333322,False
37,employed,24,27.0,x2,0.9447030658799747,-2.6399090192004024e-05,7.351012144597116e-05,0.00022108143852905826,-2.6399090192004024e-05,0.00014719266312868107,0.0004235620693049391,False
37,employed,25,24.0,x2,0.8288523112652677,-6.211024255188507e-05,-0.0008612708340916182,0.002462223115277329,-6.211024255188507e-05,-0.0016360661896157045,0.004702205028153106,False
37,employed,26,23.0,x2,-0.7849133982501211,8.738587368352562e-05,0.000273776082823604,0.0008150442760137544,8.738587368352562e-05,6.735445119971539e-05,0.000312387125799507,True
37,employed,27,12.0,x1,-0.1849646478847995,-2.865291834706425e-05,-4.485329552248991e-06,8.205204616418271e-05,-2.8819762021456277e-05,-4.485329552248991e-06,8.251856113306033e-05,False
37,employed,28,16.0,x1,0.7316585750649833,-0.0016420672216809512,-9.580976288765386e-06,0.004716347730255865,-0.0028299388728758148,-9.580976288765386e-06,0.008217564958834078,False
37,employed,29,35.0,x1,0.15661690383734683,-8.299271069836007e-06,1.1519338751148425e-07,2.3477978914332454e-05,0.007831315489316648,1.1519338751148425e-07,0.02378258451277704,False
37,employed,30,25.0,x1,-0.2054587634218663,3.759478342988034e-05,-0.0001323927426961339,0.0003897724666441782,1.710951208472177e-05,-0.0001323927426961339,0.0003780517960412233,True
37,employed,31,30.0,x2,-0.750785669111238,0.9614824789985473,0.0018068124681506876,2.582108178768998,0.9614824789985473,0.00035088498638105744,2.582021087034122,True
37,employed,32,8.0,x2,-0.3937672932066001,8.192377532444247e-05,-9.08190775370399e-05,0.00034634181131609765,8.192377532444247e-05,-0.00012288767295796682,0.0004183165007103362,False
37,employed,33,9.0,x1,0.35419743804963333,-0.0001839066814370876,0.0011900125758997349,0.003444429831067186,-0.000236622141391508,0.0011900125758997349,0.0034709572329956195,False
37,employed,34,2.0,x1,-0.6796450166664998,-0.24550599431230197,-9.626710670817388e-05,1.7286010898486173,-0.08587196529440419,-9.626710670817388e-05,0.42779569444549326,True
37,employed,35,46.0,x1,0.9950862964441738,-0.0500642930259218,3.3493747397188477e-05,0.20698256680924176,-0.2798908634499001,3.3493747397188477e-05,1.9926970597682439,False
37,employed,36,24.0,x1,-0.009259853956483433,-0.013067660122474033,0.007650289194657848,0.04892486874323909,-0.012946899949906722,0.007650289194657848,0.048547083950940095,True
37,employed,37,39.0,x2,-0.9276208447588499,-0.004034474087649331,0.00015439077537999281,0.011853574562004088,-0.004034474087649331,0.00012861734221055824,0.01185082513299962,True
37,employed,38,21.0,x1,-0.8003442363700803,-6.8848916486193294e-06,-0.0003189391534014506,0.0009050162687995744,-0.00012029453974631334,-0.0003189391534014506,0.0009672224819614605,False
37,employed,39,20.0,x2,0.9676436822577497,-0.006199505777247436,0.0001266063273320031,0.018562040717519768,-0.006199505777247436,-0.010222550593663567,0.037617641530712564,False
37,employed,40,37.0,x1,0.9700917513704359,-0.0012484889944551925,0.00718516969686849,0.02204287576615771,0.0014541721638934363,0.00718516969686849,0.02216518768264608,False
37,employed,41,37.0,x1,0.21622014361317676,-0.03704441069273483,6.421110546023831e-06,0.14090781210807224,-0.04418182392614828,6.421110546023831e-06,0.17611502624258124,False
37,employed,42,37.0,x1,0.3181833459419694,-0.010103289914444782,0.0009986522122798866,0.03145804969498345,-0.012034286040120138,0.0009986522122798866,0.0380334375207636,False
37,employed,43,23.0,x2,-0.41490733198957996,-0.002207920051261571,-0.0005412836272163249,0.006567474307971555,-0.002207920051261571,-0.00031222440680378646,0.006439473731117307,True
37,employed,44,26.0,x2,-0.48301305219713897,-0.00017027876624371252,-5.9578116918042486e-06,0.0004826888221853842,-0.00017027876624371252,2.9452968170907698e-05,0.000489567815784131,False
37,employed,45,24.0,x2,-0.707729188157828,4.3287301266520595e-05,-2.729026753385945e-06,0.00012272814573011104,4.3287301266520595e-05,5.12276437075894e-05,0.00018981557316211095,False
37,employed,46,28.0,x1,-0.5094326183757905,0.18089715347900653,-0.4106832819055397,3.1399484697051396,0.08790572032117902,-0.4106832819055397,2.869246761842437,True
37,employed,47,15.0,x1,-0.001943716435223175,-0.0007420410178940668,-0.05634359302002287,0.24174882867489744,-0.000740703388465722,-0.05634359302002287,0.24174872770689904,True
37,employed,48,8.0,x1,0.9247597672718382,1.1433862399068482e-05,5.7507648128625466e-05,0.00016593153508326353,1.4854950488856859e-05,5.7507648128625466e-05,0.00016808915725308182,False
37,employed,49,22.0,x2,-0.29544154074649787,-5.879458466448996e-05,-0.014758369988178817,0.047532884741894765,-5.879458466448996e-05,-0.0036379252057397275,0.010643417000526956,True
37,employed,50,2.0,x1,0.6865087262244658,-0.31322470826433896,0.00020940737166169369,2.2261417719360996,-0.5209603634167963,0.00020940737166169369,3.134470480314118,False
37,onlooker,30,21.0,x2,-0.5089344013230486,1.710951208472177e-05,-0.0001323927426961339,0.0003780517960412233,1.710951208472177e-05,-0.00020410951476346258,0.0005804507641653522,False
37,onlooker,37,48.0,x1,-0.23838058869595957,-0.004034474087649331,0.00012861734221055824,0.01185082513299962,-0.0030700081687071307,0.00012861734221055824,0.008942303535289131,True
37,onlooker,7,6.0,x1,-0.9872760553322282,-0.0010306113598198626,0.0007896749967126306,0.0037172131957956545,-0.00012922344091286756,0.0007896749967126306,0.0022802956518437334,True
37,onlooker,37,50.0,x2,0.9856355055071364,-0.0030700081687071307,0.00012861734221055824,0.008942303535289131,-0.0030700081687071307,4.8987820692551905e-05,0.008935415384702328,True
37,onlooker,39,8.0,x2,0.9554189118262431,-0.006199505777247436,0.0001266063273320031,0.018562040717519768,-0.006199505777247436,0.00041214844111359664,0.018601186149926452,False
37,onlooker,17,18.0,x1,0.3746739057848778,-0.0005391132994711982,-0.00016875863906230842,0.0016063027591859402,-0.0007425925041469006,-0.00016875863906230842,0.002169365466173634,False
37,onlooker,3,42.0,x2,0.994594552975488,-0.1166204174514755,0.08739544024043233,0.9048076381639523,-0.1166204174514755,0.17332521500781062,1.4723004639393413,False
37,onlooker,38,40.0,x2,-0.21937265886689805,-6.8848916486193294e-06,-0.0003189391534014506,0.0009050162687995744,-6.8848916486193294e-06,0.0013272571575088875,0.003801010090228818,False
37,onlooker,4,40.0,x2,0.1943161738096011,-9.45061324818936e-05,-0.000145385759405706,0.0004912570165385155,-9.45061324818936e-05,-0.0015698312475680024,0.004514050712196127,False
37,onlooker,45,6.0,x2,-0.3897538738117834,4.3287301266520595e-05,-2.729026753385945e-06,0.00012272814573011104,4.3287301266520595e-05,3.8731445832078665e-05,0.00016438020303555234,False
37,onlooker,18,35.0,x1,0.57549032620631,3.970170004606913e-06,-4.040371172348205e-06,1.602255197896696e-05,0.02881777128921168,-4.040371172348205e-06,0.1034717229303479,False
37,onlooker,48,15.0,x1,-0.012727182871505427,1.1433862399068482e-05,5.7507648128625466e-05,0.00016593153508326353,1.0602859881620542e-05,5.7507648128625466e-05,0.00016548876514521638,True
37,onlooker,2,14.0,x2,-0.2519929837607193,-0.010627454628651473,0.0005245061321999153,0.03310756574505236,-0.010627454628651473,0.00038519539257549475,0.0330873463286534,True
37,onlooker,29,24.0,x1,-0.2710498804460053,-8.299271069836007e-06,1.1519338751148425e-07,2.3477978914332454e-05,-1.320522487899397e-05,1.1519338751148425e-07,3.73560810627005e-05,False
37,onlooker,30,42.0,x1,-0.5166377340304216,1.710951208472177e-05,-0.0001323927426961339,0.0003780517960412233,-0.005211470715120259,-0.0001323927426961339,0.01546853719884611,False
37,onlooker,17,36.0,x2,0.5558811975170606,-0.0005391132994711982,-0.00016875863906230842,0.0016063027591859402,-0.0005391132994711982,-0.004515220312313847,0.01341220705191093,False
37,onlooker,41,11.0,x1,0.07853392248883129,-0.03704441069273483,6.421110546023831e-06,0.14090781210807224,-0.03995052992430977,6.421110546023831e-06,0.15494147882806475,False
37,onlooker,44,20.0,x1,-0.14023381955688863,-0.00017027876624371252,-5.9578116918042486e-06,0.0004826888221853842,-0.00022271522257875373,-5.9578116918042486e-06,0.0006314808952514461,False
37,onlooker,49,6.0,x1,0.411203978923272,-5.879458466448996e-05,-0.0036379252057397275,0.010643417000526956,-3.461092539235743e-05,-0.0036379252057397275,0.010642478811267342,True
37,onlooker,42,8.0,x1,0.42890647201447485,-0.010103289914444782,0.0009986522122798866,0.03145804969498345,-0.014439973693617165,0.0009986522122798866,0.046509276017737466,False
37,onlooker,23,43.0,x2,0.8149046336718122,-0.00043798169669916726,1.0789577453606309e-05,0.0012442863082182676,-0.00043798169669916726,0.00027401516996574944,0.0014683733978064772,False
37,onlooker,43,4.0,x1,0.5137105536299484,-0.002207920051261571,-0.00031222440680378646,0.006439473731117307,-0.0032936030855271175,-0.00031222440680378646,0.009648910282259227,False
37,onlooker,45,31.0,x1,0.20175212095698036,4.3287301266520595e-05,-2.729026753385945e-06,0.00012272814573011104,-0.1939291087948247,-2.729026753385945e-06,1.3001539720392157,False
37,onlooker,3,43.0,x2,-0.907192878341677,-0.1166204174514755,0.08739544024043233,0.9048076381639523,-0.1166204174514755,0.007827671496479657,0.6567047653538727,True
37,onlooker,15,47.0,x2,0.8994902854590243,-5.3859653521760376e-05,0.0027394273270542253,0.007949664539371515,-5.3859653521760376e-05,0.055884030164827944,0.2391172267227657,False
37,onlooker,49,24.0,x1,-0.6451409072379783,-3.461092539235743e-05,-0.0036379252057397275,0.010642478811267342,-2.9313134581112668e-05,-0.0036379252057397275,0.010642338149832842,True
37,onlooker,24,6.0,x1,0.7450722179399396,-2.6399090192004024e-05,7.351012144597116e-05,0.00022108143852905826,4.155695473731661e-05,7.351012144597116e-05,0.0002390323955627771,False
37,onlooker,27,20.0,x2,-0.8409385950383912,-2.865291834706425e-05,-4.485329552248991e-06,8.205204616418271e-05,-2.865291834706425e-05,0.009099773515625052,0.027941675850467806,False
37,onlooker,20,44.0,x1,0.40681186495442545,-0.0005442003815910668,0.010821821013019251,0.03377077059867206,-0.0006963161312772953,0.010821821013019251,0.033800408472619115,False
37,onlooker,5,9.0,x1,-0.21538301858499076,-0.038879453583541126,-0.0030448444343102827,0.1503006024812028,-0.030513034276098853,-0.0030448444343102827,0.11157946543193775,True
37,onlooker,6,47.0,x2,0.30458408926175173,-0.0001176064165330844,0.00010364701046205516,0.0004440410761188396,-0.0001176064165330844,0.017296578206486803,0.05687039787711301,False
37,onlooker,5,40.0,x1,-0.26318814285611425,-0.030513034276098853,-0.0030448444343102827,0.11157946543193775,-0.0228109529518944,-0.0030448444343102827,0.07913330797501716,True
37,onlooker,12,29.0,x2,-0.9732557337589174,-2.9554948417675045e-05,8.081100989394207e-05,0.0002435719974731576,-2.9554948417675045e-05,2.2733437887010086e-06,8.386434525364805e-05,True
37,onlooker,23,43.0,x2,0.8561151919711367,-0.00043798169669916726,1.0789577453606309e-05,0.0012442863082182676,-0.00043798169669916726,0.0002873267565954858,0.0014888856451240606,False
37,onlooker,17,33.0,x2,-0.5463531232623329,-0.0005391132994711982,-0.00016875863906230842,0.0016063027591859402,-0.0005391132994711982,0.0005736102580311587,0.0022430171287379785,False
37,onlooker,27,13.0,x1,0.14271301725490582,-2.865291834706425e-05,-4.485329552248991e-06,8.205204616418271e-05,-9.00431001524754e-06,-4.485329552248991e-06,2.8455572217200853e-05,True
37,onlooker,9,48.0,x1,0.7738349528145834,-3.507596079524755e-05,1.0943547022609923e-05,0.00010396224161413059,-7.04238288383576e-05,1.0943547022609923e-05,0.00020171455514672587,False
37,onlooker,17,40.0,x2,-0.8089917385356109,-0.0005391132994711982,-0.00016875863906230842,0.0016063027591859402,-0.0005391132994711982,0.005780508630488641,0.01731795989103846,False
37,onlooker,37,14.0,x1,-0.7287164626482754,-0.0030700081687071307,4.8987820692551905e-05,0.008935415384702328,-0.0011091423962654935,4.8987820692551905e-05,0.0031730085383157025,True
37,onlooker,34,24.0,x2,0.06027920346088789,-0.08587196529440419,-9.626710670817388e-05,0.42779569444549326,-0.08587196529440419,-0.00010650114278710317,0.42779578006340957,False
37,onlooker,26,3.0,x2,-0.897239501814646,8.738587368352562e-05,6.735445119971539e-05,0.000312387125799507,8.738587368352562e-05,0.007030217450830396,0.02120174073660097,False
37,onlooker,29,32.0,x1,-0.9056508869697708,-8.299271069836007e-06,1.1519338751148425e-07,2.3477978914332454e-05,7.341131092225708e-05,1.1519338751148425e-07,0.00020778230519313823,False
37,onlooker,19,32.0,x1,0.31336131150615265,0.000120564928368537,-0.0005349045736008621,0.0015588994674726742,0.00013267357076454441,-0.0005349045736008621,0.0015668697228474748,False
37,onlooker,41,21.0,x1,0.09651556229393754,-0.03704441069273483,6.421110546023831e-06,0.14090781210807224,-0.04060543196133393,6.421110546023831e-06,0.1581614772816775,False
37,onlooker,28,16.0,x2,-0.8923491951167768,-0.0016420672216809512,-9.580976288765386e-06,0.004716347730255865,-0.0016420672216809512,0.8211922726488062,2.8644343397567096,False
37,onlooker,1,42.0,x2,-0.5995363549552273,-0.00016729108059980872,5.578461062080909e-06,0.000474179684947007,-0.00016729108059980872,0.0006009622780689184,0.0017747702228665396,False
37,onlooker,31,29.0,x1,-0.2007338465189621,0.9614824789985473,0.00035088498638105744,2.582021087034122,0.7684787366839766,0.00035088498638105744,3.0308844038033063,False
37,onlooker,41,35.0,x2,-0.9545170731216541,-0.03704441069273483,6.421110546023831e-06,0.14090781210807224,-0.03704441069273483,3.226240463488294e-05,0.14090787653010795,False
37,onlooker,39,25.0,x1,-0.3059614218343063,-0.006199505777247436,0.0001266063273320031,0.018562040717519768,-0.004321699513092463,0.0001266063273320031,0.012726547170072156,True
37,onlooker,36,34.0,x1,-0.37882352426210186,-0.012946899949906722,0.007650289194657848,0.048547083950940095,-0.04057263021075332,0.007650289194657848,0.16155451111844288,False
38,employed,1,50.0,x2,0.2974169734235066,-0.00016729108059980872,5.578461062080909e-06,0.000474179684947007,-0.00016729108059980872,-5.504371662466642e-05,0.0004989513254085587,False
38,employed,2,31.0,x2,-0.8602392730364559,-0.010627454628651473,0.00038519539257549475,0.0330873463286534,-0.010627454628651473,0.0003556802336932065,0.03308385657752,True
38,employed,3,15.0,x2,-0.10605199534711707,-0.1166204174514755,0.007827671496479657,0.6567047653538727,-0.1166204174514755,0.007288053049498756,0.6564153818680905,True
38,employed,4,32.0,x1,0.025527261460755568,-9.45061324818936e-05,-0.000145385759405706,0.0004912570165385155,-9.900990486796293e-05,-0.000145385759405706,0.0004983375415190672,False
38,employed,5,39.0,x1,-0.4748645750641962,-0.0228109529518944,-0.0030448444343102827,0.07913330797501716,-0.01403106147442349,-0.0030448444343102827,0.04608973580745657,True
38,employed,6,36.0,x1,0.633194093782325,-0.0001176064165330844,0.00010364701046205516,0.0004440410761188396,0.008005826476198878,0.00010364701046205516,0.024351877752757378,False
38,employed,7,39.0,x2,0.5416931691760669,-0.00012922344091286756,0.0007896749967126306,0.0022802956518437334,-0.00012922344091286756,0.0011488547656107804,0.0033055332747697896,False
38,employed,8,45.0,x1,-0.831642915039021,7.734428004467782e-06,-0.00017225955259473166,0.0004885062100297155,3.730172316213425e-05,-0.00017225955259473166,0.0004993431777298163,False
38,employed,9,36.0,x1,0.9373564022329219,-3.507596079524755e-05,1.0943547022609923e-05,0.00010396224161413059,0.012067904919903017,1.0943547022609923e-05,0.03800655211001969,False
38,employed,10,30.0,x2,-0.5653673760312148,2.3204008653710266e-05,0.001306388910607418,0.003741067719758906,2.3204008653710266e-05,0.0004929487025973359,0.0014022982861132682,True
38,employed,11,50.0,x2,-0.6506454143570422,-3.977448615493859e-05,8.036251359370942e-07,0.00011256433911244201,-3.977448615493859e-05,0.00013653069623061938,0.0004027587415831313,False
38,employed,12,18.0,x1,-0.6558756231656644,-2.9554948417675045e-05,2.2733437887010086e-06,8.386434525364805e-05,-7.56664048075817e-06,2.2733437887010086e-06,2.2348409640660094e-05,True
38,employed,13,24.0,x2,-0.16224798077808344,-0.00016633207831269996,0.0002955393188465137,0.0009622699003064561,-0.00016633207831269996,0.0002595155298944972,0.0008743771831913882,True
38,employed,14,26.0,x2,0.8559668001108591,-0.0003791594326767565,-2.8329655310357057e-05,0.0010792636441974146,-0.0003791594326767565,-0.00011023207378125041,0.0011209793016893066,False
38,employed,15,25.0,x1,0.02925265242728825,-5.3859653521760376e-05,0.0027394273270542253,0.007949664539371515,-5.361830190854174e-05,0.0027394273270542253,0.007949650459892599,True
38,employed,16,45.0,x2,0.6355159880296646,-1.853448157828697e-05,0.9202600378220214,2.6026466567808098,-1.853448157828697e-05,1.5051017393428334,5.552534595195528,False
38,employed,17,12.0,x1,-0.9741480895422996,-0.0005391132994711982,-0.00016875863906230842,0.0016063027591859402,-2.1308137113068776e-05,-0.00016875863906230842,0.00048188179027564004,True
38,employed,18,32.0,x1,0.6896996476750401,3.970170004606913e-06,-4.040371172348205e-06,1.602255197896696e-05,-4.97944041194828e-05,-4.040371172348205e-06,0.0001413691777405468,False
38,employed,19,29.0,x1,-0.5776461599743097,0.000120564928368537,-0.0005349045736008621,0.0015588994674726742,4.612701840479723e-05,-0.0005349045736008621,0.001526229160536463,True
38,employed,20,38.0,x1,0.3390785652225399,-0.0005442003815910668,0.010821821013019251,0.03377077059867206,-0.000726392546992598,0.010821821013019251,0.0338071263894375,False
38,employed,21,29.0,x1,0.7266723480419675,-0.00014858597843604666,-0.0002733082946432818,0.0008824643068057192,-0.00025052844947692733,-0.0002733082946432818,0.001052324020602402,False
38,employed,22,40.0,x1,0.3359041828455607,-0.01422196143489584,0.022881715269773895,0.09543255032994624,-0.018579805093671457,0.022881715269773895,0.10636864727702333,False
38,employed,23,34.0,x1,0.3244052685965497,-0.00043798169669916726,1.0789577453606309e-05,0.0012442863082182676,0.027277252699587556,1.0789577453606309e-05,0.09684314559498519,False
38,employed,24,27.0,x1,-0.072156710712306,-2.6399090192004024e-05,7.351012144597116e-05,0.00022108143852905826,-2.514394007088565e-05,7.351012144597116e-05,0.00021990522795123368,True
38,employed,25,36.0,x2,0.22098896294046222,-6.211024255188507e-05,-0.0008612708340916182,0.002462223115277329,-6.211024255188507e-05,-0.0027422316578504533,0.007958522958258829,False
38,employed,26,25.0,x2,-0.7466772921779168,8.738587368352562e-05,6.735445119971539e-05,0.000312387125799507,8.738587368352562e-05,-0.0006260289622695629,0.0017984839226525828,False
38,employed,27,36.0,x1,0.2919971411559308,-9.00431001524754e-06,-4.485329552248991e-06,2.8455572217200853e-05,0.003768824229406845,-4.485329552248991e-06,0.011038039029724889,False
38,employed,28,17.0,x2,-0.2873536675698465,-0.0016420672216809512,-9.580976288765386e-06,0.004716347730255865,-0.0016420672216809512,-5.53212614819392e-05,0.004718982748287193,False
38,employed,29,13.0,x1,0.9238305127300377,-8.299271069836007e-06,1.1519338751148425e-07,2.3477978914332454e-05,0.0001376962582735062,1.1519338751148425e-07,0.00038996884919528796,False
38,employed,30,44.0,x1,0.12209805882443359,1.710951208472177e-05,-0.0001323927426961339,0.0003780517960412233,3.998925711507627e-05,-0.0001323927426961339,0.0003916817016222929,False
38,employed,31,20.0,x2,0.47365052739284663,0.9614824789985473,0.00035088498638105744,2.582021087034122,0.9614824789985473,-0.004608679384932881,2.582606434208078,False
38,employed,32,26.0,x2,0.9517020678302279,8.192377532444247e-05,-9.08190775370399e-05,0.00034634181131609765,8.192377532444247e-05,-0.0002413531519118139,0.0007226340022516986,False
38,employed,33,3.0,x1,-0.9314285318930497,-0.0001839066814370876,0.0011900125758997349,0.003444429831067186,-0.10863619496672323,0.0011900125758997349,0.5930553286095486,False
38,employed,34,28.0,x1,-0.5934415546221865,-0.08587196529440419,-9.626710670817388e-05,0.42779569444549326,-0.035886443636459,-9.626710670817388e-05,0.13543328201769045,True
38,employed,35,30.0,x1,0.5628460570943548,-0.0500642930259218,3.3493747397188477e-05,0.20698256680924176,-0.07825241297819399,3.3493747397188477e-05,0.3764349659616504,False
38,employed,36,7.0,x2,-0.11878355162094412,-0.012946899949906722,0.007650289194657848,0.048547083950940095,-0.012946899949906722,0.00683536107392484,0.04710852629583728,True
38,employed,37,34.0,x1,0.6677271413459425,-0.0011091423962654935,4.8987820692551905e-05,0.0031730085383157025,0.022112605544575618,4.8987820692551905e-05,0.07551202307742289,False
38,employed,38,25.0,x1,-0.5876928261879568,-6.8848916486193294e-06,-0.0003189391534014506,0.0009050162687995744,-3.934043419818121e-05,-0.0003189391534014506,0.0009116827009418849,False
38,employed,39,29.0,x2,-0.09096586255000094,-0.004321699513092463,0.0001266063273320031,0.012726547170072156,-0.004321699513092463,0.00011509995222781472,0.012725563386940753,True
38,employed,40,38.0,x2,0.11115212840589606,-0.0012484889944551925,0.00718516969686849,0.02204287576615771,-0.0012484889944551925,0.008019267367365515,0.02470815810445659,False
38,employed,41,14.0,x2,0.5087858394423763,-0.03704441069273483,6.421110546023831e-06,0.14090781210807224,-0.03704441069273483,2.410180812352805e-05,0.14090784688728464,False
38,employed,42,26.0,x1,-0.644906895443345,-0.010103289914444782,0.0009986522122798866,0.03145804969498345,-0.003531252829453292,0.0009986522122798866,0.010738183970872672,True
38,employed,43,28.0,x1,0.8966401196917457,-0.002207920051261571,-0.00031222440680378646,0.006439473731117307,-0.0027152864001046507,-0.00031222440680378646,0.00792950494106437,False
38,employed,44,35.0,x2,-0.40239327708404216,-0.00017027876624371252,-5.9578116918042486e-06,0.0004826888221853842,-0.00017027876624371252,9.917230456090263e-06,0.0004832119310376193,False
38,employed,45,35.0,x1,-0.43478737799564215,4.3287301266520595e-05,-2.729026753385945e-06,0.00012272814573011104,-0.021742856166897712,-2.729026753385945e-06,0.07403762453978802,False
38,employed,46,27.0,x1,0.05319152757510559,0.08790572032117902,-0.4106832819055397,2.869246761842437,0.092582038820657,-0.4106832819055397,2.8797995158906926,False
38,employed,47,13.0,x1,-0.30423760024036395,-0.000740703388465722,-0.05634359302002287,0.24174872770689904,-0.0005659580394178527,-0.05634359302002287,0.24173710373291657,True
38,employed,48,47.0,x1,-0.49880292716913277,1.0602859881620542e-05,5.7507648128625466e-05,0.00016548876514521638,-0.0002769874043802243,5.7507648128625466e-05,0.0008022767900297545,False
38,employed,49,40.0,x2,0.33474116002428,-2.9313134581112668e-05,-0.0036379252057397275,0.010642338149832842,-2.9313134581112668e-05,-0.007260860548491674,0.021940245704954453,False
38,employed,50,27.0,x1,-0.7249702610696731,-0.31322470826433896,0.00020940737166169369,2.2261417719360996,-0.08615263759745148,0.00020940737166169369,0.4297297672553708,True
38,onlooker,10,9.0,x1,0.17358851794750474,2.3204008653710266e-05,0.0004929487025973359,0.0014022982861132682,3.332074217638071e-05,0.0004929487025973359,0.0014039512984678204,False
38,onlooker,49,43.0,x1,-0.9494962341408455,-2.9313134581112668e-05,-0.0036379252057397275,0.010642338149832842,-0.0020978921976424064,-0.0036379252057397275,0.012347480555363166,False
38,onlooker,14,8.0,x1,0.9513556837958035,-0.0003791594326767565,-2.8329655310357057e-05,0.0010792636441974146,-0.000747233106061541,-2.8329655310357057e-05,0.002129902232497205,False
38,onlooker,12,10.0,x2,0.24175058716451847,-7.56664048075817e-06,2.2733437887010086e-06,2.2348409640660094e-05,-7.56664048075817e-06,-0.00011634771231044727,0.00033013820471738953,False
38,onlooker,28,12.0,x2,0.3407297290744844,-0.0016420672216809512,-9.580976288765386e-06,0.004716347730255865,-0.0016420672216809512,-1.3620095557122733e-05,0.004716430931921867,False
38,onlooker,5,1.0,x1,-0.8351704185873063,-0.01403106147442349,-0.0030448444343102827,0.04608973580745657,-0.0024524505514154603,-0.0030448444343102827,0.011465231837533896,True
38,onlooker,19,49.0,x1,0.09449399761872779,4.612701840479723e-05,-0.0005349045736008621,0.001526229160536463,5.325566004140426e-05,-0.0005349045736008621,0.0015281130339599436,False
38,onlooker,38,16.0,x2,0.4386781309666583,-6.8848916486193294e-06,-0.0003189391534014506,0.0009050162687995744,-6.8848916486193294e-06,-0.4041568041801783,2.737416575226011,False
38,onlooker,49,18.0,x2,0.99811886947005,-2.9313134581112668e-05,-0.0036379252057397275,0.010642338149832842,-2.9313134581112668e-05,-0.007264974228602479,0.02195347063877806,False
38,onlooker,32,38.0,x2,-0.4956655223037001,8.192377532444247e-05,-9.08190775370399e-05,0.00034634181131609765,8.192377532444247e-05,-0.0002038903340883327,0.0006227856398308695,False
38,onlooker,32,26.0,x1,0.9128052909548721,8.192377532444247e-05,-9.08190775370399e-05,0.00034634181131609765,7.693794304255545e-05,-9.08190775370399e-05,0.000337037941616547,True
38,onlooker,45,20.0,x2,0.8937395030764668,4.3287301266520595e-05,-2.729026753385945e-06,0.00012272814573011104,4.3287301266520595e-05,-0.00967705700032613,0.02986287375031127,False
38,onlooker,44,29.0,x1,-0.8357641824209194,-0.00017027876624371252,-5.9578116918042486e-06,0.0004826888221853842,-3.490210589076435e-05,-5.9578116918042486e-06,0.00010017937677675448,True
38,onlooker,8,4.0,x2,-0.7840137707018779,7.734428004467782e-06,-0.00017225955259473166,0.0004885062100297155,7.734428004467782e-06,-0.00015119012866354121,0.0004287997331364757,True
38,onlooker,49,11.0,x1,0.381709164681326,-2.9313134581112668e-05,-0.0036379252057397275,0.010642338149832842,-2.53199408104299e-05,-0.0036379252057397275,0.010642247535646465,True
38,onlooker,32,31.0,x2,-0.5865920008079404,7.693794304255545e-05,-9.08190775370399e-05,0.000337037941616547,7.693794304255545e-05,0.0001682809930816752,0.000524269625266971,False
38,onlooker,29,32.0,x2,0.14081063329022214,-8.299271069836007e-06,1.1519338751148425e-07,2.3477978914332454e-05,-8.299271069836007e-06,1.2919705664182198e-05,4.343868104728088e-05,False
38,onlooker,10,37.0,x1,-0.8535136761669779,2.3204008653710266e-05,0.0004929487025973359,0.0014022982861132682,-0.0009432691341033407,0.0004929487025973359,0.003040485535507731,False
38,onlooker,29,22.0,x1,-0.49942681373385267,-8.299271069836007e-06,1.1519338751148425e-07,2.3477978914332454e-05,-0.007106983277038874,1.1519338751148425e-07,0.02144600269624819,False
38,onlooker,40,9.0,x1,0.8659635197959019,-0.0012484889944551925,0.00718516969686849,0.02204287576615771,-0.002299260416049582,0.00718516969686849,0.022852747726230138,False
38,onlooker,44,18.0,x1,-0.3896941382828134,-3.490210589076435e-05,-5.9578116918042486e-06,0.00010017937677675448,-1.9753807832625865e-05,-5.9578116918042486e-06,5.836943349324386e-05,True
38,onlooker,7,46.0,x2,0.255063717646544,-0.00012922344091286756,0.0007896749967126306,0.0022802956518437334,-0.00012922344091286756,0.1057414970952173,0.5711163841970301,False
38,onlooker,2,27.0,x2,-0.8284021043412262,-0.010627454628651473,0.0003556802336932065,0.03308385657752,-0.010627454628651473,5.731832318942818e-05,0.03306418622385765,True
38,onlooker,28,25.0,x1,-0.834307908994556,-0.0016420672216809512,-9.580976288765386e-06,0.004716347730255865,-0.0003238966181224247,-9.580976288765386e-06,0.0009193146910821959,True
38,onlooker,41,13.0,x1,0.08296872833339797,-0.03704441069273483,6.421110546023831e-06,0.14090781210807224,-0.04010413797875251,6.421110546023831e-06,0.15569484344935391,False
38,onlooker,32,49.0,x1,-0.012376614240308115,7.693794304255545e-05,-9.08190775370399e-05,0.000337037941616547,7.567233666107681e-05,-9.08190775370399e-05,0.00033473009600060166,True
38,onlooker,45,18.0,x2,0.7148744032999899,4.3287301266520595e-05,-2.729026753385945e-06,0.00012272814573011104,4.3287301266520595e-05,-1.7915801943595279e-06,0.000122589777778348,True
38,onlooker,12,36.0,x1,-0.822776012490007,-7.56664048075817e-06,2.2733437887010086e-06,2.2348409640660094e-05,-0.010653739705089378,2.2733437887010086e-06,0.033152875376587065,False
38,onlooker,50,47.0,x2,-0.11557272296524457,-0.08615263759745148,0.00020940737166169369,0.4297297672553708,-0.08615263759745148,-0.006326576875459834,0.4313755597165607,False
38,onlooker,26,31.0,x1,-0.44992488062065994,8.738587368352562e-05,6.735445119971539e-05,0.000312387125799507,0.4326429583771761,6.735445119971539e-05,2.8601957463414895,False
38,onlooker,34,36.0,x2,0.05015298465055129,-0.035886443636459,-9.626710670817388e-05,0.13543328201769045,-0.035886443636459,-0.0004439089484547902,0.13544561927194865,False
38,onlooker,8,47.0,x2,-0.7699098353087694,7.734428004467782e-06,-0.00015119012866354121,0.0004287997331364757,7.734428004467782e-06,-0.04341427378435402,0.17220956437192614,False
38,onlooker,32,6.0,x1,-0.7077985817341548,7.567233666107681e-05,-9.08190775370399e-05,0.00033473009600060166,-6.113009072909624e-05,-9.08190775370399e-05,0.0003099640062136366,True
38,onlooker,1,19.0,x2,0.27916512884407574,-0.00016729108059980872,5.578461062080909e-06,0.000474179684947007,-0.00016729108059980872,0.00015646247707179844,0.0006492663041446356,False
38,onlooker,26,35.0,x1,0.3500377217419057,8.738587368352562e-05,6.735445119971539e-05,0.000312387125799507,0.01764236529723298,6.735445119971539e-05,0.05816750685270877,False
38,onlooker,7,3.0,x2,0.2507162808693397,-0.00012922344091286756,0.0007896749967126306,0.0022802956518437334,-0.00012922344091286756,-0.0008395741803648485,0.0024218522033057077,False
38,onlooker,33,28.0,x2,-0.5084750673518585,-0.0001839066814370876,0.0011900125758997349,0.003444429831067186,-0.0001839066814370876,0.000580049163655832,0.0017309727858862978,True
38,onlooker,40,4.0,x1,0.2646235786427187,-0.0012484889944551925,0.00718516969686849,0.02204287576615771,-0.0015538600690829334,0.00718516969686849,0.022230935427256515,False
38,onlooker,7,34.0,x1,-0.1645484243530071,-0.00012922344091286756,0.0007896749967126306,0.0022802956518437334,-0.006013017683333508,0.0007896749967126306,0.018132516037586033,False
38,onlooker,36,3.0,x2,0.11016597696073593,-0.012946899949906722,0.00683536107392484,0.04710852629583728,-0.012946899949906722,0.006785489820173454,0.04702481315269269,True
38,onlooker,8,35.0,x1,-0.7600887373766352,7.734428004467782e-06,-0.00015119012866354121,0.0004287997331364757,-0.03805144969733856,-0.00015119012866354121,0.14572496629233145,False
38,onlooker,4,36.0,x1,-0.8729361308634354,-9.45061324818936e-05,-0.000145385759405706,0.0004912570165385155,-0.01131382506379786,-0.000145385759405706,0.03540843621684475,False
38,onlooker,11,42.0,x2,0.6193766156164526,-3.977448615493859e-05,8.036251359370942e-07,0.00011256433911244201,-3.977448615493859e-05,-0.0006172404556669413,0.0017596276984055415,False
38,onlooker,43,16.0,x1,0.05609605750041857,-0.002207920051261571,-0.00031222440680378646,0.006439473731117307,-0.002330735950069111,-0.00031222440680378646,0.006798447276179065,False
38,onlooker,39,7.0,x2,0.4487817584314364,-0.004321699513092463,0.00011509995222781472,0.012725563386940753,-0.004321699513092463,-0.0001876370224300454,0.01273332935158722,False
38,onlooker,5,46.0,x1,0.2746203650232517,-0.0024524505514154603,-0.0030448444343102827,0.011465231837533896,-0.027266644419280707,-0.0030448444343102827,0.09752232138438588,False
38,onlooker,25,24.0,x1,-0.6372759043101792,-6.211024255188507e-05,-0.0008612708340916182,0.002462223115277329,-3.855250870930254e-05,-0.0008612708340916182,0.0024582731272606573,True
38,onlooker,18,37.0,x2,0.08188724170877704,3.970170004606913e-06,-4.040371172348205e-06,1.602255197896696e-05,3.970170004606913e-06,-8.382703536968685e-06,2.623691967729158e-05,False
38,onlooker,26,10.0,x2,0.38072462390736805,8.738587368352562e-05,6.735445119971539e-05,0.000312387125799507,8.738587368352562e-05,-9.467976010078152e-05,0.00036486540245350696,False
38,onlooker,20,9.0,x2,0.8875695031926585,-0.0005442003815910668,0.010821821013019251,0.03377077059867206,-0.0005442003815910668,0.020417226154590594,0.06883922230312267,False
39,employed,1,26.0,x1,0.05607329502473091,-0.00016729108059980872,5.578461062080909e-06,0.000474179684947007,-0.00018157165659333802,5.578461062080909e-06,0.0005146832403970514,False
39,employed,2,50.0,x2,-0.26718772565901316,-0.010627454628651473,5.731832318942818e-05,0.03306418622385765,-0.010627454628651473,9.795465014837621e-05,0.03306519367562233,False
39,employed,3,48.0,x2,0.38985072227095996,-0.1166204174514755,0.007288053049498756,0.6564153818680905,-0.1166204174514755,0.010106886396635869,0.6581541538628355,False
39,employed,4,33.0,x2,-0.5311633961150388,-9.45061324818936e-05,-0.000145385759405706,0.0004912570165385155,-9.45061324818936e-05,0.0002399387179881124,0.0007311650941699277,False
39,employed,5,3.0,x1,-0.12443232342972244,-0.0024524505514154603,-0.0030448444343102827,0.011465231837533896,-0.016658635934037574,-0.0030448444343102827,0.05551722816221316,False
39,employed,6,1.0,x1,-0.8579949784592331,-0.0001176064165330844,0.00010364701046205516,0.0004440410761188396,-0.00016023560880876778,0.00010364701046205516,0.0005407338012877183,False
39,employed,7,31.0,x1,0.44894366614605485,-0.00012922344091286756,0.0007896749967126306,0.0022802956518437334,-0.4318387065430333,0.0007896749967126306,2.856973040850193,False
39,employed,8,10.0,x1,0.4650008253475477,7.734428004467782e-06,-0.00015119012866354121,0.0004287997331364757,5.410602347895738e-07,-0.00015119012866354121,0.00042824169023392145,True
39,employed,9,48.0,x1,0.48635216145239335,-3.507596079524755e-05,1.0943547022609923e-05,0.00010396224161413059,-5.729195396403863e-05,1.0943547022609923e-05,0.00016506645102198902,False
39,employed,10,40.0,x2,0.4014251605367436,2.3204008653710266e-05,0.0004929487025973359,0.0014022982861132682,2.3204008653710266e-05,-0.002193477184375328,0.006332565008520863,False
39,employed,11,13.0,x2,-0.27822011568832794,-3.977448615493859e-05,8.036251359370942e-07,0.00011256433911244201,-3.977448615493859e-05,7.278248120781136e-05,0.00023477729047316487,False
39,employed,12,48.0,x1,0.3224211579402374,-7.56664048075817e-06,2.2733437887010086e-06,2.2348409640660094e-05,-1.3424871826791877e-05,2.2733437887010086e-06,3.8516781760922214e-05,False
39,employed,13,40.0,x2,0.9373892376893547,-0.00016633207831269996,0.0002595155298944972,0.0008743771831913882,-0.00016633207831269996,-0.006232518150185357,0.018669265651404476,False
39,employed,14,12.0,x2,-0.356626665346893,-0.0003791594326767565,-2.8329655310357057e-05,0.0010792636441974146,-0.0003791594326767565,-1.741580979204601e-05,0.0010773917513984266,True
39,employed,15,33.0,x1,-0.9512850524319854,-5.361830190854174e-05,0.0027394273270542253,0.007949650459892599,-0.0001775596898596329,0.0027394273270542253,0.007965188156085379,False
39,employed,16,29.0,x2,0.6173767590289976,-1.853448157828697e-05,0.9202600378220214,2.6026466567808098,-1.853448157828697e-05,1.4884071263187635,5.513253368153503,False
39,employed,17,31.0,x2,-0.4092134322077783,-2.1308137113068776e-05,-0.00016875863906230842,0.00048188179027564004,-2.1308137113068776e-05,4.388651243026454e-05,0.000138050700674075,True
39,employed,18,37.0,x2,-0.7079367506401089,3.970170004606913e-06,-4.040371172348205e-06,1.602255197896696e-05,3.970170004606913e-06,3.350023466880944e-05,9.544636003200324e-05,False
39,employed,19,45.0,x2,-0.7981699379190892,4.612701840479723e-05,-0.0005349045736008621,0.001526229160536463,4.612701840479723e-05,-0.00010938980874973417,0.0003361589413413135,True
39,employed,20,44.0,x2,-0.004381144527535019,-0.0005442003815910668,0.010821821013019251,0.03377077059867206,-0.0005442003815910668,0.01077438294907601,0.03360953786254983,True
39,employed,21,23.0,x2,0.0013235211508626499,-0.00014858597843604666,-0.0002733082946432818,0.0008824643068057192,-0.00014858597843604666,-0.00027368430418591713,0.0008834042908181239,False
39,employed,22,10.0,x1,-0.08462884088237277,-0.01422196143489584,0.022881715269773895,0.09543255032994624,-0.01301640959523061,0.022881715269773895,0.09282169027638121,True
39,employed,23,43.0,x1,0.601910484437598,-0.00043798169669916726,1.0789577453606309e-05,0.0012442863082182676,0.0006273627557201743,1.0789577453606309e-05,0.0017851958086159136,False
39,employed,24,8.0,x1,0.34684195625812353,-2.514394007088565e-05,7.351012144597116e-05,0.00021990522795123368,-3.4052575823396545e-05,7.351012144597116e-05,0.000229317797768136,False
39,employed,25,43.0,x1,0.6395351772376185,-3.855250870930254e-05,-0.0008612708340916182,0.0024582731272606573,0.0013488343471103994,-0.0008612708340916182,0.004594690125167222,False
39,employed,26,21.0,x1,-0.9038143193077683,8.738587368352562e-05,6.735445119971539e-05,0.000312387125799507,-0.000125888865215719,6.735445119971539e-05,0.00040437077744259753,False
39,employed,27,47.0,x2,-0.20822976830387607,-9.00431001524754e-06,-4.485329552248991e-06,2.8455572217200853e-05,-9.00431001524754e-06,-0.011735964670386068,0.036857767019086385,False
39,employed,28,18.0,x2,0.5190298889576259,-0.0003238966181224247,-9.580976288765386e-06,0.0009193146910821959,-0.0003238966181224247,-1.245671594709745e-05,0.0009195929255665369,False
39,employed,29,13.0,x2,0.6694958463345839,-8.299271069836007e-06,1.1519338751148425e-07,2.3477978914332454e-05,-8.299271069836007e-06,-0.00017355225444170877,0.0004922447348296721,False
39,employed,30,4.0,x2,0.48142240143242176,1.710951208472177e-05,-0.0001323927426961339,0.0003780517960412233,1.710951208472177e-05,-0.0001261376133899601,0.0003604696123926665,True
39,employed,31,49.0,x1,0.991537593748347,0.9614824789985473,0.00035088498638105744,2.582021087034122,1.9148536083291476,0.00035088498638105744,4.928066774181644,False
39,employed,32,47.0,x1,0.7415248108126189,-6.113009072909624e-05,-9.08190775370399e-05,0.0003099640062136366,0.0003132123584152564,-9.08190775370399e-05,0.0009252205059202545,False
39,employed,33,14.0,x2,0.9332967252595281,-0.0001839066814370876,0.000580049163655832,0.0017309727858862978,-0.0001839066814370876,0.0011376612668320073,0.0032949288024224366,False
39,employed,34,47.0,x2,0.06874501405037314,-0.035886443636459,-9.626710670817388e-05,0.13543328201769045,-0.035886443636459,0.0037704561034985623,0.1363650974863586,False
39,employed,35,20.0,x1,-0.7814654928836235,-0.0500642930259218,3.3493747397188477e-05,0.20698256680924176,-0.011366049419977181,3.3493747397188477e-05,0.03558458710411516,True
39,employed,36,29.0,x1,0.4010918970443953,-0.012946899949906722,0.006785489820173454,0.04702481315269269,-0.01813646784128131,0.006785489820173454,0.06472711522674901,False
39,employed,37,20.0,x1,-0.18794087873893628,-0.0011091423962654935,4.8987820692551905e-05,0.0031730085383157025,-0.0010029666975910367,4.8987820692551905e-05,0.0028670502830938638,True
39,employed,38,29.0,x2,-0.9444318081856764,-6.8848916486193294e-06,-0.0003189391534014506,0.0009050162687995744,-6.8848916486193294e-06,-1.761407975405129e-05,5.350027358774767e-05,True
39,employed,39,48.0,x2,-0.42018858580658125,-0.004321699513092463,0.00011509995222781472,0.012725563386940753,-0.004321699513092463,9.090032341503381e-05,0.012723799823288306,True
39,employed,40,7.0,x2,-0.9890232077308192,-0.0012484889944551925,0.00718516969686849,0.02204287576615771,-0.0012484889944551925,0.0008598770134948886,0.004348956423563255,True
39,employed,41,43.0,x1,0.7264147515993382,-0.03704441069273483,6.421110546023831e-06,0.14090781210807224,-0.0623501513886533,6.421110546023831e-06,0.2766210651791998,False
39,employed,42,5.0,x1,-0.695517394222398,-0.003531252829453292,0.0009986522122798866,0.010738183970872672,-0.0027809270801512323,0.0009986522122798866,0.008589918750978587,True
39,employed,43,22.0,x1,-0.6285916538673688,-0.002207920051261571,-0.00031222440680378646,0.006439473731117307,-0.009002046369513232,-0.00031222440680378646,0.027635973181244555,False
39,employed,44,37.0,x1,-0.8839205085885553,-1.9753807832625865e-05,-5.9578116918042486e-06,5.836943349324386e-05,-0.0008888358453987036,-5.9578116918042486e-06,0.0025351018902779465,False
39,employed,45,27.0,x2,-0.23441686977219178,4.3287301266520595e-05,-1.7915801943595279e-06,0.000122589777778348,4.3287301266520595e-05,-2.4230404867868276e-06,0.00012267669138710247,False
39,employed,46,23.0,x2,-0.15048576460879648,0.08790572032117902,-0.4106832819055397,2.869246761842437,0.08790572032117902,-0.34887967053812174,2.5663530107945616,True
39,employed,47,8.0,x1,-0.5594370293828754,-0.0005659580394178527,-0.05634359302002287,0.24173710373291657,-0.00024903746596010505,-0.05634359302002287,0.24172395449233308,True
39,employed,48,4.0,x1,-0.7694288494018575,1.0602859881620542e-05,5.7507648128625466e-05,0.00016548876514521638,-7.027103117442677e-05,5.7507648128625466e-05,0.00025704864062392474,False
39,employed,49,48.0,x1,-0.4404263766454961,-2.53199408104299e-05,-0.0036379252057397275,0.010642247535646465,-9.498591862671804e-06,-0.0036379252057397275,0.010642018722986979,True
39,employed,50,16.0,x2,-0.7457873391357579,-0.08615263759745148,0.00020940737166169369,0.4297297672553708,-0.08615263759745148,0.6863715189254119,3.3186838976146373,False
39,onlooker,38,47.0,x2,0.579501074133302,-6.8848916486193294e-06,-1.761407975405129e-05,5.350027358774767e-05,-6.8848916486193294e-06,0.03262335121774148,0.12036499051610905,False
39,onlooker,30,41.0,x2,-0.19153953413428315,1.710951208472177e-05,-0.0001261376133899601,0.0003604696123926665,1.710951208472177e-05,-0.00010074737716182669,0.000289314672372587,True
39,onlooker,43,40.0,x1,-0.996550711487362,-0.002207920051261571,-0.00031222440680378646,0.006439473731117307,-0.001251798348978103,-0.00031222440680378646,0.003693412954220765,True
39,onlooker,24,13.0,x1,-0.827534167264609,-2.514394007088565e-05,7.351012144597116e-05,0.00021990522795123368,-0.00014198194847846597,7.351012144597116e-05,0.0004528984402516478,False
39,onlooker,42,1.0,x1,0.4603270041107206,-0.0027809270801512323,0.0009986522122798866,0.008589918750978587,-0.003984054309660668,0.0009986522122798866,0.012066387920001365,False
39,onlooker,50,24.0,x1,-0.2575189401171307,-0.08615263759745148,0.00020940737166169369,0.4297297672553708,-0.06397317671585794,0.00020940737166169369,0.28632596018929535,True
39,onlooker,30,41.0,x2,-0.5194960124494423,1.710951208472177e-05,-0.00010074737716182669,0.000289314672372587,1.710951208472177e-05,-4.5073775137361267e-05,0.00013642554383652694,True
39,onlooker,13,31.0,x1,0.8797596417086107,-0.00016633207831269996,0.0002595155298944972,0.0008743771831913882,-0.8461861455608025,0.0002595155298944972,2.783529140064076,False
39,onlooker,15,20.0,x1,0.9866666029205791,-5.361830190854174e-05,0.0027394273270542253,0.007949650459892599,0.00043042265210552807,0.0027394273270542253,0.008048080985418427,False
39,onlooker,9,4.0,x1,0.1795104777612122,-3.507596079524755e-05,1.0943547022609923e-05,0.00010396224161413059,-2.4407622282346856e-05,1.0943547022609923e-05,7.567581665712808e-05,True
39,onlooker,2,10.0,x1,0.2444183613809361,-0.010627454628651473,5.731832318942818e-05,0.03306418622385765,-0.013230671160409319,5.731832318942818e-05,0.04207700876429543,False
39,onlooker,33,26.0,x1,-0.2325039075412334,-0.0001839066814370876,0.000580049163655832,0.0017309727858862978,-0.00012083010228469957,0.000580049163655832,0.001685192780950917,True
39,onlooker,29,33.0,x2,0.6069640925833013,-8.299271069836007e-06,1.1519338751148425e-07,2.3477978914332454e-05,-8.299271069836007e-06,-0.0003518839026346309,0.000998853771421171,False
39,onlooker,40,33.0,x1,0.7884651664569313,-0.0012484889944551925,0.0008598770134948886,0.004348956423563255,-0.002137608750577039,0.0008598770134948886,0.006658265116130213,False
39,onlooker,42,7.0,x2,0.9133588826469667,-0.0027809270801512323,0.0009986522122798866,0.008589918750978587,-0.0027809270801512323,0.00118952340838907,0.008798602431554503,False
39,onlooker,44,16.0,x1,-0.9596311627859211,-1.9753807832625865e-05,-5.9578116918042486e-06,5.836943349324386e-05,-1.8583704361359228e-05,-5.9578116918042486e-06,5.5207937589063505e-05,True
39,onlooker,30,22.0,x2,0.49913332517226383,1.710951208472177e-05,-4.5073775137361267e-05,0.00013642554383652694,1.710951208472177e-05,-0.011488598226646947,0.03600550211175291,False
39,onlooker,26,4.0,x2,-0.5106251594904483,8.738587368352562e-05,6.735445119971539e-05,0.000312387125799507,8.738587368352562e-05,-4.1276052770709476e-05,0.00027359835254658904,True
39,onlooker,44,2.0,x1,0.4733393387965741,-1.8583704361359228e-05,-5.9578116918042486e-06,5.5207937589063505e-05,0.005003012244320323,-5.9578116918042486e-06,0.014817040987403107,False
39,onlooker,14,24.0,x2,0.06201086382321708,-0.0003791594326767565,-1.741580979204601e-05,0.0010773917513984266,-0.0003791594326767565,-2.305420533204589e-05,0.0010782476976385347,False
39,onlooker,13,33.0,x2,0.3868844361957524,-0.00016633207831269996,0.0002595155298944972,0.0008743771831913882,-0.00016633207831269996,0.0001355060557149674,0.0006080419480736232,True
39,onlooker,5,20.0,x2,0.48875460241258306,-0.0024524505514154603,-0.0030448444343102827,0.011465231837533896,-0.0024524505514154603,-0.009799055419726331,0.03128562213693131,False
39,onlooker,36,27.0,x1,0.5553495597360283,-0.012946899949906722,0.006785489820173454,0.04702481315269269,-0.020131954597431133,0.006785489820173454,0.07206611964302612,False
39,onlooker,6,7.0,x1,0.31497860059268956,-0.0001176064165330844,0.00010364701046205516,0.0004440410761188396,-0.00011394730245088915,0.00010364701046205516,0.00043630774226643965,True
39,onlooker,35,41.0,x1,-0.6379262444534859,-0.011366049419977181,3.3493747397188477e-05,0.03558458710411516,-0.0277469499904273,3.3493747397188477e-05,0.09885136977290232,False
39,onlooker,26,34.0,x1,-0.5526008523419699,8.738587368352562e-05,-4.1276052770709476e-05,0.00027359835254658904,-0.019791782975625942,-4.1276052770709476e-05,0.06637680561565462,False
39,onlooker,26,33.0,x1,-0.5711009770446394,8.738587368352562e-05,-4.1276052770709476e-05,0.00027359835254658904,-3.152647362823094e-05,-4.1276052770709476e-05,0.0001469767298662994,True
39,onlooker,19,11.0,x1,0.8058858088571974,4.612701840479723e-05,-0.00010938980874973417,0.0003361589413413135,0.00011535382188897016,-0.00010938980874973417,0.000450318469106481,False
39,onlooker,12,6.0,x2,-0.9296893769457126,-7.56664048075817e-06,2.2733437887010086e-06,2.2348409640660094e-05,-7.56664048075817e-06,9.651936479695399e-05,0.0002740851919225129,False
39,onlooker,3,11.0,x2,0.2164170226139046,-0.1166204174514755,0.007288053049498756,0.6564153818680905,-0.1166204174514755,0.008865137872964248,0.6573189966913593,False
39,onlooker,1,16.0,x1,-0.8836662173534013,-0.00016729108059980872,5.578461062080909e-06,0.000474179684947007,-3.5839899436103904e-05,5.578461062080909e-06,0.0001026261676249085,True
39,onlooker,20,3.0,x1,0.21508355324165596,-0.0005442003815910668,0.01077438294907601,0.03360953786254983,0.024421884832649437,0.01077438294907601,0.09437310184821301,False
39,onlooker,35,37.0,x1,-0.5513132027074898,-0.011366049419977181,3.3493747397188477e-05,0.03558458710411516,-0.005652745094375823,3.3493747397188477e-05,0.016839334755350155,True
39,onlooker,43,34.0,x2,-0.8866995614003592,-0.001251798348978103,-0.00031222440680378646,0.003693412954220765,-0.001251798348978103,-0.00012073516352780102,0.0035991648186670666,True
39,onlooker,22,39.0,x1,-0.3782121465595405,-0.01301640959523061,0.022881715269773895,0.09282169027638121,-0.009727964631352263,0.022881715269773895,0.08671196580358442,True
39,onlooker,19,32.0,x2,-0.8890382397682044,4.612701840479723e-05,-0.00010938980874973417,0.0003361589413413135,4.612701840479723e-05,-9.2879718561192e-05,0.00029360318152926723,True
39,onlooker,49,9.0,x1,-0.9466560007074794,-9.498591862671804e-06,-0.0036379252057397275,0.010642018722986979,-2.361231497418754e-05,-0.0036379252057397275,0.010642212829175879,False
39,onlooker,1,21.0,x2,0.7685067309507554,-3.5839899436103904e-05,5.578461062080909e-06,0.0001026261676249085,-3.5839899436103904e-05,0.00021990480999467118,0.0006315131350622671,False
39,onlooker,41,46.0,x2,0.06756463865779794,-0.03704441069273483,6.421110546023831e-06,0.14090781210807224,-0.03704441069273483,0.023578783825519638,0.17486955622961675,False
39,onlooker,23,19.0,x1,-0.9071638484173883,-0.00043798169669916726,1.0789577453606309e-05,0.0012442863082182676,1.1842283469422061e-06,1.0789577453606309e-05,3.070393576054542e-05,True
39,onlooker,45,25.0,x1,-0.0898651378969797,4.3287301266520595e-05,-1.7915801943595279e-06,0.000122589777778348,3.5932755457580635e-05,-1.7915801943595279e-06,0.00010179389605413647,True
39,onlooker,26,40.0,x1,-0.5510578280348721,-3.152647362823094e-05,-4.1276052770709476e-05,0.0001469767298662994,-0.0007021431971549793,-4.1276052770709476e-05,0.0020025626536512853,False
39,onlooker,36,35.0,x2,0.6991055645163657,-0.012946899949906722,0.006785489820173454,0.04702481315269269,-0.012946899949906722,0.01150584784624399,0.05696316673637414,False
39,onlooker,1,10.0,x2,-0.057906295910489014,-3.5839899436103904e-05,5.578461062080909e-06,0.0001026261676249085,-3.5839899436103904e-05,3.380026648638789e-05,0.00013940468203843537,False
39,onlooker,42,49.0,x2,0.18973722935880266,-0.0027809270801512323,0.0009986522122798866,0.008589918750978587,-0.0027809270801512323,0.001878383565282519,0.009791703470320545,False
39,onlooker,11,10.0,x2,0.2788879079725348,-3.977448615493859e-05,8.036251359370942e-07,0.00011256433911244201,-3.977448615493859e-05,-0.0001364496859362535,0.0004025381710488496,False
39,onlooker,11,29.0,x2,0.6696238582878042,-3.977448615493859e-05,8.036251359370942e-07,0.00011256433911244201,-3.977448615493859e-05,1.26461545948567e-06,0.0001125982527594438,False
39,onlooker,20,19.0,x1,-0.9277193262178525,-0.0005442003815910668,0.01077438294907601,0.03360953786254983,3.457756181032834e-06,0.01077438294907601,0.03356281517721671,True
39,onlooker,13,36.0,x1,-0.2792175097356071,-0.00016633207831269996,0.0001355060557149674,0.0006080419480736232,-0.0037348904124260914,0.0001355060557149674,0.010942712122851805,False
39,onlooker,8,6.0,x1,-0.8098932436985822,5.410602347895738e-07,-0.00015119012866354121,0.00042824169023392145,-9.218229118645448e-05,-0.00015119012866354121,0.0005016824799359831,False
40,employed,1,34.0,x2,0.22524295758709734,-3.5839899436103904e-05,5.578461062080909e-06,0.0001026261676249085,-3.5839899436103904e-05,2.8518457963790256e-05,0.00012960278953544346,False
40,employed,2,27.0,x1,0.0006528963182788061,-0.010627454628651473,5.731832318942818e-05,0.03306418622385765,-0.010634387375770337,5.731832318942818e-05,0.03308771248753262,False
40,employed,3,9.0,x1,0.001208449520174515,-0.1166204174514755,0.007288053049498756,0.6564153818680905,-0.11676131784360785,0.007288053049498756,0.657514418980274,False
40,employed,4,3.0,x1,0.8517169172053758,-9.45061324818936e-05,-0.000145385759405706,0.0004912570165385155,0.09915258383067835,-0.000145385759405706,0.5221990955696438,False
40,employed,5,3.0,x2,-0.15293961021216296,-0.0024524505514154603,-0.0030448444343102827,0.011465231837533896,-0.0024524505514154603,-0.0014645351207742889,0.008296554110476695,True
40,employed,6,1.0,x2,0.5723008775664891,-0.00011394730245088915,0.00010364701046205516,0.00043630774226643965,-0.00011394730245088915,0.000159771727345333,0.0005560821851102737,False
40,employed,7,10.0,x1,0.8498320356433562,-0.00012922344091286756,0.0007896749967126306,0.0022802956518437334,-0.0002587611706659574,0.0007896749967126306,0.0023687818786553017,False
40,employed,8,3.0,x2,0.6415746691288537,5.410602347895738e-07,-0.00015119012866354121,0.00042824169023392145,5.410602347895738e-07,-0.0049240201092621,0.01457273423972838,False
40,employed,9,34.0,x1,-0.500528562228219,-2.4407622282346856e-05,1.0943547022609923e-05,7.567581665712808e-05,-0.017974380947034796,1.0943547022609923e-05,0.05941935918998498,False
40,employed,10,11.0,x2,-0.2846441332459553,2.3204008653710266e-05,0.0004929487025973359,0.0014022982861132682,2.3204008653710266e-05,0.0003528624935920725,0.0010035313252285682,True
40,employed,11,42.0,x1,0.7239130966709111,-3.977448615493859e-05,8.036251359370942e-07,0.00011256433911244201,0.0019445817766124193,8.036251359370942e-07,0.005600797703071425,False
40,employed,12,9.0,x2,-0.2931039206313386,-7.56664048075817e-06,2.2733437887010086e-06,2.2348409640660094e-05,-7.56664048075817e-06,4.814614349230223e-06,2.5368979958972915e-05,False
40,employed,13,12.0,x2,-0.7547143047242042,-0.00016633207831269996,0.0001355060557149674,0.0006080419480736232,-0.00016633207831269996,3.495342216701508e-05,0.00048150286551207344,True
40,employed,14,33.0,x2,-0.3082579535289294,-0.0003791594326767565,-1.741580979204601e-05,0.0010773917513984266,-0.0003791594326767565,0.00016675752022821298,0.0011761314961558078,False
40,employed,15,12.0,x1,0.7319955470039525,-5.361830190854174e-05,0.0027394273270542253,0.007949650459892599,-8.732791300581299e-05,0.0027394273270542253,0.007952228912195825,False
40,employed,16,38.0,x1,0.547522297392685,-1.853448157828697e-05,0.9202600378220214,2.6026466567808098,-2.4912891820261284e-05,0.9202600378220214,2.6026466641463846,False
40,employed,17,2.0,x2,0.8302608984621325,-2.1308137113068776e-05,4.388651243026454e-05,0.000138050700674075,-2.1308137113068776e-05,3.2734605161388e-05,0.0001105156377296801,True
40,employed,18,30.0,x1,0.007605609369037536,3.970170004606913e-06,-4.040371172348205e-06,1.602255197896696e-05,3.8702373013794025e-06,-4.040371172348205e-06,1.5825709156036538e-05,True
40,employed,19,1.0,x1,0.7953244208682093,4.612701840479723e-05,-9.2879718561192e-05,0.00029360318152926723,0.00011131730986696402,-9.2879718561192e-05,0.00041061514537377164,False
40,employed,20,28.0,x1,0.6503069246810707,3.457756181032834e-06,0.01077438294907601,0.03356281517721671,0.00021633857261521043,0.01077438294907601,0.033570200652484505,False
40,employed,21,34.0,x2,0.5933872270217608,-0.00014858597843604666,-0.0002733082946432818,0.0008824643068057192,-0.00014858597843604666,-0.00037836227422073394,0.0011541331534279387,False
40,employed,22,35.0,x1,0.8419278046716534,-0.009727964631352263,0.022881715269773895,0.08671196580358442,-0.013159005269673868,0.022881715269773895,0.0931205330219993,False
40,employed,23,12.0,x1,-0.5957997905341856,1.1842283469422061e-06,1.0789577453606309e-05,3.070393576054542e-05,-4.029537467593812e-06,1.0789577453606309e-05,3.257986160720705e-05,False
40,employed,24,36.0,x2,0.0027896011669379384,-2.514394007088565e-05,7.351012144597116e-05,0.00021990522795123368,-2.514394007088565e-05,5.4786375045937225e-05,0.00017059637090399704,True
40,employed,25,31.0,x2,0.417084938382454,-3.855250870930254e-05,-0.0008612708340916182,0.0024582731272606573,-3.855250870930254e-05,-0.001366842769783397,0.003917340186224028,False
40,employed,26,28.0,x1,0.5753868953323924,-3.152647362823094e-05,-4.1276052770709476e-05,0.0001469767298662994,0.00013669947610016618,-4.1276052770709476e-05,0.00040442868402523757,False
40,employed,27,16.0,x2,0.7179808871993842,-9.00431001524754e-06,-4.485329552248991e-06,2.8455572217200853e-05,-9.00431001524754e-06,-0.6607368241200373,3.238770428588414,False
40,employed,28,6.0,x1,0.26800795392237364,-0.0003238966181224247,-9.580976288765386e-06,0.0009193146910821959,-0.00038016470464295553,-9.580976288765386e-06,0.0010794604965771448,False
40,employed,29,45.0,x2,-0.4946117441965907,-8.299271069836007e-06,1.1519338751148425e-07,2.3477978914332454e-05,-8.299271069836007e-06,-8.279192196057178e-07,2.359224879855404e-05,False
40,employed,30,17.0,x2,-0.3891164430145222,1.710951208472177e-05,-4.5073775137361267e-05,0.00013642554383652694,1.710951208472177e-05,-1.4797254958790727e-05,6.39945076028603e-05,True
40,employed,31,28.0,x1,-0.17425636886970297,0.9614824789985473,0.00035088498638105744,2.582021087034122,0.7938815924278568,0.00035088498638105744,2.953125601271019,False
40,employed,32,6.0,x1,0.78257444351292,-6.113009072909624e-05,-9.08190775370399e-05,0.0003099640062136366,-1.9796690658010077e-05,-9.08190775370399e-05,0.0002631371070944688,True
40,employed,33,11.0,x1,0.06816002197705928,-0.00012083010228469957,0.000580049163655832,0.001685192780950917,-0.00012635485486146817,0.000580049163655832,0.0016884855574272883,False
40,employed,34,30.0,x2,-0.9184963127049166,-0.035886443636459,-9.626710670817388e-05,0.13543328201769045,-0.035886443636459,-2.1437348279749243e-05,0.13543270335083024,True
40,employed,35,5.0,x1,0.9433794208591033,-0.005652745094375823,3.3493747397188477e-05,0.016839334755350155,-0.00867183710689232,3.3493747397188477e-05,0.026529104361384004,False
40,employed,36,33.0,x2,-0.9328696459071462,-0.012946899949906722,0.006785489820173454,0.04702481315269269,-0.012946899949906722,0.0009966225922300514,0.041211435925941675,True
40,employed,37,40.0,x1,0.017085618554971038,-0.0010029666975910367,4.8987820692551905e-05,0.0028670502830938638,-0.0009987717972800754,4.8987820692551905e-05,0.0028549759026579302,True
40,employed,38,4.0,x2,0.3615041960955825,-6.8848916486193294e-06,-1.761407975405129e-05,5.350027358774767e-05,-6.8848916486193294e-06,2.8575918582202446e-05,8.316071663871938e-05,False
40,employed,39,25.0,x1,-0.5901603977781535,-0.004321699513092463,9.090032341503381e-05,0.012723799823288306,-0.0017939557732433902,9.090032341503381e-05,0.005166498045689583,True
40,employed,40,45.0,x1,-0.4172402833994917,-0.0012484889944551925,0.0008598770134948886,0.004348956423563255,-0.000712576499517116,0.0008598770134948886,0.0031918847531859917,True
40,employed,41,14.0,x1,-0.45445283641544254,-0.03704441069273483,6.421110546023831e-06,0.14090781210807224,-0.02038178325971656,6.421110546023831e-06,0.06867237387444236,True
40,employed,42,38.0,x2,0.4122373407610642,-0.0027809270801512323,0.0009986522122798866,0.008589918750978587,-0.0027809270801512323,0.0014175951260130644,0.009088075195390122,False
40,employed,43,46.0,x2,-0.5413215608314406,-0.001251798348978103,-0.00012073516352780102,0.0035991648186670666,-0.001251798348978103,-0.18891146641441453,1.2573563911057772,False
40,employed,44,39.0,x2,0.1460911530561919,-1.8583704361359228e-05,-5.9578116918042486e-06,5.5207937589063505e-05,-1.8583704361359228e-05,-2.0107928332434642e-05,7.746325044566404e-05,False
40,employed,45,16.0,x1,-0.9290917351844987,3.5932755457580635e-05,-1.7915801943595279e-06,0.00010179389605413647,-1.4672304310778993e-05,-1.7915801943595279e-06,4.1813594564121814e-05,True
40,employed,46,41.0,x2,-0.5178572569732873,0.08790572032117902,-0.34887967053812174,2.5663530107945616,0.08790572032117902,-0.16820647612081172,1.2908768742069374,True
40,employed,47,31.0,x1,0.09773587211962509,-0.00024903746596010505,-0.05634359302002287,0.24172395449233308,-0.09424470597254832,-0.05634359302002287,0.6062208443108621,False
40,employed,48,1.0,x2,0.9886872598795249,1.0602859881620542e-05,5.7507648128625466e-05,0.00016548876514521638,1.0602859881620542e-05,0.00010884937379721867,0.00030964817718670545,False
40,employed,49,40.0,x1,-0.027057458726635897,-9.498591862671804e-06,-0.0036379252057397275,0.010642018722986979,-2.8522093330641452e-05,-0.0036379252057397275,0.010642319147347923,False
40,employed,50,34.0,x1,-0.046811526818454796,-0.06397317671585794,0.00020940737166169369,0.28632596018929535,-0.06265839385706887,0.00020940737166169369,0.2784571244994045,True
40,onlooker,37,7.0,x1,-0.10729800953193935,-0.0009987717972800754,4.8987820692551905e-05,0.0028549759026579302,-0.0009054709894501045,4.8987820692551905e-05,0.002586699881373722,True
40,onlooker,17,24.0,x1,-0.0990546942792716,-2.1308137113068776e-05,3.2734605161388e-05,0.0001105156377296801,-2.1688091402370854e-05,3.2734605161388e-05,0.00011110600159414119,False
40,onlooker,8,49.0,x1,-0.9690157144237439,5.410602347895738e-07,-0.00015119012866354121,0.00042824169023392145,-9.187520414997802e-06,-0.00015119012866354121,0.00042903002983196714,False
40,onlooker,1,20.0,x1,0.24075269869363503,-3.5839899436103904e-05,5.578461062080909e-06,0.0001026261676249085,-4.530091607826266e-05,5.578461062080909e-06,0.00012915364585497358,False
40,onlooker,9,28.0,x1,0.44554393592695773,-2.4407622282346856e-05,1.0943547022609923e-05,7.567581665712808e-05,0.00010902788369105372,1.0943547022609923e-05,0.00031024668997448046,False
40,onlooker,5,50.0,x2,-0.3265987045214114,-0.0024524505514154603,-0.0014645351207742889,0.008296554110476695,-0.0024524505514154603,-0.0009178276713013545,0.007589020467609675,True
40,onlooker,33,6.0,x2,0.4189727774426528,-0.00012083010228469957,0.000580049163655832,0.001685192780950917,-0.00012083010228469957,0.0007796486969590888,0.0022480801298923048,False
40,onlooker,42,6.0,x1,-0.7482736912598675,-0.0027809270801512323,0.0009986522122798866,0.008589918750978587,-0.0007852962773759755,0.0009986522122798866,0.0036363008781923334,True
40,onlooker,14,1.0,x2,0.9721025886744596,-0.0003791594326767565,-1.741580979204601e-05,0.0010773917513984266,-0.0003791594326767565,-3.9768600014024464e-05,0.0010821778792693415,False
40,onlooker,30,31.0,x2,0.9179243393032721,1.710951208472177e-05,-1.4797254958790727e-05,6.39945076028603e-05,1.710951208472177e-05,-0.00035046588473561057,0.0009957262257818122,False
40,onlooker,42,40.0,x2,-0.32099526019674873,-0.0007852962773759755,0.0009986522122798866,0.0036363008781923334,-0.0007852962773759755,0.0009541060312370407,0.003535810626758451,True
40,onlooker,17,15.0,x1,-0.3066084764473602,-2.1308137113068776e-05,3.2734605161388e-05,0.0001105156377296801,-3.121470751477188e-05,3.2734605161388e-05,0.00012798922330548024,False
40,onlooker,19,7.0,x1,-0.2881042745958129,4.612701840479723e-05,-9.2879718561192e-05,0.00029360318152926723,-4.392198476961186e-06,-9.2879718561192e-05,0.0002632273149285602,True
40,onlooker,23,16.0,x1,-0.6693060636849044,1.1842283469422061e-06,1.0789577453606309e-05,3.070393576054542e-05,-1.2013623774057389e-05,1.0789577453606309e-05,4.567900355256782e-05,False
40,onlooker,19,25.0,x1,0.4414567733342567,-4.392198476961186e-06,-9.2879718561192e-05,0.0002632273149285602,1.0688101854305421e-05,-9.2879718561192e-05,0.00026466993332308064,False
40,onlooker,36,10.0,x2,-0.9266892096635257,-0.012946899949906722,0.0009966225922300514,0.041211435925941675,-0.012946899949906722,0.0004000570552103093,0.041098428792022634,True
40,onlooker,15,8.0,x1,-0.2084230415686119,-5.361830190854174e-05,0.0027394273270542253,0.007949650459892599,-4.233024292121269e-05,0.0027394273270542253,0.007949062578344712,True
40,onlooker,49,9.0,x1,-0.36225211315406214,-9.498591862671804e-06,-0.0036379252057397275,0.010642018722986979,-1.4899419637277286e-05,-0.0036379252057397275,0.010642073455333634,False
40,onlooker,37,25.0,x1,-0.9121437128532301,-0.0009054709894501045,4.8987820692551905e-05,0.002586699881373722,-0.00011471674768610786,4.8987820692551905e-05,0.00035322860193831573,True
40,onlooker,8,47.0,x1,-0.7936700145219431,5.410602347895738e-07,-0.00015119012866354121,0.00042824169023392145,-0.00019754193227467757,-0.00015119012866354121,0.0007052458068810274,False
40,onlooker,32,40.0,x2,-0.4691218745501522,-1.9796690658010077e-05,-9.08190775370399e-05,0.0002631371070944688,-1.9796690658010077e-05,0.00035517325481536057,0.0010095104930276655,False
40,onlooker,37,9.0,x2,-0.4304994503324193,-0.00011471674768610786,4.8987820692551905e-05,0.00035322860193831573,-0.00011471674768610786,3.2609781789345743e-05,0.0003377014982786086,True
40,onlooker,16,50.0,x1,-0.5708554095640854,-1.853448157828697e-05,0.9202600378220214,2.6026466567808098,-0.035776837060410675,0.9202600378220214,2.636328767513533,False
40,onlooker,7,47.0,x1,-0.6761386123592945,-0.00012922344091286756,0.0007896749967126306,0.0022802956518437334,-0.00021023432954948845,0.0007896749967126306,0.002329119340064967,False
40,onlooker,44,32.0,x1,0.15372299614103757,-1.8583704361359228e-05,-5.9578116918042486e-06,5.5207937589063505e-05,-1.8397240473560037e-05,-5.9578116918042486e-06,5.470576948285455e-05,True
40,onlooker,38,36.0,x2,-0.7789476211633726,-6.8848916486193294e-06,-1.761407975405129e-05,5.350027358774767e-05,-6.8848916486193294e-06,0.00030772985725504334,0.0008731321937180958,False
40,onlooker,50,47.0,x2,0.7931839257238325,-0.06265839385706887,0.00020940737166169369,0.2784571244994045,-0.06265839385706887,0.04506633823379949,0.3707077887585659,False
40,onlooker,32,26.0,x2,0.07255716776333654,-1.9796690658010077e-05,-9.08190775370399e-05,0.0002631371070944688,-1.9796690658010077e-05,-9.441377909651367e-05,0.0002730975117839485,False
40,onlooker,1,26.0,x1,0.24753913531983973,-3.5839899436103904e-05,5.578461062080909e-06,0.0001026261676249085,-3.690764113085106e-05,5.578461062080909e-06,0.00010561335608771927,False
40,onlooker,33,17.0,x1,-0.05743529941290104,-0.00012083010228469957,0.000580049163655832,0.001685192780950917,-0.00011511402841690664,0.000580049163655832,0.0016819346796137502,True
40,onlooker,32,21.0,x1,0.9242703979670504,-1.9796690658010077e-05,-9.08190775370399e-05,0.0002631371070944688,9.923943561048878e-05,-9.08190775370399e-05,0.0003809717812797153,False
40,onlooker,36,1.0,x1,-0.953441037035494,-0.012946899949906722,0.0004000570552103093,0.041098428792022634,-0.0006369654661584779,0.0004000570552103093,0.00214254409926129,True
40,onlooker,35,21.0,x2,0.6789418984245326,-0.005652745094375823,3.3493747397188477e-05,0.016839334755350155,-0.005652745094375823,0.00024179450826066862,0.01685520064532442,False
40,onlooker,9,1.0,x2,-0.22383529977257544,-2.4407622282346856e-05,1.0943547022609923e-05,7.567581665712808e-05,-2.4407622282346856e-05,9.742651398329275e-06,7.435014896062242e-05,True
40,onlooker,37,49.0,x1,0.7673077587021109,-0.00011471674768610786,3.2609781789345743e-05,0.0003377014982786086,-0.00019545145500575803,3.2609781789345743e-05,0.0005615072857527714,False
40,onlooker,24,41.0,x2,-0.8593390842647719,-2.514394007088565e-05,5.4786375045937225e-05,0.00017059637090399704,-2.514394007088565e-05,1.322421294035817e-05,8.03755845599774e-05,True
40,onlooker,29,47.0,x2,-0.20722970501852012,-8.299271069836007e-06,1.1519338751148425e-07,2.3477978914332454e-05,-8.299271069836007e-06,-0.011675974839327091,0.03665077402730832,False
40,onlooker,48,11.0,x1,-0.788732380933213,1.0602859881620542e-05,5.7507648128625466e-05,0.00016548876514521638,-2.9131384202891103e-05,5.7507648128625466e-05,0.00018244589406579692,False
40,onlooker,26,46.0,x2,-0.37744156251051164,-3.152647362823094e-05,-4.1276052770709476e-05,0.0001469767298662994,-3.152647362823094e-05,-0.0635138119263449,0.28356615526855977,False
40,onlooker,40,9.0,x2,0.4911407920018791,-0.000712576499517116,0.0008598770134948886,0.0031918847531859917,-0.000712576499517116,0.0012774126774030051,0.004194167432033158,False
40,onlooker,28,9.0,x2,0.4361744988752172,-0.0003238966181224247,-9.580976288765386e-06,0.0009193146910821959,-0.0003238966181224247,-1.8009449911635172e-05,0.0009203352285003241,False
40,onlooker,36,26.0,x1,-0.5490647247146507,-0.0006369654661584779,0.0004000570552103093,0.00214254409926129,-0.0003045402723933424,0.0004000570552103093,0.0014288155602817376,True
40,onlooker,7,48.0,x1,0.3116250765183104,-0.00012922344091286756,0.0007896749967126306,0.0022802956518437334,-0.00017279682259722218,0.0007896749967126306,0.0023037864891048976,False
40,onlooker,41,35.0,x2,0.6589473303845779,-0.02038178325971656,6.421110546023831e-06,0.06867237387444236,-0.02038178325971656,-1.1418331233522257e-05,0.06867238242416152,False
40,onlooker,9,26.0,x1,0.3342495410045867,-2.4407622282346856e-05,9.742651398329275e-06,7.435014896062242e-05,-2.202814948750522e-05,9.742651398329275e-06,6.814230835106017e-05,True
40,onlooker,6,9.0,x1,0.267965188501893,-0.00011394730245088915,0.00010364701046205516,0.00043630774226643965,-0.00013857843560165665,0.00010364701046205516,0.0004902598758573795,False
40,onlooker,43,33.0,x1,-0.9275903730878488,-0.001251798348978103,-0.00012073516352780102,0.0035991648186670666,-0.00019742091598563502,-0.00012073516352780102,0.0006559609376464159,True
40,onlooker,49,7.0,x2,-0.5348755328950205,-9.498591862671804e-06,-0.0036379252057397275,0.010642018722986979,-9.498591862671804e-06,-0.0012697101880069215,0.0036343143670767297,True
40,onlooker,49,38.0,x2,0.8731533607570132,-9.498591862671804e-06,-0.0012697101880069215,0.0036343143670767297,-9.498591862671804e-06,-0.002362982112918692,0.006832256743461773,False
40,onlooker,40,32.0,x2,-0.430894002273988,-0.000712576499517116,0.0008598770134948886,0.0031918847531859917,-0.000712576499517116,0.00045022776988390525,0.0024029828579057444,True
41,employed,1,18.0,x2,0.8945421460887395,-3.5839899436103904e-05,5.578461062080909e-06,0.0001026261676249085,-3.5839899436103904e-05,1.4182911891934673e-05,0.00010905894894053247,False
41,employed,2,44.0,x1,-0.28101910311534706,-0.010627454628651473,5.731832318942818e-05,0.03306418622385765,-0.007646106836526469,5.731832318942818e-05,0.023183174221952374,True
41,employed,3,20.0,x1,-0.40461121944823053,-0.1166204174514755,0.007288053049498756,0.6564153818680905,-0.06943308908692733,0.007288053049498756,0.3222180733889535,True
41,employed,4,17.0,x2,0.7213349325775713,-9.45061324818936e-05,-0.000145385759405706,0.0004912570165385155,-9.45061324818936e-05,-0.0002738702005714032,0.0008216802430607295,False
41,employed,5,1.0,x1,-0.1278947577809506,-0.0024524505514154603,-0.0009178276713013545,0.007589020467609675,-0.0021433787174296955,-0.0009178276713013545,0.0067395931792728625,True
41,employed,6,48.0,x2,0.08527271036561768,-0.00011394730245088915,0.00010364701046205516,0.00043630774226643965,-0.00011394730245088915,0.00010758143894276801,0.00044389430767610705,False
41,employed,7,24.0,x1,-0.37526039060082383,-0.00012922344091286756,0.0007896749967126306,0.0022802956518437334,-9.016652677336666e-05,0.0007896749967126306,0.0022648723930847048,True
41,employed,8,4.0,x1,-0.5510270439449743,5.410602347895738e-07,-0.00015119012866354121,0.00042824169023392145,-5.183251340315264e-05,-0.00015119012866354121,0.0004527427361833425,False
41,employed,9,5.0,x1,-0.7466011405691435,-2.202814948750522e-05,9.742651398329275e-06,6.814230835106017e-05,-0.0016058309030601448,9.742651398329275e-06,0.004610726754215921,False
41,employed,10,9.0,x1,-0.3959411358314431,2.3204008653710266e-05,0.0003528624935920725,0.0010035313252285682,5.29473658316995e-06,0.0003528624935920725,0.001001474491392873,True
41,employed,11,1.0,x1,0.9002877711864954,-3.977448615493859e-05,8.036251359370942e-07,0.00011256433911244201,-4.331674646257825e-05,8.036251359370942e-07,0.0001225893245551113,False
41,employed,12,7.0,x2,-0.2337022552808259,-7.56664048075817e-06,2.2733437887010086e-06,2.2348409640660094e-05,-7.56664048075817e-06,0.00018629088588887347,0.0005282702985565102,False
41,employed,13,45.0,x2,-0.7868640596184755,-0.00016633207831269996,3.495342216701508e-05,0.00048150286551207344,-0.00016633207831269996,6.04010043825339e-06,0.0004715059308009195,True
41,employed,14,25.0,x1,0.6895671950827915,-0.0003791594326767565,-1.741580979204601e-05,0.0010773917513984266,-0.0006140307938627714,-1.741580979204601e-05,0.0017474876279917062,False
41,employed,15,29.0,x1,-0.5793128091544799,-4.233024292121269e-05,0.0027394273270542253,0.007949062578344712,-2.2615665019734633e-05,0.0027394273270542253,0.007948367547701896,True
41,employed,16,38.0,x1,0.3626821257350157,-1.853448157828697e-05,0.9202600378220214,2.6026466567808098,-2.275957961792006e-05,0.9202600378220214,2.602646661418,False
41,employed,17,19.0,x2,-0.9074096768372497,-2.1308137113068776e-05,3.2734605161388e-05,0.0001105156377296801,-2.1308137113068776e-05,-8.1249047733848e-05,0.00023776640032879826,False
41,employed,18,1.0,x2,0.6507857662543433,3.8702373013794025e-06,-4.040371172348205e-06,1.5825709156036538e-05,3.8702373013794025e-06,-1.0300170278503132e-05,3.112520905235172e-05,False
41,employed,19,16.0,x2,-0.7244602027881908,-4.392198476961186e-06,-9.2879718561192e-05,0.0002632273149285602,-4.392198476961186e-06,0.6666661815595922,3.2337149393419087,False
41,employed,20,27.0,x2,0.8416665914501802,3.457756181032834e-06,0.01077438294907601,0.03356281517721671,3.457756181032834e-06,0.019846596272839526,0.06658915639993923,False
41,employed,21,1.0,x2,-0.8877129186471711,-0.00014858597843604666,-0.0002733082946432818,0.0008824643068057192,-0.00014858597843604666,-2.5736918764033656e-05,0.00042712804881661626,True
41,employed,22,21.0,x1,0.3519318135101268,-0.009727964631352263,0.022881715269773895,0.08671196580358442,-0.013099252732973262,0.022881715269773895,0.09299497746051033,False
41,employed,23,25.0,x1,0.7950968769308093,1.1842283469422061e-06,1.0789577453606309e-05,3.070393576054542e-05,3.277878387978316e-05,1.0789577453606309e-05,9.763759804615191e-05,False
41,employed,24,3.0,x1,-0.31971826071251286,-2.514394007088565e-05,1.322421294035817e-05,8.03755845599774e-05,-0.022216131442053325,1.322421294035817e-05,0.07592585060942669,False
41,employed,25,18.0,x1,-0.3197455480273166,-3.855250870930254e-05,-0.0008612708340916182,0.0024582731272606573,-2.4988024537293386e-05,-0.0008612708340916182,0.0024568359444576693,True
41,employed,26,24.0,x1,0.581154090389221,-3.152647362823094e-05,-4.1276052770709476e-05,0.0001469767298662994,-3.523570911212861e-05,-4.1276052770709476e-05,0.0001535780753276761,False
41,employed,27,16.0,x1,0.48896641326440515,-9.00431001524754e-06,-4.485329552248991e-06,2.8455572217200853e-05,-4.344376208273721e-06,-4.485329552248991e-06,1.7662699779652513e-05,True
41,employed,28,8.0,x1,0.1214497112679005,-0.0003238966181224247,-9.580976288765386e-06,0.0009193146910821959,-0.00036329948048333637,-9.580976288765386e-06,0.0010314403992812693,False
41,employed,29,19.0,x1,0.07842160459114123,-8.299271069836007e-06,1.1519338751148425e-07,2.3477978914332454e-05,-8.605669971823321e-06,1.1519338751148425e-07,2.4344663309694425e-05,False
41,employed,30,6.0,x1,0.9069256935218171,1.710951208472177e-05,-1.4797254958790727e-05,6.39945076028603e-05,0.00013596830449819086,-1.4797254958790727e-05,0.0003873452578067038,False
41,employed,31,46.0,x2,0.6527926085812579,0.9614824789985473,0.00035088498638105744,2.582021087034122,0.9614824789985473,0.11038388443911848,2.8898539940508035,False
41,employed,32,45.0,x2,-0.7066242596370278,-1.9796690658010077e-05,-9.08190775370399e-05,0.0002631371070944688,-1.9796690658010077e-05,-2.7910088139930923e-05,9.681473021005971e-05,True
41,employed,33,25.0,x1,-0.36418168248695326,-0.00011511402841690664,0.000580049163655832,0.0016819346796137502,-8.229178868820341e-05,0.000580049163655832,0.0016661947517957465,True
41,employed,34,45.0,x2,-0.6211246350010671,-0.035886443636459,-2.1437348279749243e-05,0.13543270335083024,-0.035886443636459,-9.234877748395943e-06,0.1354326787610316,True
41,employed,35,11.0,x1,0.37342891271002165,-0.005652745094375823,3.3493747397188477e-05,0.016839334755350155,-0.007748790605677057,3.3493747397188477e-05,0.023515200432545402,False
41,employed,36,5.0,x1,0.46473435383327955,-0.0003045402723933424,0.0004000570552103093,0.0014288155602817376,0.0005500311241644197,0.0004000570552103093,0.0019360222307907016,False
41,employed,37,14.0,x1,0.3218707305342947,-0.00011471674768610786,3.2609781789345743e-05,0.0003377014982786086,-2.9600387483717395e-05,3.2609781789345743e-05,0.00012461747970293757,True
41,employed,38,44.0,x2,0.2192227464699812,-6.8848916486193294e-06,-1.761407975405129e-05,5.350027358774767e-05,-6.8848916486193294e-06,-2.016939885224741e-05,6.0291868035466933e-05,False
41,employed,39,11.0,x2,-0.9016689489215668,-0.0017939557732433902,9.090032341503381e-05,0.005166498045689583,-0.0017939557732433902,9.66292817641713e-06,0.005159844498969779,True
41,employed,40,3.0,x1,-0.8223762359719842,-0.000712576499517116,0.00045022776988390525,0.0024029828579057444,-0.05722669297521689,0.00045022776988390525,0.2467611773034375,False
41,employed,41,29.0,x2,-0.3035642919186976,-0.02038178325971656,6.421110546023831e-06,0.06867237387444236,-0.02038178325971656,4.506859268902065e-06,0.06867237186821429,True
41,employed,42,12.0,x1,-0.5613868844056176,-0.0007852962773759755,0.0009541060312370407,0.003535810626758451,-0.0003486890596094572,0.0009541060312370407,0.0029006673656728488,True
41,employed,43,48.0,x1,-0.7623668482158512,-0.00019742091598563502,-0.00012073516352780102,0.0006559609376464159,-3.883048562375476e-05,-0.00012073516352780102,0.0003591458753899879,True
41,employed,44,15.0,x2,-0.05704547596161369,-1.8397240473560037e-05,-5.9578116918042486e-06,5.470576948285455e-05,-1.8397240473560037e-05,0.00015065399024590383,0.0004298926265247083,False
41,employed,45,1.0,x2,0.841906374951449,-1.4672304310778993e-05,-1.7915801943595279e-06,4.1813594564121814e-05,-1.4672304310778993e-05,-7.996464911811918e-06,4.727010245675345e-05,False
41,employed,46,5.0,x1,0.364941201372345,0.08790572032117902,-0.16820647612081172,1.2908768742069374,0.12076834670682617,-0.16820647612081172,1.4575689057758017,False
41,employed,47,31.0,x2,0.6181277102094744,-0.00024903746596010505,-0.05634359302002287,0.24172395449233308,-0.00024903746596010505,-0.09138802089164275,0.4662882713446703,False
41,employed,48,32.0,x2,0.538774834431959,1.0602859881620542e-05,5.7507648128625466e-05,0.00016548876514521638,1.0602859881620542e-05,0.00010352857484426967,0.00029464310448235054,False
41,employed,49,21.0,x1,-0.022591010896753527,-9.498591862671804e-06,-0.0012697101880069215,0.0036343143670767297,-1.2640716528351886e-05,-0.0012697101880069215,0.0036343936979048586,False
41,employed,50,35.0,x2,0.1368534421101022,-0.06265839385706887,0.00020940737166169369,0.2784571244994045,-0.06265839385706887,0.00023348175665635442,0.27845763834122694,False
41,onlooker,26,11.0,x1,-0.4837834783872492,-3.152647362823094e-05,-4.1276052770709476e-05,0.0001469767298662994,-3.551672581818317e-05,-4.1276052770709476e-05,0.0001540958482668664,False
41,onlooker,18,1.0,x2,-0.16527310083952607,3.8702373013794025e-06,-4.040371172348205e-06,1.5825709156036538e-05,3.8702373013794025e-06,-2.450636942508918e-06,1.295721210725631e-05,True
41,onlooker,1,29.0,x1,0.4080575379446978,-3.5839899436103904e-05,5.578461062080909e-06,0.0001026261676249085,-4.7078060440693085e-05,5.578461062080909e-06,0.00013414826493773901,False
41,onlooker,28,35.0,x1,-0.999973662887585,-0.0003238966181224247,-9.580976288765386e-06,0.0009193146910821959,-0.005652604747894462,-9.580976288765386e-06,0.01683861045475199,False
41,onlooker,4,36.0,x1,0.6058002959135411,-9.45061324818936e-05,-0.000145385759405706,0.0004912570165385155,3.2732611628408156e-05,-0.000145385759405706,0.00042209765345235795,True
41,onlooker,36,33.0,x2,0.41476532762312,-0.0003045402723933424,0.0004000570552103093,0.0014288155602817376,-0.0003045402723933424,0.00032540256938132597,0.0012658656359119114,True
41,onlooker,37,36.0,x1,0.47601695537667954,-2.9600387483717395e-05,3.2609781789345743e-05,0.00012461747970293757,0.00010127565944257698,3.2609781789345743e-05,0.0003012354109448445,False
41,onlooker,4,5.0,x1,-0.27776011354112207,3.2732611628408156e-05,-0.000145385759405706,0.00042209765345235795,-0.0005717043182088929,-0.000145385759405706,0.001677757357420706,False
41,onlooker,26,39.0,x2,-0.33058436241797495,-3.152647362823094e-05,-4.1276052770709476e-05,0.0001469767298662994,-3.152647362823094e-05,-2.4436422232082253e-05,0.00011286283600187019,True
41,onlooker,14,40.0,x2,-0.50132629709201,-0.0003791594326767565,-1.741580979204601e-05,0.0010773917513984266,-0.0003791594326767565,0.000217026214365751,0.001240759496298427,False
41,onlooker,41,9.0,x1,-0.2810529542550464,-0.02038178325971656,4.506859268902065e-06,0.06867237186821429,-0.014659613938077408,4.506859268902065e-06,0.04717605522695978,True
41,onlooker,20,15.0,x2,-0.9932861722259747,3.457756181032834e-06,0.01077438294907601,0.03356281517721671,3.457756181032834e-06,0.002793372635272415,0.00810862337030871,True
41,onlooker,12,18.0,x2,-0.3727502109466745,-7.56664048075817e-06,2.2733437887010086e-06,2.2348409640660094e-05,-7.56664048075817e-06,5.124789746344829e-07,2.1452253307518987e-05,True
41,onlooker,39,3.0,x2,-0.2221026006895186,-0.0017939557732433902,9.66292817641713e-06,0.005159844498969779,-0.0017939557732433902,0.0016262123029550093,0.0070046702578037134,False
41,onlooker,2,47.0,x2,0.5804188740621927,-0.007646106836526469,5.731832318942818e-05,0.023183174221952374,-0.007646106836526469,0.03279347178109826,0.12516470060274232,False
41,onlooker,49,45.0,x2,-0.36837445576783123,-9.498591862671804e-06,-0.0012697101880069215,0.0036343143670767297,-9.498591862671804e-06,-0.0008026413608960627,0.0022875287520318643,True
41,onlooker,35,16.0,x1,0.7764223758592479,-0.005652745094375823,3.3493747397188477e-05,0.016839334755350155,-0.010027272284455473,3.3493747397188477e-05,0.031036757974451934,False
41,onlooker,21,19.0,x1,0.8281374884666668,-0.00014858597843604666,-2.5736918764033656e-05,0.00042712804881661626,-0.0002679982532238789,-2.5736918764033656e-05,0.0007634310689081936,False
41,onlooker,42,49.0,x1,-0.8670238288511063,-0.0003486890596094572,0.0009541060312370407,0.0029006673656728488,-5.4602841553841644e-05,0.0009541060312370407,0.00272735452484385,True
41,onlooker,12,16.0,x2,-0.15129587809047584,-7.56664048075817e-06,5.124789746344829e-07,2.1452253307518987e-05,-7.56664048075817e-06,0.13923198543687543,0.8364491679669297,False
41,onlooker,24,15.0,x1,0.5809008462900569,-2.514394007088565e-05,1.322421294035817e-05,8.03755845599774e-05,-2.6612617187753313e-05,1.322421294035817e-05,8.407641350816064e-05,False
41,onlooker,11,36.0,x2,0.7035366311841948,-3.977448615493859e-05,8.036251359370942e-07,0.00011256433911244201,-3.977448615493859e-05,-0.00022756362258441007,0.0006548257770409016,False
41,onlooker,30,18.0,x1,-0.6242175156066974,1.710951208472177e-05,-1.4797254958790727e-05,6.39945076028603e-05,8.8453248710294e-06,-1.4797254958790727e-05,4.87684328907001e-05,True
41,onlooker,7,38.0,x1,-0.06173600483296804,-9.016652677336666e-05,0.0007896749967126306,0.0022648723930847048,-8.502505134480778e-05,0.0007896749967126306,0.00226324512657472,True
41,onlooker,3,50.0,x2,0.3426063659779801,-0.06943308908692733,0.007288053049498756,0.3222180733889535,-0.06943308908692733,0.009713242121228247,0.32409760273750665,False
41,onlooker,42,22.0,x2,0.9108772416160498,-5.4602841553841644e-05,0.0009541060312370407,0.00272735452484385,-5.4602841553841644e-05,-0.01901925418719602,0.06339846760574774,False
41,onlooker,10,11.0,x1,0.7806694695407177,5.29473658316995e-06,0.0003528624935920725,0.001001474491392873,4.047890279074159e-05,0.0003528624935920725,0.001007950561583204,False
41,onlooker,44,25.0,x1,-0.7484272892920427,-1.8397240473560037e-05,-5.9578116918042486e-06,5.470576948285455e-05,-2.332996312468918e-05,-5.9578116918042486e-06,6.812022261160067e-05,False
41,onlooker,15,38.0,x1,0.6919838160026068,-2.2615665019734633e-05,0.0027394273270542253,0.007948367547701896,-3.350110560575119e-05,0.0027394273270542253,0.00794869914620877,False
41,onlooker,18,4.0,x2,0.3314533631455612,3.8702373013794025e-06,-2.450636942508918e-06,1.295721210725631e-05,3.8702373013794025e-06,4.49256901095404e-05,0.00012759382718074974,False
41,onlooker,37,21.0,x2,0.16619522323573865,-2.9600387483717395e-05,3.2609781789345743e-05,0.00012461747970293757,-2.9600387483717395e-05,4.2306724712883425e-05,0.00014611322993518527,False
41,onlooker,50,13.0,x2,0.1459553875985018,-0.06265839385706887,0.00020940737166169369,0.2784571244994045,-0.06265839385706887,0.00023908992055796056,0.27845776606372796,False
41,onlooker,30,27.0,x2,0.7382591158875915,8.8453248710294e-06,-1.4797254958790727e-05,4.87684328907001e-05,8.8453248710294e-06,-2.2410127892523022e-05,6.815963334760866e-05,False
41,onlooker,30,25.0,x1,-0.7539699466776537,8.8453248710294e-06,-1.4797254958790727e-05,4.87684328907001e-05,-1.6664003778290155e-05,-1.4797254958790727e-05,6.304640832199837e-05,False
41,onlooker,36,7.0,x1,-0.9468602132715527,-0.0003045402723933424,0.00032540256938132597,0.0012658656359119114,-9.669004337497486e-05,0.00032540256938132597,0.0009632176797294001,True
41,onlooker,25,30.0,x2,0.99810812274776,-2.4988024537293386e-05,-0.0008612708340916182,0.0024568359444576693,-2.4988024537293386e-05,-0.001706142989115462,0.004903746595918523,False
41,onlooker,36,43.0,x1,-0.30722392193848935,-9.669004337497486e-05,0.00032540256938132597,0.0009632176797294001,-7.89142031210185e-05,0.00032540256938132597,0.0009500409964826595,True
41,onlooker,26,49.0,x1,-0.16522289571444748,-3.152647362823094e-05,-2.4436422232082253e-05,0.00011286283600187019,-2.788696321646978e-05,-2.4436422232082253e-05,0.00010491068417595173,True
41,onlooker,40,26.0,x2,-0.5520762969398718,-0.000712576499517116,0.00045022776988390525,0.0024029828579057444,-0.000712576499517116,0.00018817692041055498,0.0020990277062122864,True
41,onlooker,29,11.0,x1,-0.9939460202485177,-8.299271069836007e-06,1.1519338751148425e-07,2.3477978914332454e-05,-3.958393584013983e-05,1.1519338751148425e-07,0.0001120024759342364,False
41,onlooker,12,10.0,x1,-0.2581576456011325,-7.56664048075817e-06,5.124789746344829e-07,2.1452253307518987e-05,-4.24637765874608e-06,5.124789746344829e-07,1.209820855807564e-05,True
41,onlooker,44,20.0,x2,0.6903752549819822,-1.8397240473560037e-05,-5.9578116918042486e-06,5.470576948285455e-05,-1.8397240473560037e-05,-0.001938546282793553,0.005583358141713735,False
41,onlooker,28,1.0,x2,-0.6225265741935697,-0.0003238966181224247,-9.580976288765386e-06,0.0009193146910821959,-0.0003238966181224247,-1.4382368804099868e-07,0.0009189116248653484,True
41,onlooker,47,30.0,x2,0.8590937171445479,-0.00024903746596010505,-0.05634359302002287,0.24172395449233308,-0.00024903746596010505,-0.10473530755610783,0.5635653507699279,False
41,onlooker,15,37.0,x1,0.5440503197945197,-2.2615665019734633e-05,0.0027394273270542253,0.007948367547701896,-1.8815624529528846e-05,0.0027394273270542253,0.007948282080171953,True
41,onlooker,49,1.0,x2,0.9044744302464924,-9.498591862671804e-06,-0.0008026413608960627,0.0022875287520318643,-9.498591862671804e-06,-0.0015336555238755763,0.0044005498561046075,False
41,onlooker,20,43.0,x2,0.08942583644216784,3.457756181032834e-06,0.002793372635272415,0.00810862337030871,3.457756181032834e-06,0.003053969162662769,0.008886271668242518,False
41,onlooker,28,18.0,x2,0.6569451807563951,-0.0003238966181224247,-1.4382368804099868e-07,0.0009189116248653484,-0.0003238966181224247,1.3716261623866766e-06,0.0009189197985333131,False
41,onlooker,13,26.0,x1,0.12034899753495076,-0.00016633207831269996,6.04010043825339e-06,0.0004715059308009195,-0.00018299380912814215,6.04010043825339e-06,0.0005187591915967182,False
41,onlooker,37,24.0,x1,0.36056579767898755,-2.9600387483717395e-05,3.2609781789345743e-05,0.00012461747970293757,-3.120722999993953e-05,3.2609781789345743e-05,0.00012771909441200435,False
42,employed,1,25.0,x2,0.3186412739171893,-3.5839899436103904e-05,5.578461062080909e-06,0.0001026261676249085,-3.5839899436103904e-05,0.0002817924247640732,0.0008055985873629545,False
42,employed,2,35.0,x1,0.4188831210584876,-0.007646106836526469,5.731832318942818e-05,0.023183174221952374,-0.008481092424477116,5.731832318942818e-05,0.025903001637054945,False
42,employed,3,42.0,x1,0.08144512191983466,-0.06943308908692733,0.007288053049498756,0.3222180733889535,-0.07508362835779535,0.007288053049498756,0.3580617421932364,False
42,employed,4,11.0,x2,0.3592816832381107,3.2732611628408156e-05,-0.000145385759405706,0.00042209765345235795,3.2732611628408156e-05,-0.00019790892755537097,0.0005684469922688784,False
42,employed,5,4.0,x2,-0.5620899550776319,-0.0021433787174296955,-0.0009178276713013545,0.0067395931792728625,-0.0021433787174296955,-0.00048364583174384935,0.006343368253709958,True
42,employed,6,40.0,x2,-0.12985971133986807,-0.00011394730245088915,0.00010364701046205516,0.00043630774226643965,-0.00011394730245088915,0.0001146240401675524,0.0004578402925017322,False
42,employed,7,26.0,x1,0.9747938369670601,-8.502505134480778e-05,0.0007896749967126306,0.00226324512657472,-0.0001407229075083924,0.0007896749967126306,0.0022858580269127238,False
42,employed,8,13.0,x2,-0.9608945009281309,5.410602347895738e-07,-0.00015119012866354121,0.00042824169023392145,5.410602347895738e-07,-1.0846613995662375e-07,1.5608055474736204e-06,True
42,employed,9,6.0,x2,-0.5109962806783408,-2.202814948750522e-05,9.742651398329275e-06,6.814230835106017e-05,-2.202814948750522e-05,5.7727429619376646e-05,0.00017486310783754178,False
42,employed,10,37.0,x1,0.5516440639695239,5.29473658316995e-06,0.0003528624935920725,0.001001474491392873,2.454442463614843e-05,0.0003528624935920725,0.0010037889562650726,False
42,employed,11,29.0,x2,-0.48990720260367726,-3.977448615493859e-05,8.036251359370942e-07,0.00011256433911244201,-3.977448615493859e-05,4.663574638823451e-07,0.00011254910038305255,True
42,employed,12,27.0,x2,-0.9700848881321316,-4.24637765874608e-06,5.124789746344829e-07,1.209820855807564e-05,-4.24637765874608e-06,-4.335819551073085e-06,1.716630728809676e-05,False
42,employed,13,35.0,x1,0.22859511081833572,-0.00016633207831269996,6.04010043825339e-06,0.0004715059308009195,0.001087835113089409,6.04010043825339e-06,0.003108422059402205,False
42,employed,14,2.0,x2,0.6340232672655912,-0.0003791594326767565,-1.741580979204601e-05,0.0010773917513984266,-0.0003791594326767565,-6.479898896122145e-05,0.001091913421355617,False
42,employed,15,39.0,x1,-0.3835525088633738,-1.8815624529528846e-05,0.0027394273270542253,0.007948282080171953,-0.0006996750821528327,0.0027394273270542253,0.008209857205156101,False
42,employed,16,33.0,x1,0.20298592692994633,-1.853448157828697e-05,0.9202600378220214,2.6026466567808098,-5.592645496023322e-06,0.9202600378220214,2.6026466484816813,True
42,employed,17,8.0,x2,-0.6134813977712683,-2.1308137113068776e-05,3.2734605161388e-05,0.0001105156377296801,-2.1308137113068776e-05,1.2585991872337674e-05,7.001310251242288e-05,True
42,employed,18,35.0,x2,0.8671032925400171,3.8702373013794025e-06,-2.450636942508918e-06,1.295721210725631e-05,3.8702373013794025e-06,-3.361813095178436e-05,9.574496344244565e-05,False
42,employed,19,30.0,x2,0.13562629111908975,-4.392198476961186e-06,-9.2879718561192e-05,0.0002632273149285602,-4.392198476961186e-06,-0.000103469753501027,0.0002932058083264799,False
42,employed,20,33.0,x2,-0.11884339964374235,3.457756181032834e-06,0.002793372635272415,0.00810862337030871,3.457756181032834e-06,0.0025303337493942104,0.00732735320191269,True
42,employed,21,3.0,x1,-0.20699230655060563,-0.00014858597843604666,-2.5736918764033656e-05,0.00042712804881661626,-0.014489945085075263,-2.5736918764033656e-05,0.04656500284305354,False
42,employed,22,46.0,x2,0.6098936007830971,-0.009727964631352263,0.022881715269773895,0.08671196580358442,-0.009727964631352263,0.13942518038410776,0.841102563917556,False
42,employed,23,47.0,x2,-0.6943368297351789,1.1842283469422061e-06,1.0789577453606309e-05,3.070393576054542e-05,1.1842283469422061e-06,-0.03911813377696154,0.15087920661629228,False
42,employed,24,26.0,x2,0.16945630962588742,-2.514394007088565e-05,1.322421294035817e-05,8.03755845599774e-05,-2.514394007088565e-05,1.9606045194846822e-05,9.020976227747113e-05,False
42,employed,25,11.0,x1,-0.5980595214620599,-2.4988024537293386e-05,-0.0008612708340916182,0.0024568359444576693,-3.383120869645939e-05,-0.0008612708340916182,0.002457703375676079,False
42,employed,26,40.0,x1,0.3437038341044132,-2.788696321646978e-05,-2.4436422232082253e-05,0.00010491068417595173,0.00020744345558123512,-2.4436422232082253e-05,0.000591957365373208,False
42,employed,27,33.0,x2,-0.46602508403397014,-4.344376208273721e-06,-4.485329552248991e-06,1.7662699779652513e-05,-4.344376208273721e-06,0.00026792240676580114,0.0007598105694381907,False
42,employed,28,25.0,x2,-0.9538600930213443,-0.0003238966181224247,-1.4382368804099868e-07,0.0009189116248653484,-0.0003238966181224247,-0.0008215385139347893,0.002518499856677625,False
42,employed,29,7.0,x1,0.036501725521582484,-8.299271069836007e-06,1.1519338751148425e-07,2.3477978914332454e-05,-5.4986476978097405e-06,1.1519338751148425e-07,1.5556742216649155e-05,True
42,employed,30,16.0,x1,0.9313395137930331,8.8453248710294e-06,-1.4797254958790727e-05,4.87684328907001e-05,2.2291977172838502e-05,-1.4797254958790727e-05,7.569685370301116e-05,False
42,employed,31,24.0,x2,-0.8328716872862987,0.9614824789985473,0.00035088498638105744,2.582021087034122,0.9614824789985473,6.965688827510562e-05,2.5820178081525573,True
42,employed,32,1.0,x2,0.45051574769534275,-1.9796690658010077e-05,-2.7910088139930923e-05,9.681473021005971e-05,-1.9796690658010077e-05,-4.2997206922907555e-05,0.0001339452512572059,False
42,employed,33,9.0,x2,-0.6243752619898819,-8.229178868820341e-05,0.000580049163655832,0.0016661947517957465,-8.229178868820341e-05,0.0002239638856505179,0.000676389383290843,True
42,employed,34,21.0,x1,-0.4718788216930707,-0.035886443636459,-9.234877748395943e-06,0.1354326787610316,-0.019022505474956444,-9.234877748395943e-06,0.06341064531504204,True
42,employed,35,31.0,x2,-0.02861498555247244,-0.005652745094375823,3.3493747397188477e-05,0.016839334755350155,-0.005652745094375823,3.45285551509421e-05,0.016839354239106985,False
42,employed,36,6.0,x1,0.5694816958188968,-7.89142031210185e-05,0.00032540256938132597,0.0009500409964826595,-5.8963494304851904e-05,0.00032540256938132597,0.0009382774495425572,True
42,employed,37,21.0,x1,0.22166863917860113,-2.9600387483717395e-05,3.2609781789345743e-05,0.00012461747970293757,-3.2250134554528914e-06,3.2609781789345743e-05,9.27129429979523e-05,True
42,employed,38,1.0,x1,0.2528000668730741,-6.8848916486193294e-06,-1.761407975405129e-05,5.350027358774767e-05,4.3493625636715244e-07,-1.761407975405129e-05,4.984359347703915e-05,True
42,employed,39,14.0,x2,-0.011258513580012952,-0.0017939557732433902,9.66292817641713e-06,0.005159844498969779,-0.0017939557732433902,9.358061837269576e-06,0.00515983977326373,True
42,employed,40,15.0,x2,0.9925214892844856,-0.000712576499517116,0.00018817692041055498,0.0020990277062122864,-0.000712576499517116,-0.00234399393272907,0.007089217948646809,False
42,employed,41,12.0,x1,0.8257192029785132,-0.014659613938077408,4.506859268902065e-06,0.04717605522695978,-0.02676083235942346,4.506859268902065e-06,0.09464829741188341,False
42,employed,42,46.0,x2,-0.15799869413126455,-5.4602841553841644e-05,0.0009541060312370407,0.00272735452484385,-5.4602841553841644e-05,-0.02577304504727116,0.09048852832053855,False
42,employed,43,15.0,x1,-0.2379289062024177,-3.883048562375476e-05,-0.00012073516352780102,0.0003591458753899879,-3.406837161581226e-05,-0.00012073516352780102,0.0003552444741612426,True
42,employed,44,50.0,x1,0.23759245467521217,-1.8397240473560037e-05,-5.9578116918042486e-06,5.470576948285455e-05,0.014864393316510304,-5.9578116918042486e-06,0.04791567427594545,False
42,employed,45,27.0,x2,-0.9281642373211454,-1.4672304310778993e-05,-1.7915801943595279e-06,4.1813594564121814e-05,-1.4672304310778993e-05,-4.291822012659326e-06,4.324474743500062e-05,False
42,employed,46,42.0,x2,-0.832389088385602,0.08790572032117902,-0.16820647612081172,1.2908768742069374,0.08790572032117902,-0.0273990533524901,0.4720933109097776,True
42,employed,47,3.0,x1,-0.450283827764016,-0.00024903746596010505,-0.05634359302002287,0.24172395449233308,-0.0314014970500725,-0.05634359302002287,0.29004298134714235,False
42,employed,48,24.0,x2,0.790577920008801,1.0602859881620542e-05,5.7507648128625466e-05,0.00016548876514521638,1.0602859881620542e-05,9.251715421061037e-05,0.000263621797078617,False
42,employed,49,39.0,x1,-0.604735710988314,-9.498591862671804e-06,-0.0008026413608960627,0.0022875287520318643,-0.0010886235741731434,-0.0008026413608960627,0.003874241050838112,False
42,employed,50,19.0,x1,0.5604805292377655,-0.06265839385706887,0.00020940737166169369,0.2784571244994045,-0.09777474186554029,0.00020940737166169369,0.5121368563740956,False
42,onlooker,27,9.0,x1,-0.20788959464333323,-4.344376208273721e-06,-4.485329552248991e-06,1.7662699779652513e-05,-8.020648667057765e-06,-4.485329552248991e-06,2.599439928419045e-05,False
42,onlooker,32,49.0,x2,0.3236241097128181,-1.9796690658010077e-05,-2.7910088139930923e-05,9.681473021005971e-05,-1.9796690658010077e-05,0.00022281163027245066,0.0006340214658178134,False
42,onlooker,1,36.0,x2,-0.498270385085539,-3.5839899436103904e-05,5.578461062080909e-06,0.0001026261676249085,-3.5839899436103904e-05,0.0001649373426739503,0.0004781584465267663,False
42,onlooker,43,19.0,x1,-0.6007699244913995,-3.406837161581226e-05,-0.00012073516352780102,0.0003552444741612426,-1.6239819319991e-05,-0.00012073516352780102,0.0003449611304593425,True
42,onlooker,24,13.0,x2,-0.5283570230042989,-2.514394007088565e-05,1.322421294035817e-05,8.03755845599774e-05,-2.514394007088565e-05,9.428436645818124e-06,7.597251087476664e-05,True
42,onlooker,29,39.0,x1,0.6699087483197512,-5.4986476978097405e-06,1.1519338751148425e-07,1.5556742216649155e-05,0.0011926044266999702,1.1519338751148425e-07,0.003411067962290293,False
42,onlooker,20,4.0,x2,-0.032050003068893274,3.457756181032834e-06,0.0025303337493942104,0.00732735320191269,3.457756181032834e-06,0.0024445769309256755,0.007073437148254147,True
42,onlooker,22,10.0,x2,0.7922898022882403,-0.009727964631352263,0.022881715269773895,0.08671196580358442,-0.009727964631352263,0.040731095581595864,0.16449894306611101,False
42,onlooker,49,3.0,x1,0.5914927597148649,-9.498591862671804e-06,-0.0008026413608960627,0.0022875287520318643,0.04105405253937779,-0.0008026413608960627,0.16041843212548956,False
42,onlooker,33,13.0,x2,0.27031223656562586,-8.229178868820341e-05,0.0002239638856505179,0.000676389383290843,-8.229178868820341e-05,0.0002828713514320922,0.0008355607592709369,False
42,onlooker,7,4.0,x1,0.986978150104521,-8.502505134480778e-05,0.0007896749967126306,0.00226324512657472,-0.00020124929170674407,0.0007896749967126306,0.002322613643237492,False
42,onlooker,32,13.0,x2,-0.09993208819246813,-1.9796690658010077e-05,-2.7910088139930923e-05,9.681473021005971e-05,-1.9796690658010077e-05,-2.4517374900784885e-05,8.915603926640259e-05,True
42,onlooker,48,22.0,x2,0.8008890640046884,1.0602859881620542e-05,5.7507648128625466e-05,0.00016548876514521638,1.0602859881620542e-05,-0.01822215063061953,0.06035768066768954,False
42,onlooker,44,17.0,x1,0.39201800815420507,-1.8397240473560037e-05,-5.9578116918042486e-06,5.470576948285455e-05,-1.7256116570997052e-05,-5.9578116918042486e-06,5.164367502219491e-05,True
42,onlooker,34,39.0,x2,-0.2681416714650291,-0.019022505474956444,-9.234877748395943e-06,0.06341064531504204,-0.019022505474956444,-4.2493358504472854e-06,0.06341063853344808,True
42,onlooker,3,10.0,x2,0.23310737534751835,-0.06943308908692733,0.007288053049498756,0.3222180733889535,-0.06943308908692733,0.00890469711752106,0.32341188177735747,False
42,onlooker,39,38.0,x2,0.1673631702300613,-0.0017939557732433902,9.358061837269576e-06,0.00515983977326373,-0.0017939557732433902,1.3872204961887125e-05,0.00515992523086739,False
42,onlooker,5,1.0,x1,0.5642835146441454,-0.0021433787174296955,-0.00048364583174384935,0.006343368253709958,-0.003332628128896087,-0.00048364583174384935,0.009826787324098252,False
42,onlooker,28,40.0,x1,-0.6744230770412223,-0.0003238966181224247,-1.4382368804099868e-07,0.0009189116248653484,-0.0005860312997166497,-1.4382368804099868e-07,0.0016666919017258586,False
42,onlooker,21,47.0,x1,-0.6568040175056686,-0.00014858597843604666,-2.5736918764033656e-05,0.00042712804881661626,-0.00021456291900626877,-2.5736918764033656e-05,0.000612469418879602,False
42,onlooker,4,34.0,x1,0.18907268124351262,3.2732611628408156e-05,-0.000145385759405706,0.00042209765345235795,0.0036355575683925073,-0.000145385759405706,0.01064360777148865,False
42,onlooker,48,45.0,x1,0.498860780441142,1.0602859881620542e-05,5.7507648128625466e-05,0.00016548876514521638,2.321164801641898e-05,5.7507648128625466e-05,0.0001755084580215005,False
42,onlooker,1,25.0,x2,0.7922038730740777,-3.5839899436103904e-05,5.578461062080909e-06,0.0001026261676249085,-3.5839899436103904e-05,0.0006922998300543756,0.00197353837930736,False
42,onlooker,22,49.0,x2,0.304975961287965,-0.009727964631352263,0.022881715269773895,0.08671196580358442,-0.009727964631352263,0.030104874700699454,0.11593352512423793,False
42,onlooker,6,26.0,x2,0.3912342712902952,-0.00011394730245088915,0.00010364701046205516,0.00043630774226643965,-0.00011394730245088915,0.00015375763891650558,0.0005422729688864258,False
42,onlooker,4,18.0,x2,0.43416212610797267,3.2732611628408156e-05,-0.000145385759405706,0.00042209765345235795,3.2732611628408156e-05,-0.0002074427760698311,0.0005951705715152578,False
42,onlooker,8,19.0,x2,0.3798206449344679,5.410602347895738e-07,-1.0846613995662375e-07,1.5608055474736204e-06,5.410602347895738e-07,3.512797078605531e-05,9.940155686694041e-05,False
42,onlooker,39,26.0,x1,0.9137150554000193,-0.0017939557732433902,9.358061837269576e-06,0.00515983977326373,-0.003407639433837384,9.358061837269576e-06,0.009947477866973475,False
42,onlooker,47,24.0,x1,-0.6794511797773553,-0.00024903746596010505,-0.05634359302002287,0.24172395449233308,-9.691274565016308e-05,-0.05634359302002287,0.24172127523623788,True
42,onlooker,39,12.0,x2,0.68564261999821,-0.0017939557732433902,9.358061837269576e-06,0.00515983977326373,-0.0017939557732433902,1.5422970446617965e-05,0.005159962252755168,False
42,onlooker,29,20.0,x1,0.11276671716508835,-5.4986476978097405e-06,1.1519338751148425e-07,1.5556742216649155e-05,-6.508631960831481e-06,1.1519338751148425e-07,1.841320258622048e-05,False
42,onlooker,27,47.0,x2,-0.5712739004768743,-4.344376208273721e-06,-4.485329552248991e-06,1.7662699779652513e-05,-4.344376208273721e-06,-0.03218954712927407,0.11840220633966014,False
42,onlooker,47,2.0,x1,0.5384065630661532,-9.691274565016308e-05,-0.05634359302002287,0.24172127523623788,0.0039676228987378616,-0.05634359302002287,0.24252168058838963,False
42,onlooker,46,20.0,x1,-0.8538656260094655,0.08790572032117902,-0.0273990533524901,0.4720933109097776,0.012848999868468616,-0.0273990533524901,0.10981893963848721,True
42,onlooker,40,43.0,x1,-0.327485224023093,-0.000712576499517116,0.00018817692041055498,0.0020990277062122864,-0.00048453652580726365,0.00018817692041055498,0.0014773951294277943,True
42,onlooker,26,41.0,x1,-0.6159140454997609,-2.788696321646978e-05,-2.4436422232082253e-05,0.00010491068417595173,-0.009039773116951049,-2.4436422232082253e-05,0.027742986524810664,False
42,onlooker,32,22.0,x1,-0.6511684954914729,-1.9796690658010077e-05,-2.4517374900784885e-05,8.915603926640259e-05,-0.006341449802578437,-2.4517374900784885e-05,0.019006957084148457,False
42,onlooker,42,16.0,x2,0.8688522313100324,-5.4602841553841644e-05,0.0009541060312370407,0.00272735452484385,-5.4602841553841644e-05,-0.7977869040617345,2.9406395270670243,False
42,onlooker,29,26.0,x2,-0.15338811156128185,-5.4986476978097405e-06,1.1519338751148425e-07,1.5556742216649155e-05,-5.4986476978097405e-06,-3.65073256815647e-06,1.8669416441685627e-05,False
42,onlooker,20,42.0,x2,0.355001698972252,3.457756181032834e-06,0.0024445769309256755,0.007073437148254147,3.457756181032834e-06,0.0029736966325838417,0.008646344440965681,False
42,onlooker,39,21.0,x1,-0.4771255505945291,-0.0017939557732433902,9.358061837269576e-06,0.00515983977326373,-0.001008907803964329,9.358061837269576e-06,0.0028808519431113844,True
42,onlooker,5,40.0,x1,-0.16944713896459174,-0.0021433787174296955,-0.00048364583174384935,0.006343368253709958,-0.0018622926540655213,-0.00048364583174384935,0.005540669797131859,True
42,onlooker,26,23.0,x2,-0.13772428726151964,-2.788696321646978e-05,-2.4436422232082253e-05,0.00010491068417595173,-2.788696321646978e-05,-1.9584946532296282e-05,9.641568654616961e-05,True
42,onlooker,35,30.0,x1,0.944107597288611,-0.005652745094375823,3.3493747397188477e-05,0.016839334755350155,-0.010997895621923189,3.3493747397188477e-05,0.03432450695100586,False
42,onlooker,7,30.0,x2,-0.873519673195372,-8.502505134480778e-05,0.0007896749967126306,0.00226324512657472,-8.502505134480778e-05,8.695265833786551e-05,0.00034437085836858117,True
42,onlooker,41,31.0,x1,-0.14324236801492418,-0.014659613938077408,4.506859268902065e-06,0.04717605522695978,0.12516529097320891,4.506859268902065e-06,0.7220749782414981,False
42,onlooker,40,23.0,x1,-0.5444278093731056,-0.00048453652580726365,0.00018817692041055498,0.0014773951294277943,-0.00022009663965603655,0.00018817692041055498,0.0008212717412914294,True
42,onlooker,24,4.0,x1,0.795722219278775,-2.514394007088565e-05,9.428436645818124e-06,7.597251087476664e-05,-7.119759823325047e-05,9.428436645818124e-06,0.00020327264201513984,False
42,onlooker,37,39.0,x1,0.7489866080368845,-3.2250134554528914e-06,3.2609781789345743e-05,9.27129429979523e-05,0.000750017928568859,3.2609781789345743e-05,0.002138382643526615,False
42,onlooker,40,22.0,x2,-0.7627271969491007,-0.00022009663965603655,0.00018817692041055498,0.0008212717412914294,-0.00022009663965603655,0.017497155814477378,0.057626327718648174,False
43,employed,1,20.0,x1,0.8681694287594446,-3.5839899436103904e-05,5.578461062080909e-06,0.0001026261676249085,-6.995692266481888e-05,5.578461062080909e-06,0.00019862729833208803,False
43,employed,2,48.0,x2,0.5357417310475912,-0.007646106836526469,5.731832318942818e-05,0.023183174221952374,-0.007646106836526469,5.7216893918772144e-05,0.023183171764138866,True
43,employed,3,12.0,x2,-0.6111002830716787,-0.06943308908692733,0.007288053049498756,0.3222180733889535,-0.06943308908692733,0.0028346349439551223,0.3201582154174436,True
43,employed,4,45.0,x1,-0.7161681539777505,3.2732611628408156e-05,-0.000145385759405706,0.00042209765345235795,-1.2172795092299418e-06,-0.000145385759405706,0.00041179032251692504,True
43,employed,5,30.0,x2,-0.2434966354418644,-0.0018622926540655213,-0.00048364583174384935,0.005540669797131859,-0.0018622926540655213,-0.00036948278076498096,0.005466012276827303,True
43,employed,6,16.0,x1,0.35476405135396094,-0.00011394730245088915,0.00010364701046205516,0.00043630774226643965,-0.00015238763953526598,0.00010364701046205516,0.0005221697728328145,False
43,employed,7,49.0,x1,0.5552674764805972,-8.502505134480778e-05,8.695265833786551e-05,0.00034437085836858117,-0.0001269624379089675,8.695265833786551e-05,0.00043587969368319435,False
43,employed,8,25.0,x2,-0.11857698359556723,5.410602347895738e-07,-1.0846613995662375e-07,1.5608055474736204e-06,5.410602347895738e-07,-0.00010222250211768062,0.00028941120706038603,False
43,employed,9,46.0,x2,0.15621419694750793,-2.202814948750522e-05,9.742651398329275e-06,6.814230835106017e-05,-2.202814948750522e-05,0.004291385708443824,0.012628358248687466,False
43,employed,10,26.0,x2,0.3656717390628461,5.29473658316995e-06,0.0003528624935920725,0.001001474491392873,5.29473658316995e-06,0.0004890559967318556,0.0013897099064377194,False
43,employed,11,13.0,x2,-0.8725290248502406,-3.977448615493859e-05,4.663574638823451e-07,0.00011254910038305255,-3.977448615493859e-05,5.3296099860761925e-06,0.00011354757834469709,False
43,employed,12,43.0,x1,0.21452340139891368,-4.24637765874608e-06,5.124789746344829e-07,1.209820855807564e-05,-1.6735037590963813e-06,5.124789746344829e-07,4.950434715045304e-06,True
43,employed,13,9.0,x2,-0.40390414699850563,-0.00016633207831269996,6.04010043825339e-06,0.0004715059308009195,-0.00016633207831269996,7.5355761255013385e-06,0.00047167894163324675,False
43,employed,14,50.0,x2,0.2688472649273106,-0.0003791594326767565,-1.741580979204601e-05,0.0010773917513984266,-0.0003791594326767565,-7.8396601747995e-05,0.001099100569334599,False
43,employed,15,33.0,x1,-0.8556726735825559,-1.8815624529528846e-05,0.0027394273270542253,0.007948282080171953,-7.313044362394713e-05,0.0027394273270542253,0.007950992705133775,False
43,employed,16,49.0,x2,0.7855657791174413,-5.592645496023322e-06,0.9202600378220214,2.6026466484816813,-5.592645496023322e-06,1.6438153590103477,5.656828105889403,False
43,employed,17,28.0,x2,-0.38122216709825296,-2.1308137113068776e-05,1.2585991872337674e-05,7.001310251242288e-05,-2.1308137113068776e-05,7.733103997649055e-06,6.412843008307689e-05,True
43,employed,18,36.0,x2,0.6667487889437382,3.8702373013794025e-06,-2.450636942508918e-06,1.295721210725631e-05,3.8702373013794025e-06,-0.00022104636521024738,0.0006266108592538622,False
43,employed,19,40.0,x2,0.9540947440957577,-4.392198476961186e-06,-9.2879718561192e-05,0.0002632273149285602,-4.392198476961186e-06,-0.0003610343805973546,0.0010247064056696509,False
43,employed,20,33.0,x2,-0.3575491368822694,3.457756181032834e-06,0.0024445769309256755,0.007073437148254147,3.457756181032834e-06,0.001650598653238035,0.004741155312235623,True
43,employed,21,26.0,x2,0.632634335901233,-0.00014858597843604666,-2.5736918764033656e-05,0.00042712804881661626,-0.00014858597843604666,-2.9628867631341655e-05,0.00042914983740205415,False
43,employed,22,14.0,x1,-0.5371834901120172,-0.009727964631352263,0.022881715269773895,0.08671196580358442,-0.0047059408263503836,0.022881715269773895,0.08054209445992244,True
43,employed,23,37.0,x2,-0.11114514696917843,1.1842283469422061e-06,1.0789577453606309e-05,3.070393576054542e-05,1.1842283469422061e-06,1.3214787271399574e-05,3.753153113139618e-05,False
43,employed,24,42.0,x1,-0.7126328276820222,-2.514394007088565e-05,9.428436645818124e-06,7.597251087476664e-05,-4.61373203350907e-05,9.428436645818124e-06,0.00013325207487513424,False
43,employed,25,17.0,x2,-0.4638001868197976,-2.4988024537293386e-05,-0.0008612708340916182,0.0024568359444576693,-2.4988024537293386e-05,-0.0004582266452586762,0.0013035941368788606,True
43,employed,26,36.0,x2,0.518658426653299,-2.788696321646978e-05,-1.9584946532296282e-05,9.641568654616961e-05,-2.788696321646978e-05,-0.00019851562875108556,0.0005680701796362264,False
43,employed,27,23.0,x2,-0.043941247202128775,-4.344376208273721e-06,-4.485329552248991e-06,1.7662699779652513e-05,-4.344376208273721e-06,-3.8141310875151746e-06,1.6352330402202853e-05,True
43,employed,28,7.0,x2,0.4036561876261049,-0.0003238966181224247,-1.4382368804099868e-07,0.0009189116248653484,-0.0003238966181224247,-3.530085757826399e-05,0.000924369659220492,False
43,employed,29,50.0,x2,0.5558436816636187,-5.4986476978097405e-06,1.1519338751148425e-07,1.5556742216649155e-05,-5.4986476978097405e-06,-0.00011621854152780839,0.00032944385562716505,False
43,employed,30,11.0,x1,0.24624547918847117,8.8453248710294e-06,-1.4797254958790727e-05,4.87684328907001e-05,2.08177335351718e-05,-1.4797254958790727e-05,7.225790132681098e-05,False
43,employed,31,15.0,x2,-0.9396468941674341,0.9614824789985473,6.965688827510562e-05,2.5820178081525573,0.9614824789985473,0.002578298389213933,2.582201963678781,False
43,employed,32,9.0,x1,-0.7948128554723173,-1.9796690658010077e-05,-2.4517374900784885e-05,8.915603926640259e-05,-2.1570282822150026e-05,-2.4517374900784885e-05,9.239197199351068e-05,False
43,employed,33,10.0,x2,0.5912088428980069,-8.229178868820341e-05,0.0002239638856505179,0.000676389383290843,-8.229178868820341e-05,0.00014775788879822758,0.00047912834245211755,True
43,employed,34,15.0,x2,0.5140799018902238,-0.019022505474956444,-4.2493358504472854e-06,0.06341063853344808,-0.019022505474956444,-0.001414718365534978,0.06361232938621031,False
43,employed,35,48.0,x1,0.14854623013554935,-0.005652745094375823,3.3493747397188477e-05,0.016839334755350155,-0.0064940140829266415,3.3493747397188477e-05,0.019490707290107157,False
43,employed,36,24.0,x1,0.5002543511805275,-5.8963494304851904e-05,0.00032540256938132597,0.0009382774495425572,-7.588187346537936e-05,0.00032540256938132597,0.0009480438827833559,False
43,employed,37,5.0,x2,-0.1435758250302297,-3.2250134554528914e-06,3.2609781789345743e-05,9.27129429979523e-05,-3.2250134554528914e-06,-2.5120989617910957e-05,7.165309618928362e-05,True
43,employed,38,25.0,x2,0.6621026207967553,4.3493625636715244e-07,-1.761407975405129e-05,4.984359347703915e-05,4.3493625636715244e-07,0.0002741166546225429,0.0007773208150791966,False
43,employed,39,41.0,x2,0.6965307196999624,-0.001008907803964329,9.358061837269576e-06,0.0028808519431113844,-0.001008907803964329,1.2737073453624903e-05,0.002880958577300863,False
43,employed,40,35.0,x2,0.06111161436967527,-0.00022009663965603655,0.00018817692041055498,0.0008212717412914294,-0.00022009663965603655,0.0001976298588292256,0.0008389904492323019,False
43,employed,41,42.0,x1,0.7465648305105392,-0.014659613938077408,4.506859268902065e-06,0.04717605522695978,-0.02556320157195807,4.506859268902065e-06,0.08961101291551943,False
43,employed,42,24.0,x2,0.9713238157775432,-5.4602841553841644e-05,0.0009541060312370407,0.00272735452484385,-5.4602841553841644e-05,0.001871693877094938,0.005389564236733424,False
43,employed,43,44.0,x2,0.02093933084281585,-1.6239819319991e-05,-0.00012073516352780102,0.0003449611304593425,-1.6239819319991e-05,-0.00012313852447115722,0.0003517149664067354,False
43,employed,44,4.0,x1,-0.5510158982562074,-1.7256116570997052e-05,-5.9578116918042486e-06,5.164367502219491e-05,-8.418462360422497e-06,-5.9578116918042486e-06,2.917350648390382e-05,True
43,employed,45,39.0,x1,-0.7776914860026305,-1.4672304310778993e-05,-1.7915801943595279e-06,4.1813594564121814e-05,-0.0007878807874729162,-1.7915801943595279e-06,0.0022449988785386843,False
43,employed,46,24.0,x1,0.20970438420945503,0.012848999868468616,-0.0273990533524901,0.10981893963848721,0.01554876426806236,-0.0273990533524901,0.11534933978660478,False
43,employed,47,44.0,x1,0.6942277257869598,-9.691274565016308e-05,-0.05634359302002287,0.24172127523623788,-0.00015834793068354665,-0.05634359302002287,0.24172207360329567,False
43,employed,48,38.0,x1,-0.18461151477760196,1.0602859881620542e-05,5.7507648128625466e-05,0.00016548876514521638,8.725744099019548e-06,5.7507648128625466e-05,0.00016460800976902945,True
43,employed,49,7.0,x1,0.3392986191156957,-9.498591862671804e-06,-0.0008026413608960627,0.0022875287520318643,1.6127431546314478e-05,-0.0008026413608960627,0.0022878325384891873,False
43,employed,50,9.0,x2,0.12262896681723157,-0.06265839385706887,0.00020940737166169369,0.2784571244994045,-0.06265839385706887,0.00023389205001744163,0.2784576475826346,False
43,onlooker,49,27.0,x2,0.29111373452089495,-9.498591862671804e-06,-0.0008026413608960627,0.0022875287520318643,-9.498591862671804e-06,-0.0010351909390026101,0.00295662304286326,False
43,onlooker,35,42.0,x1,-0.13003864378590246,-0.005652745094375823,3.3493747397188477e-05,0.016839334755350155,-0.0049247702680982955,3.3493747397188477e-05,0.014575404583947904,True
43,onlooker,25,9.0,x2,0.22935977547500408,-2.4988024537293386e-05,-0.0004582266452586762,0.0013035941368788606,-2.4988024537293386e-05,-0.0005655599780691225,0.001609739675292321,False
43,onlooker,15,26.0,x1,0.5331143870197956,-1.8815624529528846e-05,0.0027394273270542253,0.007948282080171953,-1.3979563365991372e-05,0.0027394273270542253,0.007948195982639294,True
43,onlooker,1,29.0,x1,-0.6531099653786205,-3.5839899436103904e-05,5.578461062080909e-06,0.0001026261676249085,-1.6023725563762594e-05,5.578461062080909e-06,4.799758208706706e-05,True
43,onlooker,14,2.0,x2,-0.6610744796281955,-0.0003791594326767565,-1.741580979204601e-05,0.0010773917513984266,-0.0003791594326767565,3.1921965976828395e-05,0.0010800741640513145,False
43,onlooker,50,49.0,x2,0.43969583977929494,-0.06265839385706887,0.00020940737166169369,0.2784571244994045,-0.06265839385706887,0.0006544009890212475,0.2784756489296254,False
43,onlooker,31,40.0,x1,0.7931085443703234,0.9614824789985473,6.965688827510562e-05,2.5820178081525573,1.7242170088801536,6.965688827510562e-05,5.525060276955855,False
43,onlooker,26,2.0,x2,0.41879164116010537,-2.788696321646978e-05,-1.9584946532296282e-05,9.641568654616961e-05,-2.788696321646978e-05,-5.1748915338915795e-05,0.0001663600654500108,False
43,onlooker,50,13.0,x2,-0.07306886907780008,-0.06265839385706887,0.00020940737166169369,0.2784571244994045,-0.06265839385706887,0.00019454755514595865,0.2784568352144601,True
43,onlooker,19,21.0,x2,0.44279998775071383,-4.392198476961186e-06,-9.2879718561192e-05,0.0002632273149285602,-4.392198476961186e-06,-0.00012261054948892235,0.00034741827054007857,False
43,onlooker,19,48.0,x2,0.5793169075271207,-4.392198476961186e-06,-9.2879718561192e-05,0.0002632273149285602,-4.392198476961186e-06,-0.00018000166276308416,0.0005101364176458567,False
43,onlooker,2,42.0,x2,0.5457148448773173,-0.007646106836526469,5.7216893918772144e-05,0.023183171764138866,-0.007646106836526469,-0.0004322288225250177,0.023221977752758693,False
43,onlooker,26,25.0,x1,0.6710538069339067,-2.788696321646978e-05,-1.9584946532296282e-05,9.641568654616961e-05,-2.983230705319905e-05,-1.9584946532296282e-05,0.00010097098863015574,False
43,onlooker,22,8.0,x1,-0.3742023343019347,-0.0047059408263503836,0.022881715269773895,0.08054209445992244,-0.002944764318040438,0.022881715269773895,0.07936443750379185,True
43,onlooker,13,35.0,x2,-0.6422532999183095,-0.00016633207831269996,6.04010043825339e-06,0.0004715059308009195,-0.00016633207831269996,2.367229579242171e-05,0.00047595043535553216,False
43,onlooker,33,23.0,x2,0.6793218588235637,-8.229178868820341e-05,0.00014775788879822758,0.00047912834245211755,-8.229178868820341e-05,0.0002408034566607803,0.0007214923860563438,False
43,onlooker,25,47.0,x2,0.8009382557711755,-2.4988024537293386e-05,-0.0004582266452586762,0.0013035941368788606,-2.4988024537293386e-05,0.04430250122207805,0.17673168101327308,False
43,onlooker,10,35.0,x2,-0.5707505017584495,5.29473658316995e-06,0.0003528624935920725,0.001001474491392873,5.29473658316995e-06,0.0001705826214553755,0.0004834884651754301,True
43,onlooker,42,32.0,x1,-0.41176461143669774,-5.4602841553841644e-05,0.0009541060312370407,0.00272735452484385,-4.027090035461249e-05,0.0009541060312370407,0.0027253054229885443,True
43,onlooker,13,23.0,x2,0.6014459429222621,-0.00016633207831269996,6.04010043825339e-06,0.0004715059308009195,-0.00016633207831269996,3.1835467563668426e-06,0.00047128130491502773,True
43,onlooker,40,2.0,x1,-0.3954255690581998,-0.00022009663965603655,0.00018817692041055498,0.0008212717412914294,-0.0031565309475855216,0.00018817692041055498,0.00921010654233756,False
43,onlooker,22,30.0,x2,-0.7009459823706019,-0.002944764318040438,0.022881715269773895,0.07936443750379185,-0.002944764318040438,0.006832496805264352,0.022517100598804962,True
43,onlooker,17,45.0,x2,-0.046904973172700926,-2.1308137113068776e-05,7.733103997649055e-06,6.412843008307689e-05,-2.1308137113068776e-05,7.286348941144443e-06,6.370825027035565e-05,True
43,onlooker,38,24.0,x1,-0.07003484719907282,4.3493625636715244e-07,-1.761407975405129e-05,4.984359347703915e-05,-1.3564764387359788e-06,-1.761407975405129e-05,4.997596685685224e-05,False
43,onlooker,32,13.0,x2,-0.5003958013875001,-1.9796690658010077e-05,-2.4517374900784885e-05,8.915603926640259e-05,-1.9796690658010077e-05,-1.065595000898209e-05,6.360328460219833e-05,True
43,onlooker,50,43.0,x2,0.4755097928992891,-0.06265839385706887,0.00019454755514595865,0.2784568352144601,-0.06265839385706887,0.0003444675754072429,0.27846072960008117,False
43,onlooker,7,2.0,x1,-0.649174991605814,-8.502505134480778e-05,8.695265833786551e-05,0.00034437085836858117,-0.004993490255770987,8.695265833786551e-05,0.01478990655163459,False
43,onlooker,47,40.0,x1,0.04615202497715276,-9.691274565016308e-05,-0.05634359302002287,0.24172127523623788,-9.122755949722107e-05,-0.05634359302002287,0.24172122078241687,True
43,onlooker,49,8.0,x1,0.11830088001207373,-9.498591862671804e-06,-0.0008026413608960627,0.0022875287520318643,-1.0686291540816547e-05,-0.0008026413608960627,0.0022875716272925395,False
43,onlooker,9,17.0,x1,0.8802700379264512,-2.202814948750522e-05,9.742651398329275e-06,6.814230835106017e-05,-2.26619548076579e-05,9.742651398329275e-06,6.978630838050393e-05,False
43,onlooker,44,5.0,x1,-0.5009123888781231,-8.418462360422497e-06,-5.9578116918042486e-06,2.917350648390382e-05,-0.0009370470124069229,-5.9578116918042486e-06,0.0026738047661898356,False
43,onlooker,30,4.0,x1,0.10016929470287472,8.8453248710294e-06,-1.4797254958790727e-05,4.87684328907001e-05,9.853288854674035e-06,-1.4797254958790727e-05,5.029130000311355e-05,False
43,onlooker,29,15.0,x1,-0.4137540397497532,-5.4986476978097405e-06,1.1519338751148425e-07,1.5556742216649155e-05,-9.007660816296868e-06,1.1519338751148425e-07,2.5481756349865492e-05,False
43,onlooker,12,47.0,x2,-0.22225771860184507,-1.6735037590963813e-06,5.124789746344829e-07,4.950434715045304e-06,-1.6735037590963813e-06,-0.012522399865894224,0.039588901425468226,False
43,onlooker,29,15.0,x2,0.4053280088298086,-5.4986476978097405e-06,1.1519338751148425e-07,1.5556742216649155e-05,-5.4986476978097405e-06,-0.001110204739314952,0.0031729931100952236,False
43,onlooker,6,4.0,x2,0.48856752116377256,-0.00011394730245088915,0.00010364701046205516,0.00043630774226643965,-0.00011394730245088915,0.00022531633352489545,0.000715848492611304,False
43,onlooker,37,13.0,x1,-0.2899065745506233,-3.2250134554528914e-06,-2.5120989617910957e-05,7.165309618928362e-05,-5.051082391322374e-05,-2.5120989617910957e-05,0.00015964432245185733,False
43,onlooker,48,6.0,x2,-0.633705866906658,8.725744099019548e-06,5.7507648128625466e-05,0.00016460800976902945,8.725744099019548e-06,8.674643273465193e-05,0.00024679651952697057,False
43,onlooker,22,14.0,x2,0.2980170972644143,-0.002944764318040438,0.006832496805264352,0.022517100598804962,-0.002944764318040438,0.008873887879318353,0.028771269507168018,False
43,onlooker,35,26.0,x1,0.2223946028055397,-0.0049247702680982955,3.3493747397188477e-05,0.014575404583947904,-0.006013810685672568,3.3493747397188477e-05,0.017972671781994354,False
43,onlooker,22,39.0,x1,-0.9158030043074605,-0.002944764318040438,0.006832496805264352,0.022517100598804962,-0.0011719011065413696,0.006832496805264352,0.02088658749378114,True
43,onlooker,16,35.0,x1,-0.34070978424923504,-5.592645496023322e-06,0.9202600378220214,2.6026466484816813,-0.0016816045919765083,0.9202600378220214,2.602721804577769,False
43,onlooker,4,18.0,x2,0.42298954357732654,-1.2172795092299418e-06,-0.000145385759405706,0.00041179032251692504,-1.2172795092299418e-06,-0.00020584582161758302,0.0005833584350800614,False
43,onlooker,7,37.0,x2,0.5509114327151512,-8.502505134480778e-05,8.695265833786551e-05,0.00034437085836858117,-8.502505134480778e-05,0.00014869531230279578,0.00048525669408450156,False
43,onlooker,33,12.0,x1,0.6105907143901228,-8.229178868820341e-05,0.00014775788879822758,0.00047912834245211755,-0.00013151656487597334,0.00014775788879822758,0.0005605345723087574,False
43,onlooker,11,46.0,x2,0.41329139828416417,-3.977448615493859e-05,4.663574638823451e-07,0.00011254910038305255,-3.977448615493859e-05,0.01132445217070528,0.03544192241591704,False
43,onlooker,3,41.0,x2,0.012867080719814794,-0.06943308908692733,0.0028346349439551223,0.3201582154174436,-0.06943308908692733,0.002871050430468195,0.32016772099615,False
43,onlooker,23,21.0,x1,0.21326013288183376,1.1842283469422061e-06,1.0789577453606309e-05,3.070393576054542e-05,3.312424254722213e-05,1.0789577453606309e-05,9.856679526309975e-05,False
43,onlooker,37,45.0,x2,-0.45411037410554944,-3.2250134554528914e-06,-2.5120989617910957e-05,7.165309618928362e-05,-3.2250134554528914e-06,-1.4526862776920487e-05,4.209441770486322e-05,True
44,employed,1,32.0,x1,0.37268522293625983,-1.6023725563762594e-05,5.578461062080909e-06,4.799758208706706e-05,-1.4617597226482245e-05,5.578461062080909e-06,4.425973315536069e-05,True
44,employed,2,35.0,x2,-0.01399870443406015,-0.007646106836526469,5.7216893918772144e-05,0.023183171764138866,-0.007646106836526469,5.688480060237059e-05,0.023183163747372948,True
44,employed,3,21.0,x2,0.5247576341341833,-0.06943308908692733,0.0028346349439551223,0.3201582154174436,-0.06943308908692733,0.004335636915379614,0.32065045321549634,False
44,employed,4,16.0,x2,-0.5838936752035138,-1.2172795092299418e-06,-0.000145385759405706,0.00041179032251692504,-1.2172795092299418e-06,0.5372735196928006,3.167880097913795,False
44,employed,5,28.0,x1,-0.4647782846756461,-0.0018622926540655213,-0.00036948278076498096,0.005466012276827303,-0.0011472795833280753,-0.00036948278076498096,0.003447810956462849,True
44,employed,6,2.0,x1,-0.8968485132353892,-0.00011394730245088915,0.00010364701046205516,0.00043630774226643965,-0.006869153382038335,0.00010364701046205516,0.020687375780572115,False
44,employed,7,36.0,x1,0.9462916919841462,-8.502505134480778e-05,8.695265833786551e-05,0.00034437085836858117,-0.00010968688625188897,8.695265833786551e-05,0.00039642045511145696,False
44,employed,8,24.0,x2,-0.7058777488305317,5.410602347895738e-07,-1.0846613995662375e-07,1.5608055474736204e-06,5.410602347895738e-07,6.623421329281681e-06,1.879744289867702e-05,False
44,employed,9,42.0,x2,-0.47712820605256034,-2.202814948750522e-05,9.742651398329275e-06,6.814230835106017e-05,-2.202814948750522e-05,0.0004603250566825063,0.0013091412200414432,False
44,employed,10,50.0,x2,0.12652833165412014,5.29473658316995e-06,0.0001705826214553755,0.0004834884651754301,5.29473658316995e-06,0.0001675503783773044,0.0004748888875991675,True
44,employed,11,13.0,x1,-0.007990460951312173,-3.977448615493859e-05,4.663574638823451e-07,0.00011254910038305255,-4.078573965316727e-05,4.663574638823451e-07,0.0001154113348147412,False
44,employed,12,18.0,x1,0.5589439692538956,-1.6735037590963813e-06,5.124789746344829e-07,4.950434715045304e-06,-4.7721443919545166e-06,5.124789746344829e-07,1.35758841008915e-05,False
44,employed,13,6.0,x2,0.7140054340650965,-0.00016633207831269996,3.1835467563668426e-06,0.00047128130491502773,-0.00016633207831269996,-6.854791225449622e-05,0.0005097050416620341,False
44,employed,14,39.0,x2,0.722727607802975,-0.0003791594326767565,-1.741580979204601e-05,0.0010773917513984266,-0.0003791594326767565,-3.67660259863252e-05,0.0010813189726701644,False
44,employed,15,45.0,x1,-0.5404443541138375,-1.3979563365991372e-05,0.0027394273270542253,0.007948195982639294,-1.4353951298465328e-05,0.0027394273270542253,0.007948201741190264,False
44,employed,16,27.0,x1,0.6998444403327546,-5.592645496023322e-06,0.9202600378220214,2.6026466484816813,-6.4662398170930075e-06,0.9202600378220214,2.602646648761674,False
44,employed,17,20.0,x1,-0.8791848464087351,-2.1308137113068776e-05,7.286348941144443e-06,6.370825027035565e-05,4.6566097888107113e-07,7.286348941144443e-06,2.0652370281926125e-05,True
44,employed,18,15.0,x2,-0.5161593770503783,3.8702373013794025e-06,-2.450636942508918e-06,1.295721210725631e-05,3.8702373013794025e-06,0.001412795384902205,0.004049153302621011,False
44,employed,19,44.0,x2,-0.07230730118170348,-4.392198476961186e-06,-9.2879718561192e-05,0.0002632273149285602,-4.392198476961186e-06,-8.65946300618992e-05,0.0002454416442501106,True
44,employed,20,35.0,x1,0.9242382993831708,3.457756181032834e-06,0.001650598653238035,0.004741155312235623,0.004558314844313443,0.001650598653238035,0.01433782777794379,False
44,employed,21,15.0,x1,0.5223991150547915,-0.00014858597843604666,-2.5736918764033656e-05,0.00042712804881661626,-0.0002189042505493415,-2.5736918764033656e-05,0.0006247129890550873,False
44,employed,22,2.0,x1,-0.7917676493769437,-0.0011719011065413696,0.006832496805264352,0.02088658749378114,-0.006297967758954411,0.006832496805264352,0.028580660610139308,False
44,employed,23,8.0,x2,-0.37516332625498316,1.1842283469422061e-06,1.0789577453606309e-05,3.070393576054542e-05,1.1842283469422061e-06,6.7010311693734295e-06,1.9248303591457017e-05,True
44,employed,24,20.0,x2,-0.04596821853549127,-2.514394007088565e-05,9.428436645818124e-06,7.597251087476664e-05,-2.514394007088565e-05,8.487010781606869e-05,0.0002505708217310776,False
44,employed,25,13.0,x2,-0.8675693607797281,-2.4988024537293386e-05,-0.0004582266452586762,0.0013035941368788606,-2.4988024537293386e-05,-5.792129991493371e-05,0.0001785274481460597,True
44,employed,26,35.0,x2,-0.9526772929314711,-2.788696321646978e-05,-1.9584946532296282e-05,9.641568654616961e-05,-2.788696321646978e-05,3.0981919912783366e-05,0.00011794663583275522,False
44,employed,27,41.0,x2,0.8583096503024028,-4.344376208273721e-06,-3.8141310875151746e-06,1.6352330402202853e-05,-4.344376208273721e-06,-1.0956117410501321e-05,3.3339579119218143e-05,False
44,employed,28,36.0,x1,0.1919210345496638,-0.0003238966181224247,-1.4382368804099868e-07,0.0009189116248653484,-0.0003747428573319675,-1.4382368804099868e-07,0.0010636724175410173,False
44,employed,29,34.0,x1,0.3044440932351886,-5.4986476978097405e-06,1.1519338751148425e-07,1.5556742216649155e-05,0.005784116751874337,1.1519338751148425e-07,0.017250586413727564,False
44,employed,30,47.0,x2,0.9286117423879348,8.8453248710294e-06,-1.4797254958790727e-05,4.87684328907001e-05,8.8453248710294e-06,0.05229278392705148,0.21910255097367015,False
44,employed,31,21.0,x2,0.23415835229683624,0.9614824789985473,6.965688827510562e-05,2.5820178081525573,0.9614824789985473,9.199414495071281e-05,2.582017908260028,False
44,employed,32,41.0,x2,-0.997923685655725,-1.9796690658010077e-05,-1.065595000898209e-05,6.360328460219833e-05,-1.9796690658010077e-05,4.475376510498887e-06,5.7417446634122626e-05,True
44,employed,33,26.0,x1,0.3057526796353953,-8.229178868820341e-05,0.00014775788879822758,0.00047912834245211755,-9.892620986128198e-05,0.00014775788879822758,0.0005037836128143347,False
44,employed,34,37.0,x1,-0.26242118120743774,-0.019022505474956444,-4.2493358504472854e-06,0.06341063853344808,-0.014031443430533813,-4.2493358504472854e-06,0.044921031467538786,True
44,employed,35,15.0,x2,-0.635714866864183,-0.0049247702680982955,3.3493747397188477e-05,0.014575404583947904,-0.0049247702680982955,0.001753695952732184,0.015513730196538678,False
44,employed,36,28.0,x1,0.838606864504243,-5.8963494304851904e-05,0.00032540256938132597,0.0009382774495425572,0.0001632112419631172,0.00032540256938132597,0.001033188048964906,False
44,employed,37,45.0,x1,-0.28006814568461524,-3.2250134554528914e-06,-1.4526862776920487e-05,4.209441770486322e-05,-6.4310349784165254e-06,-1.4526862776920487e-05,4.494115763309381e-05,False
44,employed,38,13.0,x1,0.577587645341554,4.3493625636715244e-07,-1.761407975405129e-05,4.984359347703915e-05,9.675750352195526e-05,-1.761407975405129e-05,0.00027842686193269017,False
44,employed,39,36.0,x2,0.010679662274984514,-0.001008907803964329,9.358061837269576e-06,0.0028808519431113844,-0.001008907803964329,5.982813232835258e-06,0.0028807779861144134,True
44,employed,40,20.0,x2,-0.7524041925096501,-0.00022009663965603655,0.00018817692041055498,0.0008212717412914294,-0.00022009663965603655,0.0012885091634071782,0.0037427397168134924,False
44,employed,41,39.0,x2,0.23492888716339477,-0.014659613938077408,4.506859268902065e-06,0.04717605522695978,-0.014659613938077408,4.160115046650838e-06,0.04717605485719334,True
44,employed,42,19.0,x2,0.837575952133599,-4.027090035461249e-05,0.0009541060312370407,0.0027253054229885443,-4.027090035461249e-05,0.0018257718785105665,0.005254123658531729,False
44,employed,43,33.0,x1,0.8584777336874925,-1.6239819319991e-05,-0.00012073516352780102,0.0003449611304593425,4.046432564882766e-05,-0.00012073516352780102,0.0003605910746036223,False
44,employed,44,24.0,x2,-0.09076435187214016,-8.418462360422497e-06,-5.9578116918042486e-06,2.917350648390382e-05,-8.418462360422497e-06,-4.56128883369616e-06,2.7083927744531167e-05,True
44,employed,45,47.0,x1,0.9195828564870665,-1.4672304310778993e-05,-1.7915801943595279e-06,4.1813594564121814e-05,5.5726595932665724e-05,-1.7915801943595279e-06,0.00015778282945122513,False
44,employed,46,49.0,x2,0.6377947878148857,0.012848999868468616,-0.0273990533524901,0.10981893963848721,0.012848999868468616,-0.0443621062953061,0.18649939769454393,False
44,employed,47,23.0,x1,-0.5794014114618824,-9.122755949722107e-05,-0.05634359302002287,0.24172122078241687,-3.768403918459684e-05,-0.05634359302002287,0.24172086938310544,True
44,employed,48,19.0,x1,0.8765949830355773,8.725744099019548e-06,5.7507648128625466e-05,0.00016460800976902945,2.0224866748873054e-05,5.7507648128625466e-05,0.00017252110803100962,False
44,employed,49,18.0,x2,0.513434853647075,-9.498591862671804e-06,-0.0008026413608960627,0.0022875287520318643,-9.498591862671804e-06,-0.0012134871681389026,0.0034715787387402663,False
44,employed,50,46.0,x1,0.9407843257628592,-0.06265839385706887,0.00019454755514595865,0.2784568352144601,-0.13369456635325938,0.00019454755514595865,0.791007721273886,False
44,onlooker,48,28.0,x2,-0.016239850698259284,8.725744099019548e-06,5.7507648128625466e-05,0.00016460800976902945,8.725744099019548e-06,5.65713968337879e-05,0.00016198750129037265,True
44,onlooker,50,11.0,x1,-0.6249394766304748,-0.06265839385706887,0.00019454755514595865,0.2784568352144601,-0.023525546640087006,0.00019454755514595865,0.0812138517083203,True
44,onlooker,49,34.0,x1,0.07260801959631569,-9.498591862671804e-06,-0.0008026413608960627,0.0022875287520318643,0.00100860705376202,-0.0008026413608960627,0.003690086065916365,False
44,onlooker,7,27.0,x2,0.88844230704311,-8.502505134480778e-05,8.695265833786551e-05,0.00034437085836858117,-8.502505134480778e-05,0.0001675937141378469,0.0005324809276072706,False
44,onlooker,30,20.0,x1,0.10220600293025672,8.8453248710294e-06,-1.4797254958790727e-05,4.87684328907001e-05,9.395966732346148e-06,-1.4797254958790727e-05,4.958583321057475e-05,False
44,onlooker,45,46.0,x2,-0.19982366869420942,-1.4672304310778993e-05,-1.7915801943595279e-06,4.1813594564121814e-05,-1.4672304310778993e-05,-0.005476412939710113,0.016288113304931517,False
44,onlooker,30,14.0,x1,-0.09782940768304704,8.8453248710294e-06,-1.4797254958790727e-05,4.87684328907001e-05,-2.9112950738074776e-05,-1.4797254958790727e-05,9.23982067253526e-05,False
44,onlooker,11,28.0,x1,0.15648026992932396,-3.977448615493859e-05,4.663574638823451e-07,0.00011254910038305255,4.685021748228645e-06,4.663574638823451e-07,1.3317322018924216e-05,True
44,onlooker,18,14.0,x2,-0.6979487867370961,3.8702373013794025e-06,-2.450636942508918e-06,1.295721210725631e-05,3.8702373013794025e-06,-1.2895561176154263e-05,3.808623823120527e-05,False
44,onlooker,7,36.0,x1,-0.5567239928545933,-8.502505134480778e-05,8.695265833786551e-05,0.00034437085836858117,-7.05159572495158e-05,8.695265833786551e-05,0.00031698199970664476,True
44,onlooker,6,50.0,x1,-0.48016699622188597,-0.00011394730245088915,0.00010364701046205516,0.00043630774226643965,-0.011355424633153918,0.00010364701046205516,0.035549575143126066,False
44,onlooker,45,30.0,x2,0.43014033361363,-1.4672304310778993e-05,-1.7915801943595279e-06,4.1813594564121814e-05,-1.4672304310778993e-05,3.8026850876832767e-06,4.287680005576888e-05,False
44,onlooker,28,9.0,x2,0.6941031429052051,-0.0003238966181224247,-1.4382368804099868e-07,0.0009189116248653484,-0.0003238966181224247,-7.006057117744615e-06,0.0009191271326405293,False
44,onlooker,42,18.0,x2,0.5277013928229277,-4.027090035461249e-05,0.0009541060312370407,0.0027253054229885443,-4.027090035461249e-05,0.001458882317349448,0.004184630475834172,False
44,onlooker,27,46.0,x1,0.6056487426079358,-4.344376208273721e-06,-3.8141310875151746e-06,1.6352330402202853e-05,-0.00778895615630378,-3.8141310875151746e-06,0.023645175940963714,False
44,onlooker,2,45.0,x2,0.9371328359569797,-0.007646106836526469,5.688480060237059e-05,0.023183163747372948,-0.007646106836526469,0.00011187236374210195,0.02318512692041752,False
44,onlooker,38,6.0,x1,0.6147517796742403,4.3493625636715244e-07,-1.761407975405129e-05,4.984359347703915e-05,7.075162106477674e-05,-1.761407975405129e-05,0.00020636566273113388,False
44,onlooker,33,17.0,x2,0.7680611023853334,-8.229178868820341e-05,0.00014775788879822758,0.00047912834245211755,-8.229178868820341e-05,0.0002556486145546241,0.0007615424156992567,False
44,onlooker,28,43.0,x2,0.34022749716848555,-0.0003238966181224247,-1.4382368804099868e-07,0.0009189116248653484,-0.0003238966181224247,4.088466604583483e-05,0.0009262256326931784,False
44,onlooker,15,49.0,x2,0.14201109587911698,-1.3979563365991372e-05,0.0027394273270542253,0.007948195982639294,-1.3979563365991372e-05,0.0032424403831091517,0.009451027893160546,False
44,onlooker,26,20.0,x2,-0.7273115938446253,-2.788696321646978e-05,-1.9584946532296282e-05,9.641568654616961e-05,-2.788696321646978e-05,0.001195158949429817,0.003419396449274803,False
44,onlooker,35,22.0,x2,0.8692250207112842,-0.0049247702680982955,3.3493747397188477e-05,0.014575404583947904,-0.0049247702680982955,-0.005876369826393482,0.02325069626302012,False
44,onlooker,49,38.0,x2,-0.5150104725949296,-9.498591862671804e-06,-0.0008026413608960627,0.0022875287520318643,-9.498591862671804e-06,-0.0003983440898352028,0.0011312352303431972,True
44,onlooker,36,2.0,x2,0.6528010056167854,-5.8963494304851904e-05,0.00032540256938132597,0.0009382774495425572,-5.8963494304851904e-05,0.0005006912388662036,0.001432722943633724,False
44,onlooker,25,47.0,x1,-0.24447991734806984,-2.4988024537293386e-05,-5.792129991493371e-05,0.0001785274481460597,-2.809194514891602e-05,-5.792129991493371e-05,0.00018218801067293455,False
44,onlooker,13,50.0,x2,0.06135574302415048,-0.00016633207831269996,3.1835467563668426e-06,0.00047128130491502773,-0.00016633207831269996,-8.557734166456329e-06,0.00047181907850246674,False
44,onlooker,43,46.0,x1,0.03693742556284674,-1.6239819319991e-05,-0.00012073516352780102,0.0003449611304593425,-0.0004914486526358643,-0.00012073516352780102,0.001438178994579875,False
44,onlooker,23,29.0,x1,0.6954790057628282,1.1842283469422061e-06,6.7010311693734295e-06,1.9248303591457017e-05,5.832028334182512e-06,6.7010311693734295e-06,2.5128402093788083e-05,False
44,onlooker,49,17.0,x1,0.4772607642396933,-9.498591862671804e-06,-0.0003983440898352028,0.0011312352303431972,-1.4254138788908866e-05,-0.0003983440898352028,0.0011316390772084794,False
44,onlooker,14,31.0,x2,0.609579176436541,-0.0003791594326767565,-1.741580979204601e-05,0.0010773917513984266,-0.0003791594326767565,-7.04935133699279e-05,0.0010947627781630054,False
44,onlooker,45,22.0,x2,-0.26048863486821694,-1.4672304310778993e-05,-1.7915801943595279e-06,4.1813594564121814e-05,-1.4672304310778993e-05,0.0017784628716294908,0.005114651050473373,False
44,onlooker,13,7.0,x2,-0.27016486271265183,-0.00016633207831269996,3.1835467563668426e-06,0.00047128130491502773,-0.00016633207831269996,2.5815017286343244e-05,0.00047684499630706867,False
44,onlooker,44,21.0,x1,-0.36541366837755596,-8.418462360422497e-06,-4.56128883369616e-06,2.7083927744531167e-05,-5.963758859698637e-05,-4.56128883369616e-06,0.00016926848237774905,False
44,onlooker,38,11.0,x1,-0.48742639502463514,4.3493625636715244e-07,-1.761407975405129e-05,4.984359347703915e-05,2.5065401062117032e-06,-1.761407975405129e-05,5.0330475673820985e-05,False
44,onlooker,47,4.0,x1,-0.17073763951315346,-3.768403918459684e-05,-0.05634359302002287,0.24172086938310544,-3.145779071693124e-05,-0.05634359302002287,0.24172084746669542,True
44,onlooker,29,12.0,x1,-0.4379750315305606,-5.4986476978097405e-06,1.1519338751148425e-07,1.5556742216649155e-05,-3.823330160642824e-06,1.1519338751148425e-07,1.081930749124993e-05,True
44,onlooker,11,18.0,x1,0.7970115101568966,4.685021748228645e-06,4.663574638823451e-07,1.3317322018924216e-05,5.334414330664312e-06,4.663574638823451e-07,1.5146314830349894e-05,False
44,onlooker,22,21.0,x1,-0.2268382396512214,-0.0011719011065413696,0.006832496805264352,0.02088658749378114,-0.000939774104273494,0.006832496805264352,0.02077328660018951,True
44,onlooker,49,6.0,x1,0.7437508418787329,-9.498591862671804e-06,-0.0003983440898352028,0.0011312352303431972,6.818522457046296e-05,-0.0003983440898352028,0.0011474230189318924,False
44,onlooker,17,48.0,x2,-0.36954550751268234,4.6566097888107113e-07,7.286348941144443e-06,2.0652370281926125e-05,4.6566097888107113e-07,2.5499416977418225e-05,7.215258780890466e-05,False
44,onlooker,5,27.0,x2,-0.5442688413801793,-0.0011472795833280753,-0.00036948278076498096,0.003447810956462849,-0.0011472795833280753,-0.000170460728475972,0.003316441560717198,True
44,onlooker,38,33.0,x1,0.37293831584475345,4.3493625636715244e-07,-1.761407975405129e-05,4.984359347703915e-05,3.128690173254745e-05,-1.761407975405129e-05,0.00010158730957643414,False
44,onlooker,10,36.0,x2,-0.37733794603932536,5.29473658316995e-06,0.0001675503783773044,0.0004748888875991675,5.29473658316995e-06,0.00022711399990856917,0.0006439241977358456,False
44,onlooker,50,36.0,x1,0.18082301481702556,-0.023525546640087006,0.00019454755514595865,0.0812138517083203,-0.027768844951961733,0.00019454755514595865,0.09894809641707214,False
44,onlooker,44,29.0,x1,0.10549973355106679,-8.418462360422497e-06,-4.56128883369616e-06,2.7083927744531167e-05,-8.903247583131181e-06,-4.56128883369616e-06,2.8297282416378522e-05,False
44,onlooker,12,35.0,x2,-0.25071114350107715,-1.6735037590963813e-06,5.124789746344829e-07,4.950434715045304e-06,-1.6735037590963813e-06,8.781250494968963e-06,2.5286269189184196e-05,False
44,onlooker,3,41.0,x2,-0.8962536667025163,-0.06943308908692733,0.0028346349439551223,0.3201582154174436,-0.06943308908692733,0.00029781150003672756,0.31979458816358575,True
44,onlooker,34,8.0,x2,-0.1348609668582723,-0.014031443430533813,-4.2493358504472854e-06,0.044921031467538786,-0.014031443430533813,-3.6908941576563806e-06,0.044921030902781656,True
44,onlooker,43,5.0,x2,0.3343013571052418,-1.6239819319991e-05,-0.00012073516352780102,0.0003449611304593425,-1.6239819319991e-05,-0.00010411183968280261,0.00029832930259887647,True
44,onlooker,31,44.0,x2,-0.6545302573518665,0.9614824789985473,6.965688827510562e-05,2.5820178081525573,0.9614824789985473,2.1078845711895178e-05,2.5820176859510515,True
45,employed,1,41.0,x1,-0.09975760651734356,-1.4617597226482245e-05,5.578461062080909e-06,4.425973315536069e-05,-0.0014755673796450252,5.578461062080909e-06,0.00423154235682377,False
45,employed,2,23.0,x2,-0.27643129832025015,-0.007646106836526469,5.688480060237059e-05,0.023183163747372948,-0.007646106836526469,4.30124360634031e-05,0.023182870554660173,True
45,employed,3,20.0,x1,0.03991925285045017,-0.06943308908692733,0.00029781150003672756,0.31979458816358575,-0.0722049441574195,0.00029781150003672756,0.33726057178816093,False
45,employed,4,7.0,x2,-0.14986826025408417,-1.2172795092299418e-06,-0.000145385759405706,0.00041179032251692504,-1.2172795092299418e-06,-0.0001105656049482903,0.00031307127305924,True
45,employed,5,33.0,x1,-0.003615293123370833,-0.0011472795833280753,-0.000170460728475972,0.003316441560717198,-0.00114342934027764,-0.000170460728475972,0.0033054352172681156,True
45,employed,6,10.0,x1,-0.2738965964167359,-0.00011394730245088915,0.00010364701046205516,0.00043630774226643965,-8.12873138096688e-05,0.00010364701046205516,0.0003730242759307778,True
45,employed,7,23.0,x1,0.3377496292659363,-7.05159572495158e-05,8.695265833786551e-05,0.00031698199970664476,-9.473266835301833e-05,8.695265833786551e-05,0.00036414395244976916,False
45,employed,8,46.0,x2,0.10075102517563694,5.410602347895738e-07,-1.0846613995662375e-07,1.5608055474736204e-06,5.410602347895738e-07,0.002760363319890596,0.008010371684474382,False
45,employed,9,35.0,x1,-0.8456207491211911,-2.202814948750522e-05,9.742651398329275e-06,6.814230835106017e-05,-0.004167888612575177,9.742651398329275e-06,0.01225110726315437,False
45,employed,10,48.0,x1,-0.3695826192889542,5.29473658316995e-06,0.0001675503783773044,0.0004748888875991675,6.562777327677733e-06,0.0001675503783773044,0.00047501611786460174,False
45,employed,11,19.0,x1,-0.5543144387169747,4.685021748228645e-06,4.663574638823451e-07,1.3317322018924216e-05,-3.4661248600782655e-07,4.663574638823451e-07,1.643491874592229e-06,True
45,employed,12,5.0,x1,0.5800935802837024,-1.6735037590963813e-06,5.124789746344829e-07,4.950434715045304e-06,0.0006606517272567592,5.124789746344829e-07,0.0018802280307856911,False
45,employed,13,12.0,x2,-0.4346245293093738,-0.00016633207831269996,3.1835467563668426e-06,0.00047128130491502773,-0.00016633207831269996,2.022635178977983e-06,0.0004712297630828921,True
45,employed,14,9.0,x2,0.9497705605977602,-0.0003791594326767565,-1.741580979204601e-05,0.0010773917513984266,-0.0003791594326767565,-4.321011670180126e-05,0.0010832443001835834,False
45,employed,15,40.0,x1,0.859799299961401,-1.3979563365991372e-05,0.0027394273270542253,0.007948195982639294,0.00016323975453828016,0.0027394273270542253,0.007962543693072366,False
45,employed,16,44.0,x2,0.8125935990905233,-5.592645496023322e-06,0.9202600378220214,2.6026466484816813,-5.592645496023322e-06,1.6680611605291087,5.632161796868818,False
45,employed,17,25.0,x1,-0.658917125285799,4.6566097888107113e-07,7.286348941144443e-06,2.0652370281926125e-05,-1.6306208309365382e-05,7.286348941144443e-06,5.0524496249426676e-05,False
45,employed,18,17.0,x2,-0.41509696603659285,3.8702373013794025e-06,-2.450636942508918e-06,1.295721210725631e-05,3.8702373013794025e-06,1.5911563561367253e-06,1.1836180136004515e-05,True
45,employed,19,37.0,x1,-0.9486546273853151,-4.392198476961186e-06,-8.65946300618992e-05,0.0002454416442501106,-3.2849430052925136e-06,-8.65946300618992e-05,0.00024530273071876607,True
45,employed,20,7.0,x2,0.36577024050972184,3.457756181032834e-06,0.001650598653238035,0.004741155312235623,3.457756181032834e-06,0.0022225338248647334,0.0064178125870530955,False
45,employed,21,7.0,x2,-0.9034162984591996,-0.00014858597843604666,-2.5736918764033656e-05,0.00042712804881661626,-0.00014858597843604666,7.606868185629666e-05,0.00047287956359953753,False
45,employed,22,6.0,x1,0.38134830608619263,-0.000939774104273494,0.006832496805264352,0.02077328660018951,-0.001267156587614246,0.006832496805264352,0.020940111089374103,False
45,employed,23,7.0,x2,-0.7073912777270372,1.1842283469422061e-06,6.7010311693734295e-06,1.9248303591457017e-05,1.1842283469422061e-06,6.347033225176686e-05,0.00017965976339384682,False
45,employed,24,12.0,x1,0.5018214083930452,-2.514394007088565e-05,9.428436645818124e-06,7.597251087476664e-05,-3.692190747646701e-05,9.428436645818124e-06,0.00010782076892512649,False
45,employed,25,10.0,x2,-0.9292492065515856,-2.4988024537293386e-05,-5.792129991493371e-05,0.0001785274481460597,-2.4988024537293386e-05,0.00015159807823798293,0.000435198535548853,False
45,employed,26,46.0,x2,0.7526368485818455,-2.788696321646978e-05,-1.9584946532296282e-05,9.641568654616961e-05,-2.788696321646978e-05,0.02058721187037399,0.06947604376726035,False
45,employed,27,10.0,x2,-0.46931482045309014,-4.344376208273721e-06,-3.8141310875151746e-06,1.6352330402202853e-05,-4.344376208273721e-06,7.660977290399849e-05,0.00021719007207154917,False
45,employed,28,10.0,x2,0.43906907792345984,-0.0003238966181224247,-1.4382368804099868e-07,0.0009189116248653484,-0.0003238966181224247,-7.377316236198256e-05,0.000942519229994776,False
45,employed,29,13.0,x1,0.8628995147570042,-3.823330160642824e-06,1.1519338751148425e-07,1.081930749124993e-05,0.00013640538976353547,1.1519338751148425e-07,0.0003863083010888779,False
45,employed,30,42.0,x2,0.17680225513934644,8.8453248710294e-06,-1.4797254958790727e-05,4.87684328907001e-05,8.8453248710294e-06,-0.0001861015409701373,0.0005278931910805973,False
45,employed,31,1.0,x2,0.7673388128333334,0.9614824789985473,2.1078845711895178e-05,2.5820176859510515,0.9614824789985473,3.297289246754368e-05,2.5820177037747354,False
45,employed,32,37.0,x1,0.5758147930820128,-1.9796690658010077e-05,4.475376510498887e-06,5.7417446634122626e-05,-2.9338907537422453e-05,4.475376510498887e-06,8.396631534113297e-05,False
45,employed,33,4.0,x2,0.41712034043708446,-8.229178868820341e-05,0.00014775788879822758,0.00047912834245211755,-8.229178868820341e-05,0.0002555098724526722,0.0007611669905753793,False
45,employed,34,41.0,x2,0.9132707123141095,-0.014031443430533813,-3.6908941576563806e-06,0.044921030902781656,-0.014031443430533813,-1.0860990926058664e-05,0.04492104419188481,False
45,employed,35,29.0,x2,0.016083703998543086,-0.0049247702680982955,3.3493747397188477e-05,0.014575404583947904,-0.0049247702680982955,3.4030598179779504e-05,0.014575415958578919,False
45,employed,36,21.0,x2,0.40257536192928756,-5.8963494304851904e-05,0.00032540256938132597,0.0009382774495425572,-5.8963494304851904e-05,0.00046676267590910886,0.0013365903486328712,False
45,employed,37,47.0,x1,0.19951009743207138,-3.2250134554528914e-06,-1.4526862776920487e-05,4.209441770486322e-05,2.4077106867626234e-06,-1.4526862776920487e-05,4.165447724036042e-05,True
45,employed,38,12.0,x1,-0.9648520993816465,4.3493625636715244e-07,-1.761407975405129e-05,4.984359347703915e-05,-1.5993965189731093e-06,-1.761407975405129e-05,5.003343340392874e-05,False
45,employed,39,31.0,x1,0.7291957760381054,-0.001008907803964329,5.982813232835258e-06,0.0028807779861144134,-0.702853561533414,5.982813232835258e-06,3.185830267008783,False
45,employed,40,4.0,x2,-0.2048575820773082,-0.00022009663965603655,0.00018817692041055498,0.0008212717412914294,-0.00022009663965603655,0.000126977249001873,0.0007204167269461159,True
45,employed,41,48.0,x1,0.0033539917136105046,-0.014659613938077408,4.160115046650838e-06,0.04717605485719334,-0.014708811427823851,4.160115046650838e-06,0.047353543532655085,False
45,employed,42,11.0,x2,-0.29268717646230313,-4.027090035461249e-05,0.0009541060312370407,0.0027253054229885443,-4.027090035461249e-05,0.0006749879277579431,0.0019247242324209601,True
45,employed,43,20.0,x1,-0.7654209711664157,-1.6239819319991e-05,-0.00010411183968280261,0.00029832930259887647,-1.1628819503735401e-06,-0.00010411183968280261,0.0002947797880001879,True
45,employed,44,33.0,x2,0.1843286581849528,-8.418462360422497e-06,-4.56128883369616e-06,2.7083927744531167e-05,-8.418462360422497e-06,-3.2638078462424134e-05,9.536606668136827e-05,False
45,employed,45,32.0,x1,0.22158313736037583,-1.4672304310778993e-05,-1.7915801943595279e-06,4.1813594564121814e-05,-1.3536826706912854e-05,-1.7915801943595279e-06,3.8626765779259387e-05,True
45,employed,46,1.0,x1,-0.6510743008673607,0.012848999868468616,-0.0273990533524901,0.10981893963848721,0.004473829120366009,-0.0273990533524901,0.09891802824153162,True
45,employed,47,9.0,x1,-0.8040970274040211,-3.145779071693124e-05,-0.05634359302002287,0.24172084746669542,-2.3875444234863377e-05,-0.05634359302002287,0.24172082610715906,True
45,employed,48,37.0,x2,-0.7597255710430166,8.725744099019548e-06,5.65713968337879e-05,0.00016198750129037265,8.725744099019548e-06,2.5562309508778277e-06,2.571957717067974e-05,True
45,employed,49,33.0,x2,-0.6432193806926492,-9.498591862671804e-06,-0.0003983440898352028,0.0011312352303431972,-9.498591862671804e-06,-4.708071334357737e-05,0.00013590889464554223,True
45,employed,50,6.0,x1,-0.6749399027678413,-0.023525546640087006,0.00019454755514595865,0.0812138517083203,-0.007702080529945324,0.00019454755514595865,0.023371606446187077,True
45,onlooker,26,33.0,x2,0.6238497201152735,-2.788696321646978e-05,-1.9584946532296282e-05,9.641568654616961e-05,-2.788696321646978e-05,-0.0001239817275165399,0.00035986459783687863,False
45,onlooker,7,32.0,x1,0.5476791988224945,-7.05159572495158e-05,8.695265833786551e-05,0.00031698199970664476,-9.829384454121618e-05,8.695265833786551e-05,0.00037164529351274567,False
45,onlooker,16,4.0,x1,-0.6881080738669723,-5.592645496023322e-06,0.9202600378220214,2.6026466484816813,-2.5819208343878646e-06,0.9202600378220214,2.602646647827545,True
45,onlooker,5,45.0,x1,-0.2465966632795309,-0.00114342934027764,-0.000170460728475972,0.0033054352172681156,-0.0008648016165665766,-0.000170460728475972,0.002513780855768477,True
45,onlooker,27,39.0,x2,-0.25700315575855237,-4.344376208273721e-06,-3.8141310875151746e-06,1.6352330402202853e-05,-4.344376208273721e-06,-1.2962854803942875e-06,1.2823639199854853e-05,True
45,onlooker,33,4.0,x2,-0.03818870486279913,-8.229178868820341e-05,0.00014775788879822758,0.00047912834245211755,-8.229178868820341e-05,0.00013789284913641467,0.0004548793510754656,True
45,onlooker,5,14.0,x1,-0.4133183448090627,-0.0008648016165665766,-0.000170460728475972,0.002513780855768477,-0.0006640767929517777,-0.000170460728475972,0.001951701829352448,True
45,onlooker,37,34.0,x1,0.4941601778621316,2.4077106867626234e-06,-1.4526862776920487e-05,4.165447724036042e-05,0.006937378086723,-1.4526862776920487e-05,0.020902958312838837,False
45,onlooker,4,50.0,x1,-0.8911599425804622,-1.2172795092299418e-06,-0.0001105656049482903,0.00031307127305924,-0.00686391813158785,-0.0001105656049482903,0.02067100172104519,False
45,onlooker,42,37.0,x2,0.18352358098363974,-4.027090035461249e-05,0.0006749879277579431,0.0019247242324209601,-4.027090035461249e-05,0.0008015301512580855,0.002287079720041607,False
45,onlooker,23,39.0,x1,0.4797156065376922,1.1842283469422061e-06,6.7010311693734295e-06,1.9248303591457017e-05,0.00048574114028603386,6.7010311693734295e-06,0.0013802981459218877,False
45,onlooker,7,40.0,x1,-0.8428860051300695,-7.05159572495158e-05,8.695265833786551e-05,0.00031698199970664476,-0.00019659542108777775,8.695265833786551e-05,0.0006092471180108028,False
45,onlooker,25,33.0,x1,0.6433777147504554,-2.4988024537293386e-05,-5.792129991493371e-05,0.0001785274481460597,1.1879940288718177e-05,-5.792129991493371e-05,0.00016732969106358908,True
45,onlooker,24,12.0,x2,-0.018680769086786952,-2.514394007088565e-05,9.428436645818124e-06,7.597251087476664e-05,-2.514394007088565e-05,9.261879699375175e-06,7.580830773479263e-05,True
45,onlooker,13,27.0,x2,-0.07498363378696427,-0.00016633207831269996,2.022635178977983e-06,0.0004712297630828921,-0.00016633207831269996,1.7737704476876225e-06,0.0004712217054998469,True
45,onlooker,40,12.0,x1,-0.600029631619321,-0.00022009663965603655,0.000126977249001873,0.0007204167269461159,-8.903628588665866e-05,0.000126977249001873,0.0004392808932647263,True
45,onlooker,24,3.0,x2,-0.5413187431289883,-2.514394007088565e-05,9.261879699375175e-06,7.580830773479263e-05,-2.514394007088565e-05,0.00016545919751073754,0.00047410796703362124,False
45,onlooker,18,25.0,x1,-0.4611265775492719,3.8702373013794025e-06,1.5911563561367253e-06,1.1836180136004515e-05,7.563724227117112e-06,1.5911563561367253e-06,2.186328384867764e-05,False
45,onlooker,28,45.0,x2,0.08745492271520416,-0.0003238966181224247,-1.4382368804099868e-07,0.0009189116248653484,-0.0003238966181224247,2.8072987256309994e-10,0.0009189115339975906,True
45,onlooker,14,4.0,x2,-0.7266673905033527,-0.0003791594326767565,-1.741580979204601e-05,0.0010773917513984266,-0.0003791594326767565,-8.510472836415588e-05,0.0011031286062039847,False
45,onlooker,28,35.0,x2,-0.9006641128918589,-0.0003238966181224247,2.8072987256309994e-10,0.0009189115339975906,-0.0003238966181224247,3.0166644173463695e-05,0.0009229005896327358,False
45,onlooker,10,17.0,x1,-0.36045378223899527,5.29473658316995e-06,0.0001675503783773044,0.0004748888875991675,3.554078016885962e-06,0.0001675503783773044,0.00047475851704392724,True
45,onlooker,48,10.0,x1,-0.8749593010417822,8.725744099019548e-06,2.5562309508778277e-06,2.571957717067974e-05,4.200746758574453e-06,2.5562309508778277e-06,1.39090844943901e-05,True
45,onlooker,18,7.0,x2,-0.7468360697284218,3.8702373013794025e-06,1.5911563561367253e-06,1.1836180136004515e-05,3.8702373013794025e-06,6.534220500228594e-05,0.0001852536602133803,False
45,onlooker,21,16.0,x2,-0.816546447689281,-0.00014858597843604666,-2.5736918764033656e-05,0.00042712804881661626,-0.00014858597843604666,0.7514303433048021,3.0784684368996307,False
45,onlooker,30,25.0,x1,-0.8458006620973892,8.8453248710294e-06,-1.4797254958790727e-05,4.87684328907001e-05,1.1412004600521514e-05,-1.4797254958790727e-05,5.2863255959767486e-05,False
45,onlooker,44,14.0,x2,0.9227615698943588,-8.418462360422497e-06,-4.56128883369616e-06,2.7083927744531167e-05,-8.418462360422497e-06,7.300369106070684e-06,3.152039980536259e-05,False
45,onlooker,47,22.0,x2,-0.5428661191233302,-2.3875444234863377e-05,-0.05634359302002287,0.24172082610715906,-2.3875444234863377e-05,-0.022047434315182295,0.07525150550831272,True
45,onlooker,42,18.0,x1,-0.6728986106574035,-4.027090035461249e-05,0.0006749879277579431,0.0019247242324209601,-1.056839015305835e-05,0.0006749879277579431,0.0019215232072693489,True
45,onlooker,28,24.0,x2,0.7000357576279128,-0.0003238966181224247,2.8072987256309994e-10,0.0009189115339975906,-0.0003238966181224247,-6.483169721589094e-06,0.0009190961548282139,False
45,onlooker,37,44.0,x2,0.4694058247747488,2.4077106867626234e-06,-1.4526862776920487e-05,4.165447724036042e-05,2.4077106867626234e-06,-1.9204761233093448e-05,5.475446746006085e-05,False
45,onlooker,33,25.0,x1,0.975106578992895,-8.229178868820341e-05,0.00013789284913641467,0.0004548793510754656,-0.00017411926116873551,0.00013789284913641467,0.000629529865392886,False
45,onlooker,49,42.0,x2,0.5506384275710556,-9.498591862671804e-06,-4.708071334357737e-05,0.00013590889464554223,-9.498591862671804e-06,-0.0004446794544780875,0.0012632982180105223,False
45,onlooker,29,13.0,x1,0.7508780541759297,-3.823330160642824e-06,1.1519338751148425e-07,1.081930749124993e-05,0.00011820092243834004,1.1519338751148425e-07,0.00033469489138626685,False
45,onlooker,1,13.0,x1,-0.19253510983106037,-1.4617597226482245e-05,5.578461062080909e-06,4.425973315536069e-05,-4.3827961505379505e-05,5.578461062080909e-06,0.0001250162757249207,False
45,onlooker,30,28.0,x2,-0.6483683472294306,8.8453248710294e-06,-1.4797254958790727e-05,4.87684328907001e-05,8.8453248710294e-06,-5.203001201263595e-06,2.9028447205536878e-05,True
45,onlooker,6,12.0,x2,-0.3025824222070328,-8.12873138096688e-05,0.00010364701046205516,0.0003730242759307778,-8.12873138096688e-05,7.244031411140392e-05,0.0003082796636495466,True
45,onlooker,1,35.0,x1,-0.5045451285250171,-1.4617597226482245e-05,5.578461062080909e-06,4.425973315536069e-05,-0.002492011207628957,5.578461062080909e-06,0.007213847566458487,False
45,onlooker,18,17.0,x1,0.023659601757043625,3.8702373013794025e-06,1.5911563561367253e-06,1.1836180136004515e-05,3.950788221321173e-06,1.5911563561367253e-06,1.204722738323838e-05,False
45,onlooker,43,8.0,x2,-0.31854577353745994,-1.1628819503735401e-06,-0.00010411183968280261,0.0002947797880001879,-1.1628819503735401e-06,-7.098200460709134e-05,0.00020092856946662963,True
45,onlooker,35,3.0,x1,0.6599572703244474,-0.0049247702680982955,3.3493747397188477e-05,0.014575404583947904,0.037647963732795296,3.3493747397188477e-05,0.14378805991376398,False
45,onlooker,49,30.0,x2,0.9130167420614426,-9.498591862671804e-06,-4.708071334357737e-05,0.00013590889464554223,-9.498591862671804e-06,-8.53157656487396e-05,0.0002429966053232313,False
45,onlooker,21,22.0,x2,-0.7875021811731251,-0.00014858597843604666,-2.5736918764033656e-05,0.00042712804881661626,-0.00014858597843604666,0.0053751370979034045,0.015978745611527234,False
45,onlooker,2,13.0,x1,-0.04374268579770457,-0.007646106836526469,4.30124360634031e-05,0.023182870554660173,-0.007318921399440323,4.30124360634031e-05,0.02212720462521789,True
45,onlooker,26,11.0,x2,0.2256113493228551,-2.788696321646978e-05,-1.9584946532296282e-05,9.641568654616961e-05,-2.788696321646978e-05,-2.41087482825569e-05,0.00010430178733189521,False
45,onlooker,9,17.0,x1,-0.6085809696213451,-2.202814948750522e-05,9.742651398329275e-06,6.814230835106017e-05,-8.33884450339309e-06,9.742651398329275e-06,3.62761956691493e-05,True
45,onlooker,36,26.0,x2,0.4722021981452309,-5.8963494304851904e-05,0.00032540256938132597,0.0009382774495425572,-5.8963494304851904e-05,0.0004883064327284013,0.001397613701233258,False
45,onlooker,4,22.0,x2,0.9339171579628411,-1.2172795092299418e-06,-0.0001105656049482903,0.00031307127305924,-1.2172795092299418e-06,-0.006594810718652715,0.019810635675604704,False
45,onlooker,3,22.0,x2,-0.9192035622887589,-0.06943308908692733,0.00029781150003672756,0.31979458816358575,-0.06943308908692733,0.006304517511037965,0.3216077486417679,False
45,onlooker,8,24.0,x1,-0.6849732046318948,5.410602347895738e-07,-1.0846613995662375e-07,1.5608055474736204e-06,-1.7052476735559983e-05,-1.0846613995662375e-07,4.824040692641418e-05,False
46,employed,1,27.0,x2,0.8454633655401391,-1.4617597226482245e-05,5.578461062080909e-06,4.425973315536069e-05,-1.4617597226482245e-05,1.1390807411117424e-05,5.242476405031837e-05,False
46,employed,2,11.0,x1,-0.7856269805756044,-0.007318921399440323,4.30124360634031e-05,0.02212720462521789,-0.0015692515874486572,4.30124360634031e-05,0.004505802389453084,True
46,employed,3,42.0,x2,-0.07946030517248959,-0.06943308908692733,0.00029781150003672756,0.31979458816358575,-0.06943308908692733,0.00032778205408732483,0.31979544631672896,False
46,employed,4,45.0,x2,-0.38775341066922553,-1.2172795092299418e-06,-0.0001105656049482903,0.00031307127305924,-1.2172795092299418e-06,-6.838810585773487e-05,0.00019358599158580958,True
46,employed,5,32.0,x1,0.8466271086033286,-0.0006640767929517777,-0.000170460728475972,0.001951701829352448,-0.001209541793087407,-0.000170460728475972,0.003494637816541246,False
46,employed,6,10.0,x1,0.6014571186108066,-8.12873138096688e-05,7.244031411140392e-05,0.0003082796636495466,-0.00013231577287659886,7.244031411140392e-05,0.0004272679777099775,False
46,employed,7,32.0,x1,0.6258934892541068,-7.05159572495158e-05,8.695265833786551e-05,0.00031698199970664476,-0.00010226081598888257,8.695265833786551e-05,0.00038014321321044875,False
46,employed,8,10.0,x1,-0.13182705932597538,5.410602347895738e-07,-1.0846613995662375e-07,1.5608055474736204e-06,9.382575087002131e-07,-1.0846613995662375e-07,2.6714908512026625e-06,False
46,employed,9,7.0,x2,0.9201642159707293,-8.33884450339309e-06,9.742651398329275e-06,3.62761956691493e-05,-8.33884450339309e-06,-6.130323410228367e-05,0.00017509044500174653,False
46,employed,10,4.0,x2,-0.8690332040112234,3.554078016885962e-06,0.0001675503783773044,0.00047475851704392724,3.554078016885962e-06,-3.74879985270233e-05,0.0001065452795470101,True
46,employed,11,46.0,x1,-0.39847570372465,-3.4661248600782655e-07,4.663574638823451e-07,1.643491874592229e-06,0.0017825037112499515,4.663574638823451e-07,0.005126286678031722,False
46,employed,12,31.0,x1,-0.42504894218538647,-1.6735037590963813e-06,5.124789746344829e-07,4.950434715045304e-06,0.4086761484453591,5.124789746344829e-07,2.758050839010988,False
46,employed,13,33.0,x1,-0.6150612614599456,-0.00016633207831269996,1.7737704476876225e-06,0.0004712217054998469,-0.00011464215176279794,1.7737704476876225e-06,0.00032464583697633387,True
46,employed,14,24.0,x1,0.06698434956078891,-0.0003791594326767565,-1.741580979204601e-05,0.0010773917513984266,-0.00040287293018340304,-1.741580979204601e-05,0.001144890974757562,False
46,employed,15,18.0,x1,-0.4965987774620959,-1.3979563365991372e-05,0.0027394273270542253,0.007948195982639294,-5.115374176632942e-06,0.0027394273270542253,0.007948104096378916,True
46,employed,16,7.0,x1,0.4122886726158397,-2.5819208343878646e-06,0.9202600378220214,2.602646647827545,2.542651286464135e-05,0.9202600378220214,2.6026466648335824,False
46,employed,17,9.0,x2,-0.4157472176237107,4.6566097888107113e-07,7.286348941144443e-06,2.0652370281926125e-05,4.6566097888107113e-07,8.30754985336132e-06,2.3536027140114157e-05,False
46,employed,18,17.0,x2,-0.09126640604065983,3.8702373013794025e-06,1.5911563561367253e-06,1.1836180136004515e-05,3.8702373013794025e-06,2.110936115079795e-06,1.2469611487819776e-05,False
46,employed,19,36.0,x2,-0.14410973069258914,-3.2849430052925136e-06,-8.65946300618992e-05,0.00024530273071876607,-3.2849430052925136e-06,-2.722182460403508e-05,7.757354110582426e-05,True
46,employed,20,44.0,x2,0.35957129324036896,3.457756181032834e-06,0.001650598653238035,0.004741155312235623,3.457756181032834e-06,0.0022457466541284214,0.00648623001144033,False
46,employed,21,43.0,x2,0.4327079226618813,-0.00014858597843604666,-2.5736918764033656e-05,0.00042712804881661626,-0.00014858597843604666,-6.159011658225671e-06,0.00042121440564502066,True
46,employed,22,8.0,x1,0.9558546037281803,-0.000939774104273494,0.006832496805264352,0.02077328660018951,-0.0018385786832241582,0.006832496805264352,0.02134525727201053,False
46,employed,23,40.0,x2,0.14544353726802495,1.1842283469422061e-06,6.7010311693734295e-06,1.9248303591457017e-05,1.1842283469422061e-06,-1.0792367401404809e-05,3.071178143843056e-05,False
46,employed,24,9.0,x2,-0.6546387028420511,-2.514394007088565e-05,9.261879699375175e-06,7.580830773479263e-05,-2.514394007088565e-05,9.576611460741657e-06,7.612074664864465e-05,False
46,employed,25,32.0,x2,-0.16760573399597734,1.1879940288718177e-05,-5.792129991493371e-05,0.00016732969106358908,1.1879940288718177e-05,-4.7463259163739585e-05,0.0001384514314044516,True
46,employed,26,35.0,x1,-0.2551445502005947,-2.788696321646978e-05,-1.9584946532296282e-05,9.641568654616961e-05,-0.0012773000514253448,-1.9584946532296282e-05,0.003656628475561252,False
46,employed,27,26.0,x1,-0.6240839240720759,-4.344376208273721e-06,-1.2962854803942875e-06,1.2823639199854853e-05,-1.903692629115699e-05,-1.2962854803942875e-06,5.3978939462684394e-05,False
46,employed,28,8.0,x1,-0.8487104726030188,-0.0003238966181224247,2.8072987256309994e-10,0.0009189115339975906,-4.8542962793647214e-05,2.8072987256309994e-10,0.00013736298027611227,True
46,employed,29,42.0,x1,0.11077250315932252,-3.823330160642824e-06,1.1519338751148425e-07,1.081930749124993e-05,-3.076162981323155e-06,1.1519338751148425e-07,8.707053446688207e-06,True
46,employed,30,48.0,x1,0.4989725627186561,8.8453248710294e-06,-5.203001201263595e-06,2.9028447205536878e-05,1.1162841914548022e-05,-5.203001201263595e-06,3.4838534670900145e-05,False
46,employed,31,39.0,x2,0.018116868394030927,0.9614824789985473,2.1078845711895178e-05,2.5820176859510515,0.9614824789985473,2.1352338545590323e-05,2.5820176862727817,False
46,employed,32,41.0,x2,0.8841268906276336,-1.9796690658010077e-05,4.475376510498887e-06,5.7417446634122626e-05,-1.9796690658010077e-05,4.754107648265579e-06,5.7596487327504775e-05,False
46,employed,33,37.0,x2,-0.7888221182259973,-8.229178868820341e-05,0.00013789284913641467,0.0004548793510754656,-8.229178868820341e-05,1.7660809125541338e-05,0.0002382448037576701,True
46,employed,34,32.0,x2,-0.7591335755178161,-0.014031443430533813,-3.6908941576563806e-06,0.044921030902781656,-0.014031443430533813,2.5083960933065926e-06,0.04492102996911074,True
46,employed,35,4.0,x2,0.38580081023187596,-0.0049247702680982955,3.3493747397188477e-05,0.014575404583947904,-0.0049247702680982955,7.279984893086299e-05,0.01457671549570394,False
46,employed,36,42.0,x1,-0.6823170185412668,-5.8963494304851904e-05,0.00032540256938132597,0.0009382774495425572,-2.5942691128006045e-05,0.00032540256938132597,0.0009261353211305057,True
46,employed,37,4.0,x1,0.7730457883840878,2.4077106867626234e-06,-1.4526862776920487e-05,4.165447724036042e-05,5.209994090708285e-06,-1.4526862776920487e-05,4.3657118166340325e-05,False
46,employed,38,7.0,x2,-0.9298278125125257,4.3493625636715244e-07,-1.761407975405129e-05,4.984359347703915e-05,4.3493625636715244e-07,7.96149815875259e-05,0.00022535732382111817,False
46,employed,39,36.0,x1,0.6954311081906859,-0.001008907803964329,5.982813232835258e-06,0.0028807779861144134,-0.0016924923216968756,5.982813232835258e-06,0.004863398049100187,False
46,employed,40,26.0,x1,0.07985048818757567,-8.903628588665866e-05,0.000126977249001873,0.0004392808932647263,-9.391908915421283e-05,0.000126977249001873,0.0004473768066799444,False
46,employed,41,17.0,x1,-0.5230736022675349,-0.014659613938077408,4.160115046650838e-06,0.04717605485719334,-0.006991313292670237,4.160115046650838e-06,0.02107545391503196,True
46,employed,42,38.0,x1,0.6985688162420851,-1.056839015305835e-05,0.0006749879277579431,0.0019215232072693489,-1.8254970857615996e-05,0.0006749879277579431,0.0019219931846561344,False
46,employed,43,16.0,x1,-0.45236163024869724,-1.1628819503735401e-06,-7.098200460709134e-05,0.00020092856946662963,-1.8048006933325518e-06,-7.098200460709134e-05,0.00020096656609469576,False
46,employed,44,14.0,x2,-0.8988091639552878,-8.418462360422497e-06,-4.56128883369616e-06,2.7083927744531167e-05,-8.418462360422497e-06,-1.6115050069316312e-05,5.143372611771113e-05,False
46,employed,45,14.0,x1,-0.94869816606199,-1.3536826706912854e-05,-1.7915801943595279e-06,3.8626765779259387e-05,-0.00036040232246130913,-1.7915801943595279e-06,0.0010228431359142753,False
46,employed,46,39.0,x1,-0.48814634193808004,0.004473829120366009,-0.0273990533524901,0.09891802824153162,0.0017974511469453147,-0.0273990533524901,0.09761477120979878,True
46,employed,47,34.0,x1,0.0863767710811123,-2.3875444234863377e-05,-0.022047434315182295,0.07525150550831272,0.0011860530491207982,-0.022047434315182295,0.07537889997355451,False
46,employed,48,42.0,x1,0.9207574551140434,4.200746758574453e-06,2.5562309508778277e-06,1.39090844943901e-05,1.7799539675560354e-05,2.5562309508778277e-06,5.086982788826688e-05,False
46,employed,49,18.0,x2,-0.8233183602207257,-9.498591862671804e-06,-4.708071334357737e-05,0.00013590889464554223,-9.498591862671804e-06,-7.0082693935319415e-06,3.339102380239822e-05,True
46,employed,50,37.0,x2,-0.9573953476016333,-0.007702080529945324,0.00019454755514595865,0.023371606446187077,-0.007702080529945324,-5.619319875925364e-06,0.02336365735360646,True
46,onlooker,11,3.0,x2,0.7962967432396308,-3.4661248600782655e-07,4.663574638823451e-07,1.643491874592229e-06,-3.4661248600782655e-07,-0.000236308611184998,0.0006698693821474144,False
46,onlooker,1,26.0,x1,-0.15200174568203972,-1.4617597226482245e-05,5.578461062080909e-06,4.425973315536069e-05,-1.6634564021054237e-05,5.578461062080909e-06,4.963302525640145e-05,False
46,onlooker,34,15.0,x2,0.7473908009389167,-0.014031443430533813,2.5083960933065926e-06,0.04492102996911074,-0.014031443430533813,-0.002043039635822458,0.045450443510784755,False
46,onlooker,38,22.0,x2,-0.2839475009749173,4.3493625636715244e-07,-1.761407975405129e-05,4.984359347703915e-05,4.3493625636715244e-07,0.0019274577874480033,0.005550597924923739,False
46,onlooker,41,38.0,x1,-0.20199988395190505,-0.006991313292670237,4.160115046650838e-06,0.02107545391503196,-0.005578980961806125,4.160115046650838e-06,0.01660834250725829,True
46,onlooker,18,2.0,x2,-0.8365855091197087,3.8702373013794025e-06,1.5911563561367253e-06,1.1836180136004515e-05,3.8702373013794025e-06,3.6243598728430026e-05,0.00010313056436617174,False
46,onlooker,3,2.0,x1,-0.6942552357184382,-0.06943308908692733,0.00029781150003672756,0.31979458816358575,-0.022318264586968978,0.00029781150003672756,0.07634280924984482,True
46,onlooker,43,40.0,x2,0.6911476956563942,-1.1628819503735401e-06,-7.098200460709134e-05,0.00020092856946662963,-1.1628819503735401e-06,-0.00020780108657278678,0.0005889093158661929,False
46,onlooker,32,31.0,x1,-0.7521365068939667,-1.9796690658010077e-05,4.475376510498887e-06,5.7417446634122626e-05,0.7231611663168207,4.475376510498887e-06,3.146563573830982,False
46,onlooker,36,14.0,x2,0.03850665957240218,-2.5942691128006045e-05,0.00032540256938132597,0.0009261353211305057,-2.5942691128006045e-05,0.00033860336000331767,0.0009635926898359237,False
46,onlooker,48,43.0,x2,-0.5336129854084157,4.200746758574453e-06,2.5562309508778277e-06,1.39090844943901e-05,4.200746758574453e-06,-3.6684726466877414e-05,0.00010447443761352204,False
46,onlooker,38,6.0,x2,-0.9465150285119348,4.3493625636715244e-07,-1.761407975405129e-05,4.984359347703915e-05,4.3493625636715244e-07,6.762375742313506e-05,0.00019139460165051858,False
46,onlooker,2,10.0,x2,0.3898968041875859,-0.0015692515874486572,4.30124360634031e-05,0.004505802389453084,-0.0015692515874486572,7.439929824592214e-05,0.004509219129613218,False
46,onlooker,19,1.0,x2,0.9760452627536838,-3.2849430052925136e-06,-2.722182460403508e-05,7.757354110582426e-05,-3.2849430052925136e-06,-5.923638804541515e-05,0.00016789695540042615,False
46,onlooker,27,20.0,x1,0.03769979009766278,-4.344376208273721e-06,-1.2962854803942875e-06,1.2823639199854853e-05,-4.638514961664754e-06,-1.2962854803942875e-06,1.3623004278873196e-05,False
46,onlooker,26,24.0,x2,0.2258978089299415,-2.788696321646978e-05,-1.9584946532296282e-05,9.641568654616961e-05,-2.788696321646978e-05,-2.6101381372613624e-05,0.0001080745782719994,False
46,onlooker,45,15.0,x1,-0.026062754308075586,-1.3536826706912854e-05,-1.7915801943595279e-06,3.8626765779259387e-05,-1.3317340458699047e-05,-1.7915801943595279e-06,3.801126187186199e-05,True
46,onlooker,1,44.0,x2,-0.3881922221737675,-1.4617597226482245e-05,5.578461062080909e-06,4.425973315536069e-05,-1.4617597226482245e-05,1.6422890177529816e-06,4.161069034624987e-05,True
46,onlooker,14,50.0,x1,0.16878587749037588,-0.0003791594326767565,-1.741580979204601e-05,0.0010773917513984266,0.0008568462305185047,-1.741580979204601e-05,0.0024435858013949208,False
46,onlooker,7,15.0,x2,-0.29354682346737726,-7.05159572495158e-05,8.695265833786551e-05,0.00031698199970664476,-7.05159572495158e-05,0.0008655781716672367,0.0024764185422267992,False
46,onlooker,50,22.0,x2,-0.5397320234143819,-0.007702080529945324,-5.619319875925364e-06,0.02336365735360646,-0.007702080529945324,0.0036851309326885492,0.026090147448492917,False
46,onlooker,29,20.0,x1,-0.8900792237162591,-3.076162981323155e-06,1.1519338751148425e-07,8.707053446688207e-06,2.739542714531454e-06,1.1519338751148425e-07,7.755644123808025e-06,True
46,onlooker,44,1.0,x2,0.7969672714909533,-8.418462360422497e-06,-4.56128883369616e-06,2.7083927744531167e-05,-8.418462360422497e-06,-9.505337347447292e-06,3.591773865041503e-05,False
46,onlooker,40,4.0,x2,0.4472221556261078,-8.903628588665866e-05,0.000126977249001873,0.0004392808932647263,-8.903628588665866e-05,0.00021434896413684632,0.0006579278906149177,False
46,onlooker,39,30.0,x2,0.15534160031224653,-0.001008907803964329,5.982813232835258e-06,0.0028807779861144134,-0.001008907803964329,7.720435547824e-06,0.0028808119960044287,False
46,onlooker,3,4.0,x1,0.4545772996713937,-0.022318264586968978,0.00029781150003672756,0.07634280924984482,-0.03246308768863278,0.00029781150003672756,0.11964495521102636,False
46,onlooker,6,13.0,x1,-0.0023268123532824703,-8.12873138096688e-05,7.244031411140392e-05,0.0003082796636495466,-8.136492425865987e-05,7.244031411140392e-05,0.00030844391707463004,False
46,onlooker,9,40.0,x2,0.6147560475581773,-8.33884450339309e-06,9.742651398329275e-06,3.62761956691493e-05,-8.33884450339309e-06,-6.232802646149863e-05,0.00017796634867695005,False
46,onlooker,43,3.0,x2,-0.1442536775327512,-1.1628819503735401e-06,-7.098200460709134e-05,0.00020092856946662963,-1.1628819503735401e-06,-1.778218531202871e-05,5.0411504294078924e-05,True
46,onlooker,43,18.0,x2,0.3916407566460449,-1.1628819503735401e-06,-1.778218531202871e-05,5.0411504294078924e-05,-1.1628819503735401e-06,-2.536957550171137e-05,7.184851331176745e-05,False
46,onlooker,30,18.0,x2,-0.4471903418191525,8.8453248710294e-06,-5.203001201263595e-06,2.9028447205536878e-05,8.8453248710294e-06,-2.1647195607965676e-06,2.5758882320037202e-05,True
46,onlooker,34,7.0,x1,0.7202450381755172,-0.014031443430533813,2.5083960933065926e-06,0.04492102996911074,-0.02408673217149509,2.5083960933065926e-06,0.08350270091605738,False
46,onlooker,29,6.0,x2,0.4070552903867273,2.739542714531454e-06,1.1519338751148425e-07,7.755644123808025e-06,2.739542714531454e-06,-2.932512963100766e-05,8.332824062806665e-05,False
46,onlooker,22,10.0,x2,0.9221385858497322,-0.000939774104273494,0.006832496805264352,0.02077328660018951,-0.000939774104273494,0.01316757487704168,0.04197209216399189,False
46,onlooker,37,30.0,x2,0.6977343621187233,2.4077106867626234e-06,-1.4526862776920487e-05,4.165447724036042e-05,2.4077106867626234e-06,-2.315235488824301e-05,6.585232637279503e-05,False
46,onlooker,28,22.0,x1,-0.6211062802785834,-4.8542962793647214e-05,2.8072987256309994e-10,0.00013736298027611227,-0.0006020922219466308,2.8072987256309994e-10,0.0017126271285836658,False
46,onlooker,8,23.0,x2,-0.08805084194496837,5.410602347895738e-07,-1.0846613995662375e-07,1.5608055474736204e-06,5.410602347895738e-07,4.911158313518842e-07,2.066781622733771e-06,False
46,onlooker,37,22.0,x1,0.18631840113083564,2.4077106867626234e-06,-1.4526862776920487e-05,4.165447724036042e-05,0.0001779535200247065,-1.4526862776920487e-05,0.0005058517235316806,False
46,onlooker,42,50.0,x1,-0.35494936969743507,-1.056839015305835e-05,0.0006749879277579431,0.0019215232072693489,-0.002740665776192493,0.0006749879277579431,0.008195542815294221,False
46,onlooker,46,40.0,x2,-0.8639866193608938,0.0017974511469453147,-0.0273990533524901,0.09761477120979878,0.0017974511469453147,-0.003616931228682542,0.011858180980820254,True
46,onlooker,18,11.0,x2,0.32876854484599605,3.8702373013794025e-06,1.5911563561367253e-06,1.1836180136004515e-05,3.8702373013794025e-06,1.960954851187586e-06,1.2272120770706607e-05,False
46,onlooker,28,25.0,x1,0.527127527615155,-4.8542962793647214e-05,2.8072987256309994e-10,0.00013736298027611227,-8.039353830678462e-05,2.8072987256309994e-10,0.00022755936675311617,False
46,onlooker,17,20.0,x2,0.7312678964508985,4.6566097888107113e-07,7.286348941144443e-06,2.0652370281926125e-05,4.6566097888107113e-07,-0.0011944151830339215,0.0034163048944866325,False
46,onlooker,49,39.0,x2,-0.5658580504455475,-9.498591862671804e-06,-7.0082693935319415e-06,3.339102380239822e-05,-9.498591862671804e-06,3.428392946012248e-07,2.6885974758972253e-05,True
46,onlooker,6,12.0,x2,-0.15447726995420719,-8.12873138096688e-05,7.244031411140392e-05,0.0003082796636495466,-8.12873138096688e-05,6.132909850575948e-05,0.0002882884077419767,True
46,onlooker,12,46.0,x1,0.3414458035348804,-1.6735037590963813e-06,5.124789746344829e-07,4.950434715045304e-06,-0.000615977065778275,5.124789746344829e-07,0.001752350362469901,False
46,onlooker,21,14.0,x2,-0.2386779897180713,-0.00014858597843604666,-6.159011658225671e-06,0.00042121440564502066,-0.00014858597843604666,-8.845761607468046e-06,0.0004215986772000413,False
46,onlooker,24,36.0,x2,-0.8213168835422422,-2.514394007088565e-05,9.261879699375175e-06,7.580830773479263e-05,-2.514394007088565e-05,0.0002689135657098501,0.000765862465467837,False
46,onlooker,43,7.0,x2,-0.4750998360551242,-1.1628819503735401e-06,-1.778218531202871e-05,5.0411504294078924e-05,-1.1628819503735401e-06,3.197732173529509e-05,9.05325751543451e-05,False
46,onlooker,50,10.0,x2,-0.7977156244273087,-0.007702080529945324,-5.619319875925364e-06,0.02336365735360646,-0.007702080529945324,-3.10414627657592e-05,0.023363853283786984,False
47,employed,1,33.0,x1,-0.21374184029755017,-1.4617597226482245e-05,1.6422890177529816e-06,4.161069034624987e-05,-2.9082403450159285e-05,1.6422890177529816e-06,8.241110280993169e-05,False
47,employed,2,6.0,x2,-0.9925151433019099,-0.0015692515874486572,4.30124360634031e-05,0.004505802389453084,-0.0015692515874486572,6.119200091219115e-05,0.004507559094343083,False
47,employed,3,5.0,x2,0.04547115754381337,-0.022318264586968978,0.00029781150003672756,0.07634280924984482,-0.022318264586968978,0.00031910438031282107,0.07634398960356537,False
47,employed,4,13.0,x1,0.5551042686378997,-1.2172795092299418e-06,-6.838810585773487e-05,0.00019358599158580958,6.174535124843413e-05,-6.838810585773487e-05,0.00026083183715330804,False
47,employed,5,44.0,x1,-0.7103339645694113,-0.0006640767929517777,-0.000170460728475972,0.001951701829352448,-0.0001983404115798586,-0.000170460728475972,0.0007415281216549552,True
47,employed,6,18.0,x2,-0.706851749063605,-8.12873138096688e-05,6.132909850575948e-05,0.0002882884077419767,-8.12873138096688e-05,1.910322961183818e-05,0.00023636459613785021,True
47,employed,7,16.0,x2,-0.5215911624988574,-7.05159572495158e-05,8.695265833786551e-05,0.00031698199970664476,-7.05159572495158e-05,0.4800411018490236,3.0270465481644995,False
47,employed,8,40.0,x2,-0.3090406439718676,5.410602347895738e-07,-1.0846613995662375e-07,1.5608055474736204e-06,5.410602347895738e-07,3.916618510709973e-05,0.00011083012575641149,False
47,employed,9,26.0,x2,0.34779021094596296,-8.33884450339309e-06,9.742651398329275e-06,3.62761956691493e-05,-8.33884450339309e-06,1.9942502869159924e-05,6.115095658687508e-05,False
47,employed,10,42.0,x1,-0.3975818193550964,3.554078016885962e-06,-3.74879985270233e-05,0.0001065452795470101,-2.0607585719049357e-06,-3.74879985270233e-05,0.00010622969163209817,True
47,employed,11,12.0,x1,0.9569067475117352,-3.4661248600782655e-07,4.663574638823451e-07,1.643491874592229e-06,9.230987264250481e-07,4.663574638823451e-07,2.9252300710602697e-06,False
47,employed,12,17.0,x1,0.342136198361751,-1.6735037590963813e-06,5.124789746344829e-07,4.950434715045304e-06,-2.405389450217498e-06,5.124789746344829e-07,6.95632845948424e-06,False
47,employed,13,35.0,x2,0.028058891199082003,-0.00011464215176279794,1.7737704476876225e-06,0.00032464583697633387,-0.00011464215176279794,8.837430656241889e-07,0.0003246165985726357,True
47,employed,14,12.0,x1,-0.7170851580916475,-0.0003791594326767565,-1.741580979204601e-05,0.0010773917513984266,-0.00010846987566146378,-1.741580979204601e-05,0.00031104986895558184,True
47,employed,15,25.0,x1,0.02185907342275395,-5.115374176632942e-06,0.0027394273270542253,0.007948104096378916,-5.486876003373844e-06,0.0027394273270542253,0.007948106234611618,False
47,employed,16,39.0,x1,0.419666887904387,-2.5819208343878646e-06,0.9202600378220214,2.602646647827545,0.00041973973075638837,0.9202600378220214,2.602651330286552,False
47,employed,17,46.0,x1,0.9417211237752632,4.6566097888107113e-07,7.286348941144443e-06,2.0652370281926125e-05,-0.0016917935302732663,7.286348941144443e-06,0.004861373529401636,False
47,employed,18,37.0,x1,-0.8469775023394932,3.8702373013794025e-06,1.5911563561367253e-06,1.1836180136004515e-05,2.6315101622262484e-06,1.5911563561367253e-06,8.698124791539641e-06,True
47,employed,19,21.0,x1,0.21760473968136584,-3.2849430052925136e-06,-2.722182460403508e-05,7.757354110582426e-05,2.8333250985049656e-05,-2.722182460403508e-05,0.00011117349287248501,False
47,employed,20,30.0,x1,-0.6371124283388037,3.457756181032834e-06,0.001650598653238035,0.004741155312235623,6.890243151958653e-06,0.001650598653238035,0.0047411866904458755,False
47,employed,21,30.0,x1,-0.3006389842371118,-0.00014858597843604666,-6.159011658225671e-06,0.00042121440564502066,-0.00010125599132268265,-6.159011658225671e-06,0.0002871985333467997,True
47,employed,22,17.0,x1,0.6680140106024723,-0.000939774104273494,0.006832496805264352,0.02077328660018951,-0.0015678674407876602,0.006832496805264352,0.02113554151960928,False
47,employed,23,21.0,x2,0.05479190812890522,1.1842283469422061e-06,6.7010311693734295e-06,1.9248303591457017e-05,1.1842283469422061e-06,7.405657454517026e-06,2.121397691867699e-05,False
47,employed,24,29.0,x2,0.12599355970323245,-2.514394007088565e-05,9.261879699375175e-06,7.580830773479263e-05,-2.514394007088565e-05,1.0414303267295712e-05,7.699636540126065e-05,False
47,employed,25,11.0,x2,0.1989067262980142,1.1879940288718177e-05,-4.7463259163739585e-05,0.0001384514314044516,1.1879940288718177e-05,-5.699678229985873e-05,0.00016476609516091756,False
47,employed,26,17.0,x2,0.31004058919233923,-2.788696321646978e-05,-1.9584946532296282e-05,9.641568654616961e-05,-2.788696321646978e-05,-2.7916138813243284e-05,0.00011164767950733179,False
47,employed,27,8.0,x2,0.988231189267339,-4.344376208273721e-06,-1.2962854803942875e-06,1.2823639199854853e-05,-4.344376208273721e-06,-2.4701255998297464e-06,1.413576324127419e-05,False
47,employed,28,39.0,x2,-0.16549713303138502,-4.8542962793647214e-05,2.8072987256309994e-10,0.00013736298027611227,-4.8542962793647214e-05,9.903727073799649e-07,0.00013739157840975125,False
47,employed,29,15.0,x1,-0.22439593036430838,2.739542714531454e-06,1.1519338751148425e-07,7.755644123808025e-06,9.769313308042983e-07,1.1519338751148425e-07,2.7823475901023187e-06,True
47,employed,30,37.0,x1,0.3108155991691304,8.8453248710294e-06,-2.1647195607965676e-06,2.5758882320037202e-05,1.084623578093197e-05,-2.1647195607965676e-06,3.1286075828251825e-05,False
47,employed,31,36.0,x2,0.7779983909030785,0.9614824789985473,2.1078845711895178e-05,2.5820176859510515,0.9614824789985473,-0.0002156845216165551,2.5820189633544293,False
47,employed,32,23.0,x1,0.3390422968953295,-1.9796690658010077e-05,4.475376510498887e-06,5.7417446634122626e-05,-2.691010962842397e-05,4.475376510498887e-06,7.717850973465445e-05,False
47,employed,33,22.0,x1,0.276196156239753,-8.229178868820341e-05,1.7660809125541338e-05,0.0002382448037576701,0.00015454153092001673,1.7660809125541338e-05,0.00044059871564927633,False
47,employed,34,24.0,x1,0.5533272546757861,-0.014031443430533813,2.5083960933065926e-06,0.04492102996911074,-0.021781510675758526,2.5083960933065926e-06,0.07419140630140264,False
47,employed,35,1.0,x1,-0.5685780884204363,-0.0049247702680982955,3.3493747397188477e-05,0.014575404583947904,-0.0021329650486415002,3.3493747397188477e-05,0.006154852168823499,True
47,employed,36,15.0,x1,0.8907890125022324,-2.5942691128006045e-05,0.00032540256938132597,0.0009261353211305057,-4.4495436228190696e-05,0.00032540256938132597,0.0009318144019556662,False
47,employed,37,25.0,x1,-0.27129624000371755,2.4077106867626234e-06,-1.4526862776920487e-05,4.165447724036042e-05,4.9774909622250755e-06,-1.4526862776920487e-05,4.343946074714111e-05,False
47,employed,38,20.0,x2,-0.09635543313492745,4.3493625636715244e-07,-1.761407975405129e-05,4.984359347703915e-05,4.3493625636715244e-07,0.00014312728069460225,0.00040537245034899527,False
47,employed,39,44.0,x1,0.9246717313602757,-0.001008907803964329,5.982813232835258e-06,0.0028807779861144134,-0.0019340320156727153,5.982813232835258e-06,0.005569895588124485,False
47,employed,40,43.0,x1,0.6833135268378969,-8.903628588665866e-05,0.000126977249001873,0.0004392808932647263,-0.00014908137144561278,0.000126977249001873,0.0005549054560387567,False
47,employed,41,10.0,x2,-0.46264385647548933,-0.005578980961806125,4.160115046650838e-06,0.01660834250725829,-0.005578980961806125,-1.510812883200294e-05,0.016608401596031275,False
47,employed,42,30.0,x1,0.31227482688262187,-1.056839015305835e-05,0.0006749879277579431,0.0019215232072693489,-1.6630804651353907e-05,0.0006749879277579431,0.0019218730027117381,False
47,employed,43,10.0,x2,0.4925637454930347,-1.1628819503735401e-06,-1.778218531202871e-05,5.0411504294078924e-05,-1.1628819503735401e-06,-8.075816146864832e-06,2.3079225027533568e-05,True
47,employed,44,10.0,x1,-0.4739787068211716,-8.418462360422497e-06,-4.56128883369616e-06,2.7083927744531167e-05,-5.40504614038888e-06,-4.56128883369616e-06,2.0005307473258682e-05,True
47,employed,45,16.0,x1,0.6919828329806341,-1.3317340458699047e-05,-1.7915801943595279e-06,3.801126187186199e-05,-2.0746066543565794e-05,-1.7915801943595279e-06,5.8908679446023626e-05,False
47,employed,46,36.0,x2,0.06137087144836273,0.0017974511469453147,-0.003616931228682542,0.011858180980820254,0.0017974511469453147,-0.0038588756894100554,0.012523005093797668,False
47,employed,47,41.0,x1,0.625856494671847,-2.3875444234863377e-05,-0.022047434315182295,0.07525150550831272,0.0034528234225245226,-0.022047434315182295,0.07632745445656086,False
47,employed,48,20.0,x2,0.5628745749748398,4.200746758574453e-06,2.5562309508778277e-06,1.39090844943901e-05,4.200746758574453e-06,-0.0009250849470345112,0.0026393507298547725,False
47,employed,49,11.0,x2,0.006457699911018633,-9.498591862671804e-06,3.428392946012248e-07,2.6885974758972253e-05,-9.498591862671804e-06,3.420416513304489e-07,2.688589346222514e-05,True
47,employed,50,6.0,x1,-0.14641102881748402,-0.007702080529945324,-5.619319875925364e-06,0.02336365735360646,-0.006586312354765599,-5.619319875925364e-06,0.01978362521617827,True
47,onlooker,26,4.0,x2,-0.07477447653650016,-2.788696321646978e-05,-1.9584946532296282e-05,9.641568654616961e-05,-2.788696321646978e-05,-2.323417722418337e-05,0.0001026999635418413,False
47,onlooker,34,31.0,x1,-0.891292224217886,-0.014031443430533813,2.5083960933065926e-06,0.04492102996911074,0.8554365302467962,2.5083960933065926e-06,2.7548190145142617,False
47,onlooker,5,19.0,x2,0.6853714458322113,-0.0001983404115798586,-0.000170460728475972,0.0007415281216549552,-0.0001983404115798586,-0.00026863258312210256,0.0009474367356436808,False
47,onlooker,44,16.0,x2,0.43778417048291285,-5.40504614038888e-06,-4.56128883369616e-06,2.0005307473258682e-05,-5.40504614038888e-06,-0.40288183543536976,2.731515684977254,False
47,onlooker,29,50.0,x2,-0.8107121754206166,9.769313308042983e-07,1.1519338751148425e-07,2.7823475901023187e-06,9.769313308042983e-07,-4.5338463352677824e-06,1.3118547443458084e-05,False
47,onlooker,28,31.0,x2,-0.3846628580977678,-4.8542962793647214e-05,2.8072987256309994e-10,0.00013736298027611227,-4.8542962793647214e-05,8.108421780456907e-06,0.00013926696210520007,False
47,onlooker,3,4.0,x2,-0.09276389159872367,-0.022318264586968978,0.00029781150003672756,0.07634280924984482,-0.022318264586968978,0.0002638413994920383,0.076341094812435,True
47,onlooker,36,35.0,x1,-0.6380603005563517,-2.5942691128006045e-05,0.00032540256938132597,0.0009261353211305057,-0.001370350009842019,0.00032540256938132597,0.00403653593037534,False
47,onlooker,44,19.0,x2,0.9287358039448357,-5.40504614038888e-06,-4.56128883369616e-06,2.0005307473258682e-05,-5.40504614038888e-06,1.6484362072790265e-05,4.9075209876736636e-05,False
47,onlooker,6,42.0,x1,0.8166763064908955,-8.12873138096688e-05,1.910322961183818e-05,0.00023636459613785021,-0.00013904178318056103,1.910322961183818e-05,0.00039748850033705097,False
47,onlooker,42,40.0,x1,-0.27737996919011,-1.056839015305835e-05,0.0006749879277579431,0.0019215232072693489,-3.233381265405717e-05,0.0006749879277579431,0.0019235032676943042,False
47,onlooker,37,29.0,x1,-0.1510417371375632,2.4077106867626234e-06,-1.4526862776920487e-05,4.165447724036042e-05,2.1916032873781143e-06,-1.4526862776920487e-05,4.1558881175962625e-05,True
47,onlooker,50,15.0,x1,-0.17371195562443176,-0.006586312354765599,-5.619319875925364e-06,0.01978362521617827,-0.005443079756917884,-5.619319875925364e-06,0.016184093075751083,True
47,onlooker,46,15.0,x2,-0.6946377157429244,0.0017974511469453147,-0.003616931228682542,0.011858180980820254,0.0017974511469453147,0.0007984351589174401,0.005665974370643756,True
47,onlooker,16,39.0,x2,0.719708019404532,-2.5819208343878646e-06,0.9202600378220214,2.602646647827545,-2.5819208343878646e-06,1.5825742611013858,5.6609252661987135,False
47,onlooker,6,32.0,x2,0.13457381118948586,-8.12873138096688e-05,1.910322961183818e-05,0.00023636459613785021,-8.12873138096688e-05,2.107175555320535e-05,0.0002377023421016311,False
47,onlooker,34,33.0,x2,0.9189349405330567,-0.014031443430533813,2.5083960933065926e-06,0.04492102996911074,-0.014031443430533813,-1.1415685675402356e-05,0.044921045765708545,False
47,onlooker,18,15.0,x1,0.1624505716436504,2.6315101622262484e-06,1.5911563561367253e-06,8.698124791539641e-06,3.889995951531166e-06,1.5911563561367253e-06,1.1887891294026787e-05,False
47,onlooker,22,25.0,x2,-0.8614460129910144,-0.000939774104273494,0.006832496805264352,0.02077328660018951,-0.000939774104273494,0.0009057826382253701,0.003737103547518661,True
47,onlooker,8,47.0,x1,-0.8634170966597565,5.410602347895738e-07,-1.0846613995662375e-07,1.5608055474736204e-06,-2.0540567164978146e-05,-1.0846613995662375e-07,5.8109542550699445e-05,False
47,onlooker,30,38.0,x1,-0.976272943118345,8.8453248710294e-06,-2.1647195607965676e-06,2.5758882320037202e-05,6.344900254240664e-07,-2.1647195607965676e-06,6.380473025036082e-06,True
47,onlooker,11,20.0,x2,0.013634894137336984,-3.4661248600782655e-07,4.663574638823451e-07,1.643491874592229e-06,-3.4661248600782655e-07,-2.2033021701599065e-05,6.233943712219414e-05,False
47,onlooker,18,33.0,x2,-0.5472049654985747,2.6315101622262484e-06,1.5911563561367253e-06,8.698124791539641e-06,2.6315101622262484e-06,1.0384550145392852e-05,3.0303383024676833e-05,False
47,onlooker,2,1.0,x2,-0.3089759761007316,-0.0015692515874486572,4.30124360634031e-05,0.004505802389453084,-0.0015692515874486572,3.023005449854256e-05,0.004504933978872305,True
47,onlooker,19,48.0,x1,-0.9104385749595274,-3.2849430052925136e-06,-2.722182460403508e-05,7.757354110582426e-05,3.5303177159116483e-06,-2.722182460403508e-05,7.765979004092927e-05,False
47,onlooker,27,30.0,x2,0.39855002379543913,-4.344376208273721e-06,-1.2962854803942875e-06,1.2823639199854853e-05,-4.344376208273721e-06,-9.501710569851885e-07,1.2578739422952623e-05,True
47,onlooker,33,1.0,x1,0.26371534681802333,-8.229178868820341e-05,1.7660809125541338e-05,0.0002382448037576701,-0.00010013851156016052,1.7660809125541338e-05,0.0002878809695023854,False
47,onlooker,17,39.0,x1,-0.6232692277286018,4.6566097888107113e-07,7.286348941144443e-06,2.0652370281926125e-05,-0.0006286457590060164,7.286348941144443e-06,0.0017887229387558712,False
47,onlooker,37,31.0,x2,0.30458177065494985,2.1916032873781143e-06,-1.4526862776920487e-05,4.1558881175962625e-05,2.1916032873781143e-06,-2.537171251386794e-05,7.204653664460992e-05,False
47,onlooker,9,34.0,x1,0.47395681728382977,-8.33884450339309e-06,9.742651398329275e-06,3.62761956691493e-05,0.006638007173529863,9.742651398329275e-06,0.01994804616918744,False
47,onlooker,25,17.0,x1,-0.6668903014236482,1.1879940288718177e-05,-4.7463259163739585e-05,0.0001384514314044516,4.267868119247198e-06,-4.7463259163739585e-05,0.00013484847388101073,True
47,onlooker,15,39.0,x1,-0.1811985509074885,-5.115374176632942e-06,0.0027394273270542253,0.007948104096378916,-0.00018700110786607033,0.0027394273270542253,0.00796705277779397,False
47,onlooker,36,38.0,x2,0.34834044824857924,-2.5942691128006045e-05,0.00032540256938132597,0.0009261353211305057,-2.5942691128006045e-05,0.0004448891426978689,0.0012657624782517196,False
47,onlooker,35,30.0,x2,0.036843957427427076,-0.0021329650486415002,3.3493747397188477e-05,0.006154852168823499,-0.0021329650486415002,3.4807546435715795e-05,0.006154914046750282,False
47,onlooker,10,43.0,x2,0.9285283449751907,-2.0607585719049357e-06,-3.74879985270233e-05,0.00010622969163209817,-2.0607585719049357e-06,-6.479804355458031e-05,0.00018348112504940062,False
47,onlooker,24,47.0,x2,0.9959890754465668,-2.514394007088565e-05,9.261879699375175e-06,7.580830773479263e-05,-2.514394007088565e-05,0.02197749033024538,0.07497233807841441,False
47,onlooker,25,37.0,x2,0.28758067650104513,4.267868119247198e-06,-4.7463259163739585e-05,0.00013484847388101073,4.267868119247198e-06,-5.69351303181676e-05,0.0001615754724260121,False
47,onlooker,12,3.0,x2,-0.09328937765108636,-1.6735037590963813e-06,5.124789746344829e-07,4.950434715045304e-06,-1.6735037590963813e-06,2.5078270087235474e-05,7.110663784759552e-05,False
47,onlooker,40,16.0,x1,0.5688774423863687,-8.903628588665866e-05,0.000126977249001873,0.0004392808932647263,-0.00013821822396073191,0.000126977249001873,0.0005318052595986167,False
47,onlooker,34,36.0,x1,-0.42851822324522004,-0.014031443430533813,2.5083960933065926e-06,0.04492102996911074,-0.00802983113802402,2.5083960933065926e-06,0.02442783018885253,True
47,onlooker,24,9.0,x2,-0.5068389438405472,-2.514394007088565e-05,9.261879699375175e-06,7.580830773479263e-05,-2.514394007088565e-05,9.505553519501496e-06,7.604940706373853e-05,False
47,onlooker,5,8.0,x1,-0.578973041408327,-0.0001983404115798586,-0.000170460728475972,0.0007415281216549552,-8.31934009635673e-05,-0.000170460728475972,0.0005374503607389336,True
47,onlooker,29,22.0,x1,-0.46612097486887594,9.769313308042983e-07,1.1519338751148425e-07,2.7823475901023187e-06,-0.00043752685849397587,1.1519338751148425e-07,0.0012426103318721182,False
47,onlooker,44,26.0,x2,0.8462189472715873,-5.40504614038888e-06,-4.56128883369616e-06,2.0005307473258682e-05,-5.40504614038888e-06,8.152014968181914e-06,2.7667669517672522e-05,False
47,onlooker,33,1.0,x2,0.8269513820313903,-8.229178868820341e-05,1.7660809125541338e-05,0.0002382448037576701,-8.229178868820341e-05,3.0907346466774535e-05,0.0002488372579816378,False
47,onlooker,44,32.0,x2,0.06954711146163595,-5.40504614038888e-06,-4.56128883369616e-06,2.0005307473258682e-05,-5.40504614038888e-06,-5.189762805630395e-06,2.119548706902563e-05,False
47,onlooker,23,25.0,x2,0.5384412816846995,1.1842283469422061e-06,6.7010311693734295e-06,1.9248303591457017e-05,1.1842283469422061e-06,3.5865321077876976e-05,0.00010153202011098372,False
47,onlooker,26,9.0,x1,-0.8836448656540146,-2.788696321646978e-05,-1.9584946532296282e-05,9.641568654616961e-05,-1.0613368482464398e-05,-1.9584946532296282e-05,6.30188462023007e-05,True
47,onlooker,7,14.0,x1,-0.26453175712058674,-7.05159572495158e-05,8.695265833786551e-05,0.00031698199970664476,-8.05559739766398e-05,8.695265833786551e-05,0.0003356355763775021,False
47,onlooker,45,12.0,x1,-0.36080288399493043,-1.3317340458699047e-05,-1.7915801943595279e-06,3.801126187186199e-05,-9.116210596716393e-06,-1.7915801943595279e-06,2.6280054076455173e-05,True
48,employed,1,12.0,x2,0.09148363741226673,-1.4617597226482245e-05,1.6422890177529816e-06,4.161069034624987e-05,-1.4617597226482245e-05,1.7456481500823717e-06,4.164435267428601e-05,False
48,employed,2,32.0,x1,0.06425506379432133,-0.0015692515874486572,3.023005449854256e-05,0.004504933978872305,-0.0016688119106883638,3.023005449854256e-05,0.004795068134165081,False
48,employed,3,48.0,x1,0.9907560353082485,-0.022318264586968978,0.0002638413994920383,0.076341094812435,-0.04443438183931871,0.0002638413994920383,0.1774103474657669,False
48,employed,4,43.0,x1,0.6105922897806044,-1.2172795092299418e-06,-6.838810585773487e-05,0.00019358599158580958,-1.2504942392505474e-06,-6.838810585773487e-05,0.0001935876884968657,False
48,employed,5,19.0,x2,0.15956701232399673,-8.31934009635673e-05,-0.000170460728475972,0.0005374503607389336,-8.31934009635673e-05,-0.00019331693241538114,0.0005964446120292344,False
48,employed,6,19.0,x2,0.5687116923474786,-8.12873138096688e-05,1.910322961183818e-05,0.00023636459613785021,-8.12873138096688e-05,4.544882959303616e-05,0.00026364277578894146,False
48,employed,7,10.0,x2,-0.5666565714107139,-7.05159572495158e-05,8.695265833786551e-05,0.00031698199970664476,-7.05159572495158e-05,1.6437542374710498e-05,0.00020493595248227692,True
48,employed,8,2.0,x2,0.21787934667598474,5.410602347895738e-07,-1.0846613995662375e-07,1.5608055474736204e-06,5.410602347895738e-07,-6.718603195788706e-06,1.9065810509477643e-05,False
48,employed,9,35.0,x2,-0.9932754275372424,-8.33884450339309e-06,9.742651398329275e-06,3.62761956691493e-05,-8.33884450339309e-06,3.333403143107423e-05,9.721966883491362e-05,False
48,employed,10,27.0,x2,-0.24625092302045215,-2.0607585719049357e-06,-3.74879985270233e-05,0.00010622969163209817,-2.0607585719049357e-06,-2.8490524787364386e-05,8.081562481665472e-05,True
48,employed,11,40.0,x2,-0.9222185080027132,-3.4661248600782655e-07,4.663574638823451e-07,1.643491874592229e-06,-3.4661248600782655e-07,0.00011713704310414116,0.0003316804137978302,False
48,employed,12,3.0,x1,0.24041819745175985,-1.6735037590963813e-06,5.124789746344829e-07,4.950434715045304e-06,0.00536364109773424,5.124789746344829e-07,0.015936548950432172,False
48,employed,13,30.0,x1,0.6621800459960205,-0.00011464215176279794,8.837430656241889e-07,0.0003246165985726357,-0.0001909760437243896,8.837430656241889e-07,0.0005411388120113436,False
48,employed,14,31.0,x1,0.8987416571830027,-0.00010846987566146378,-1.741580979204601e-05,0.00031104986895558184,-0.8643303127990439,-1.741580979204601e-05,2.7282719285958525,False
48,employed,15,17.0,x2,-0.20415718719039955,-5.115374176632942e-06,0.0027394273270542253,0.007948104096378916,-5.115374176632942e-06,0.002181641109955032,0.006297364902473124,True
48,employed,16,49.0,x2,-0.7849515132564437,-2.5819208343878646e-06,0.9202600378220214,2.602646647827545,-2.5819208343878646e-06,0.1979007970303054,1.3339926550609786,True
48,employed,17,40.0,x1,-0.9768625706791194,4.6566097888107113e-07,7.286348941144443e-06,2.0652370281926125e-05,-8.696544091697602e-05,7.286348941144443e-06,0.0002470400585292687,False
48,employed,18,25.0,x1,-0.693195325262651,2.6315101622262484e-06,1.5911563561367253e-06,8.698124791539641e-06,3.7658258484895124e-06,1.5911563561367253e-06,1.1563566723271634e-05,False
48,employed,19,31.0,x1,0.5963399394156561,-3.2849430052925136e-06,-2.722182460403508e-05,7.757354110582426e-05,-0.5733756471609266,-2.722182460403508e-05,3.2224330595790858,False
48,employed,20,2.0,x2,-0.6724545468165095,3.457756181032834e-06,0.001650598653238035,0.004741155312235623,3.457756181032834e-06,0.000560974421496967,0.0015950854510333734,True
48,employed,21,17.0,x1,-0.48840206828865207,-0.00010125599132268265,-6.159011658225671e-06,0.0002871985333467997,-5.15749259488598e-05,-6.159011658225671e-06,0.00014698423408932015,True
48,employed,22,19.0,x2,0.9037365996349036,-0.000939774104273494,0.0009057826382253701,0.003737103547518661,-0.000939774104273494,0.0017489729189070066,0.00572071876457203,False
48,employed,23,5.0,x2,-0.1534357826684558,1.1842283469422061e-06,6.7010311693734295e-06,1.9248303591457017e-05,1.1842283469422061e-06,-2.0481922080730996e-05,5.803958254846364e-05,False
48,employed,24,23.0,x1,-0.43931589634167456,-2.514394007088565e-05,9.261879699375175e-06,7.580830773479263e-05,-1.3577557163373038e-05,9.261879699375175e-06,4.649439349835305e-05,True
48,employed,25,14.0,x2,0.4295043234986413,4.267868119247198e-06,-4.7463259163739585e-05,0.00013484847388101073,4.267868119247198e-06,-6.036876857898851e-05,0.00017127236181524452,False
48,employed,26,32.0,x1,0.6256640394663062,-1.0613368482464398e-05,-1.9584946532296282e-05,6.30188462023007e-05,-4.867694034391982e-06,-1.9584946532296282e-05,5.709075900783844e-05,True
48,employed,27,20.0,x1,0.2134220539593461,-4.344376208273721e-06,-9.501710569851885e-07,1.2578739422952623e-05,-6.009523328062266e-06,-9.501710569851885e-07,1.720963369011841e-05,False
48,employed,28,45.0,x1,0.702656943432771,-4.8542962793647214e-05,2.8072987256309994e-10,0.00013736298027611227,-7.624644398182391e-05,2.8072987256309994e-10,0.000215812314870778,False
48,employed,29,47.0,x1,-0.46204995494355017,9.769313308042983e-07,1.1519338751148425e-07,2.7823475901023187e-06,-1.0506107679552638e-05,1.1519338751148425e-07,2.9720485621442805e-05,False
48,employed,30,50.0,x1,0.6327798309428332,6.344900254240664e-07,-2.1647195607965676e-06,6.380473025036082e-06,0.0034453070709073033,-2.1647195607965676e-06,0.010060853775897716,False
48,employed,31,40.0,x2,0.33515720191731857,0.9614824789985473,2.1078845711895178e-05,2.5820176859510515,0.9614824789985473,-1.4413766822285553e-05,2.5820176793925964,True
48,employed,32,50.0,x2,-0.11687354390703919,-1.9796690658010077e-05,4.475376510498887e-06,5.7417446634122626e-05,-1.9796690658010077e-05,3.2955735691519026e-06,5.677478176524531e-05,True
48,employed,33,38.0,x2,0.39762257597704287,-8.229178868820341e-05,1.7660809125541338e-05,0.0002382448037576701,-8.229178868820341e-05,3.1686901309148905e-05,0.0002496223495467298,False
48,employed,34,37.0,x2,0.5029296283385134,-0.00802983113802402,2.5083960933065926e-06,0.02442783018885253,-0.00802983113802402,1.1075932505560262e-05,0.0244278537835787,False
48,employed,35,10.0,x2,-0.3018970605951954,-0.0021329650486415002,3.3493747397188477e-05,0.006154852168823499,-0.0021329650486415002,1.4780877821539437e-05,0.006154229209088147,True
48,employed,36,20.0,x2,0.49599962795992414,-2.5942691128006045e-05,0.00032540256938132597,0.0009261353211305057,-2.5942691128006045e-05,0.00020855901837413775,0.0005956163275020465,True
48,employed,37,36.0,x2,0.6667324104714385,2.1916032873781143e-06,-1.4526862776920487e-05,4.1558881175962625e-05,2.1916032873781143e-06,-0.0001632654500589104,0.0004625359535705975,False
48,employed,38,40.0,x1,0.19206775877882154,4.3493625636715244e-07,-1.761407975405129e-05,4.984359347703915e-05,1.7619473368580193e-05,-1.761407975405129e-05,7.048363534112312e-05,False
48,employed,39,7.0,x2,0.27091051846473024,-0.001008907803964329,5.982813232835258e-06,0.0028807779861144134,-0.001008907803964329,3.150517140601512e-06,0.002880741037405432,True
48,employed,40,45.0,x2,0.28634872677946244,-8.903628588665866e-05,0.000126977249001873,0.0004392808932647263,-8.903628588665866e-05,0.00016385003929109625,0.0005283673201401662,False
48,employed,41,45.0,x1,0.9981060362737988,-0.005578980961806125,4.160115046650838e-06,0.01660834250725829,-0.011138296591216897,4.160115046650838e-06,0.03480404152503924,False
48,employed,42,18.0,x1,0.4465793886957019,-1.056839015305835e-05,0.0006749879277579431,0.0019215232072693489,-1.6463193566702348e-05,0.0006749879277579431,0.0019218612367635224,False
48,employed,43,27.0,x1,-0.09005639858366887,-1.1628819503735401e-06,-8.075816146864832e-06,2.3079225027533568e-05,-1.4493958653546527e-06,-8.075816146864832e-06,2.320861139937236e-05,False
48,employed,44,12.0,x1,-0.508170808008138,-5.40504614038888e-06,-4.56128883369616e-06,2.0005307473258682e-05,-3.5087852333708593e-06,-4.56128883369616e-06,1.6277719293800175e-05,True
48,employed,45,10.0,x1,0.26296701299788294,-9.116210596716393e-06,-1.7915801943595279e-06,2.6280054076455173e-05,-1.0971561741030928e-05,-1.7915801943595279e-06,3.1446563803161354e-05,False
48,employed,46,7.0,x1,-0.1372270603658985,0.0017974511469453147,0.0007984351589174401,0.005665974370643756,0.0015411155123764581,0.0007984351589174401,0.0049894214113774815,True
48,employed,47,26.0,x2,-0.12353104562206041,-2.3875444234863377e-05,-0.022047434315182295,0.07525150550831272,-2.3875444234863377e-05,-0.019326311049867716,0.06457834092846726,True
48,employed,48,42.0,x2,-0.11366128041227941,4.200746758574453e-06,2.5562309508778277e-06,1.39090844943901e-05,4.200746758574453e-06,7.898567859977052e-05,0.0002238875609248403,False
48,employed,49,5.0,x1,0.9843990823452946,-9.498591862671804e-06,3.420416513304489e-07,2.688589346222514e-05,6.304651058986139e-05,3.420416513304489e-07,0.00017843093215264005,False
48,employed,50,42.0,x1,0.32008697081199955,-0.005443079756917884,-5.619319875925364e-06,0.016184093075751083,-0.007181955864207393,-5.619319875925364e-06,0.021686566641140548,False
48,onlooker,39,7.0,x1,0.5318295882063495,-0.001008907803964329,3.150517140601512e-06,0.002880741037405432,-0.001507972353378864,3.150517140601512e-06,0.004325750760781677,False
48,onlooker,11,25.0,x1,-0.6440344213514329,-3.4661248600782655e-07,4.663574638823451e-07,1.643491874592229e-06,2.6252718604350027e-06,4.663574638823451e-07,7.54182925932767e-06,False
48,onlooker,38,13.0,x2,-0.49358316301661453,4.3493625636715244e-07,-1.761407975405129e-05,4.984359347703915e-05,4.3493625636715244e-07,-8.483865857794954e-06,2.4029430779837213e-05,True
48,onlooker,6,37.0,x2,-0.4083107384382443,-8.12873138096688e-05,1.910322961183818e-05,0.00023636459613785021,-8.12873138096688e-05,5.37170175483775e-06,0.0002305934292974321,True
48,onlooker,26,17.0,x1,0.5494025176444666,-4.867694034391982e-06,-1.9584946532296282e-05,5.709075900783844e-05,-7.797852706175934e-06,-1.9584946532296282e-05,5.963576362377765e-05,False
48,onlooker,12,48.0,x2,-0.35732005022058466,-1.6735037590963813e-06,5.124789746344829e-07,4.950434715045304e-06,-1.6735037590963813e-06,1.242752533424174e-06,5.89590992605693e-06,False
48,onlooker,6,13.0,x2,-0.8521181418656496,-8.12873138096688e-05,5.37170175483775e-06,0.0002305934292974321,-8.12873138096688e-05,1.5474307358152938e-06,0.00023013291314244455,True
48,onlooker,24,13.0,x2,0.7720920888897527,-1.3577557163373038e-05,9.261879699375175e-06,4.649439349835305e-05,-1.3577557163373038e-05,1.5730572713931733e-05,5.878570858230958e-05,False
48,onlooker,26,12.0,x1,-0.09745934019011715,-4.867694034391982e-06,-1.9584946532296282e-05,5.709075900783844e-05,-4.556390357719984e-06,-1.9584946532296282e-05,5.688472019871327e-05,True
48,onlooker,10,9.0,x1,-0.398687059733112,-2.0607585719049357e-06,-2.8490524787364386e-05,8.081562481665472e-05,-4.563750192681763e-06,-2.8490524787364386e-05,8.163284579909558e-05,False
48,onlooker,6,11.0,x2,0.8760937459908438,-8.12873138096688e-05,1.5474307358152938e-06,0.00023013291314244455,-8.12873138096688e-05,2.4945522683136087e-06,0.0002301995961677683,False
48,onlooker,34,47.0,x2,-0.4863061170644325,-0.00802983113802402,2.5083960933065926e-06,0.02442783018885253,-0.00802983113802402,-0.009397214736111494,0.03902552899327505,False
48,onlooker,43,18.0,x2,-0.7116100377550287,-1.1628819503735401e-06,-8.075816146864832e-06,2.3079225027533568e-05,-1.1628819503735401e-06,-1.1967014790270685e-06,4.71972570936785e-06,True
48,onlooker,41,3.0,x2,-0.19029432213006747,-0.005578980961806125,4.160115046650838e-06,0.01660834250725829,-0.005578980961806125,5.3575989040051085e-05,0.016609141666134253,False
48,onlooker,42,31.0,x1,0.03613139079938632,-1.056839015305835e-05,0.0006749879277579431,0.0019215232072693489,-0.03475064943624706,0.0006749879277579431,0.1301579255846801,False
48,onlooker,18,4.0,x2,0.9819439720717975,2.6315101622262484e-06,1.5911563561367253e-06,8.698124791539641e-06,2.6315101622262484e-06,7.030687105707966e-05,0.0001991289146805464,False
48,onlooker,9,14.0,x1,-0.5281684750107645,-8.33884450339309e-06,9.742651398329275e-06,3.62761956691493e-05,-6.122489853140662e-05,9.742651398329275e-06,0.0001754513090159726,False
48,onlooker,46,38.0,x1,-0.08534040112132679,0.0015411155123764581,0.0007984351589174401,0.0049894214113774815,0.0014096332140105328,0.0007984351589174401,0.004652082153203896,True
48,onlooker,48,3.0,x1,0.7873407624433042,4.200746758574453e-06,2.5562309508778277e-06,1.39090844943901e-05,0.01757958762222985,2.5562309508778277e-06,0.05793088319985573,False
48,onlooker,4,21.0,x2,-0.8919902432470206,-1.2172795092299418e-06,-6.838810585773487e-05,0.00019358599158580958,-1.2172795092299418e-06,-1.2880360985672905e-05,3.6597950451966454e-05,True
48,onlooker,50,45.0,x1,0.1695979104924623,-0.005443079756917884,-5.619319875925364e-06,0.016184093075751083,-0.006364668620066165,-5.619319875925364e-06,0.019080338324379387,False
48,onlooker,11,15.0,x2,-0.10091326788575938,-3.4661248600782655e-07,4.663574638823451e-07,1.643491874592229e-06,-3.4661248600782655e-07,0.00022057582956767663,0.0006251790009170755,False
48,onlooker,17,2.0,x2,0.31251201623426916,4.6566097888107113e-07,7.286348941144443e-06,2.0652370281926125e-05,4.6566097888107113e-07,1.1616525751655152e-07,1.3574581996245172e-06,True
48,onlooker,32,46.0,x2,-0.04629191978909919,-1.9796690658010077e-05,3.2955735691519026e-06,5.677478176524531e-05,-1.9796690658010077e-05,4.0104111475232454e-05,0.00012655223467605836,False
48,onlooker,18,27.0,x2,-0.6106100182083207,2.6315101622262484e-06,1.5911563561367253e-06,8.698124791539641e-06,2.6315101622262484e-06,3.939637813704886e-08,7.444053221394853e-06,True
48,onlooker,32,39.0,x1,-0.6930765732486157,-1.9796690658010077e-05,3.2955735691519026e-06,5.677478176524531e-05,-0.0007053264316304768,3.2955735691519026e-06,0.0020082336480453655,False
48,onlooker,17,44.0,x2,0.011063497267643774,4.6566097888107113e-07,1.1616525751655152e-07,1.3574581996245172e-06,4.6566097888107113e-07,1.6791425807421254e-07,1.4001075077096914e-06,False
48,onlooker,27,37.0,x2,0.15578563044265303,-4.344376208273721e-06,-9.501710569851885e-07,1.2578739422952623e-05,-4.344376208273721e-06,1.1648824219304794e-06,1.2722348543992013e-05,False
48,onlooker,4,41.0,x2,0.8456720744969355,-1.2172795092299418e-06,-1.2880360985672905e-05,3.6597950451966454e-05,-1.2172795092299418e-06,-2.729101570234343e-05,7.728726808808872e-05,False
48,onlooker,3,7.0,x2,0.4039504044149609,-0.022318264586968978,0.0002638413994920383,0.076341094812435,-0.022318264586968978,0.0003637802876284041,0.07634673096186662,False
48,onlooker,30,19.0,x2,0.07849729788074278,6.344900254240664e-07,-2.1647195607965676e-06,6.380473025036082e-06,6.344900254240664e-07,-1.9780452218841203e-07,1.8798079648441046e-06,True
48,onlooker,36,25.0,x1,-0.7196233507287015,-2.5942691128006045e-05,0.00020855901837413775,0.0005956163275020465,-4.202467255109707e-06,0.00020855901837413775,0.0005911724481895142,True
48,onlooker,5,23.0,x1,0.8457695156976675,-8.31934009635673e-05,-0.000170460728475972,0.0005374503607389336,-0.0001545574276412342,-0.000170460728475972,0.0006522238381880818,False
48,onlooker,28,18.0,x1,0.8174123390420709,-4.8542962793647214e-05,2.8072987256309994e-10,0.00013736298027611227,-9.037360843175293e-05,2.8072987256309994e-10,0.00025583264967155017,False
48,onlooker,20,26.0,x1,-0.7670013387425576,3.457756181032834e-06,0.000560974421496967,0.0015950854510333734,-2.689104943069611e-06,0.000560974421496967,0.0015950734142262668,True
48,onlooker,38,35.0,x1,0.588487985718658,4.3493625636715244e-07,-8.483865857794954e-06,2.4029430779837213e-05,0.0012559151961011286,-8.483865857794954e-06,0.0035943485744565074,False
48,onlooker,17,23.0,x1,-0.6633165769456033,4.6566097888107113e-07,1.1616525751655152e-07,1.3574581996245172e-06,9.422986257681947e-07,1.1616525751655152e-07,2.6854231411910234e-06,False
48,onlooker,49,5.0,x1,0.2980266073496145,-9.498591862671804e-06,3.420416513304489e-07,2.688589346222514e-05,1.2464422072945572e-05,3.420416513304489e-07,3.5272121103435694e-05,False
48,onlooker,36,8.0,x2,-0.26935358833902034,-4.202467255109707e-06,0.00020855901837413775,0.0005911724481895142,-4.202467255109707e-06,0.00015235368265058947,0.00043170375039425224,True
48,onlooker,3,29.0,x1,0.9898762856472483,-0.022318264586968978,0.0002638413994920383,0.076341094812435,-0.04441155247956742,0.0002638413994920383,0.17729349916509252,False
48,onlooker,22,50.0,x1,-0.747549152382075,-0.000939774104273494,0.0009057826382253701,0.003737103547518661,-0.004306216427825214,0.0009057826382253701,0.012961897231808184,False
48,onlooker,20,46.0,x1,0.7533909633149443,-2.689104943069611e-06,0.000560974421496967,0.0015950734142262668,-0.00106671997733072,0.000560974421496967,0.0034475900033439366,False
48,onlooker,17,35.0,x1,0.7723203431155814,4.6566097888107113e-07,1.1616525751655152e-07,1.3574581996245172e-06,0.0016481575986462124,1.1616525751655152e-07,0.004734026003017977,False
48,onlooker,39,31.0,x1,-0.6948487708799549,-0.001008907803964329,3.150517140601512e-06,0.002880741037405432,0.6677770492983042,3.150517140601512e-06,3.2326796005677925,False
48,onlooker,4,32.0,x2,0.0005513313782161688,-1.2172795092299418e-06,-1.2880360985672905e-05,3.6597950451966454e-05,-1.2172795092299418e-06,-1.2889279285964951e-05,3.662306951257577e-05,False
48,onlooker,12,16.0,x2,-0.21582564559717987,-1.6735037590963813e-06,5.124789746344829e-07,4.950434715045304e-06,-1.6735037590963813e-06,0.042712469156131194,0.16866358694072092,False
48,onlooker,25,20.0,x1,-0.2254166558280668,4.267868119247198e-06,-4.7463259163739585e-05,0.00013484847388101073,2.6996505168537976e-06,-4.7463259163739585e-05,0.0001345235320582283,True
48,onlooker,6,44.0,x1,0.21830816355618854,-8.12873138096688e-05,1.5474307358152938e-06,0.00023013291314244455,-9.826700154726293e-05,1.5474307358152938e-06,0.0002782327096579884,False
48,onlooker,8,22.0,x2,-0.166568175940909,5.410602347895738e-07,-1.0846613995662375e-07,1.5608055474736204e-06,5.410602347895738e-07,0.00015078416271527149,0.0004270901881011646,False
48,onlooker,30,31.0,x1,0.29044427395952477,6.344900254240664e-07,-1.9780452218841203e-07,1.8798079648441046e-06,-0.2792562617635169,-1.9780452218841203e-07,1.9880263287543625,False
49,employed,1,36.0,x1,-0.7932919077419671,-1.4617597226482245e-05,1.6422890177529816e-06,4.161069034624987e-05,-6.355358902111585e-06,1.6422890177529816e-06,1.8567288578186236e-05,True
49,employed,2,16.0,x1,-0.9653043616546553,-0.0015692515874486572,3.023005449854256e-05,0.004504933978872305,-5.6938524993858366e-05,3.023005449854256e-05,0.00018244775408549074,True
49,employed,3,24.0,x2,-0.1411398443394254,-0.022318264586968978,0.0002638413994920383,0.076341094812435,-0.022318264586968978,0.00022791008569649618,0.07633950706558368,True
49,employed,4,37.0,x2,-0.6657661067842777,-1.2172795092299418e-06,-1.2880360985672905e-05,3.6597950451966454e-05,-1.2172795092299418e-06,-1.3976546073045147e-05,3.9686532407490205e-05,False
49,employed,5,32.0,x2,-0.38661160413969564,-8.31934009635673e-05,-0.000170460728475972,0.0005374503607389336,-8.31934009635673e-05,-0.00010328452581292518,0.000375582587036849,True
49,employed,6,20.0,x1,0.43857372474290823,-8.12873138096688e-05,1.5474307358152938e-06,0.00023013291314244455,-0.00011575842303041429,1.5474307358152938e-06,0.00032780040045965464,False
49,employed,7,4.0,x2,-0.314434222137675,-7.05159572495158e-05,1.6437542374710498e-05,0.00020493595248227692,-7.05159572495158e-05,7.218990236880813e-06,0.00020062547383448148,True
49,employed,8,21.0,x2,0.4314986237033376,5.410602347895738e-07,-1.0846613995662375e-07,1.5608055474736204e-06,5.410602347895738e-07,2.5023359238308675e-06,7.241407168567804e-06,False
49,employed,9,11.0,x1,0.8948259873809261,-8.33884450339309e-06,9.742651398329275e-06,3.62761956691493e-05,-1.5490501409727305e-05,9.742651398329275e-06,5.176796586470189e-05,False
49,employed,10,50.0,x1,0.6378202816401106,-2.0607585719049357e-06,-2.8490524787364386e-05,8.081562481665472e-05,0.0034683315113623204,-2.8490524787364386e-05,0.010130565203614328,False
49,employed,11,16.0,x2,0.3277333081457092,-3.4661248600782655e-07,4.663574638823451e-07,1.643491874592229e-06,-3.4661248600782655e-07,-0.06485806369707624,0.29166183436013116,False
49,employed,12,5.0,x2,0.7425586314130213,-1.6735037590963813e-06,5.124789746344829e-07,4.950434715045304e-06,-1.6735037590963813e-06,7.758784079445561e-05,0.00021966296900233218,False
49,employed,13,27.0,x1,-0.6471216673604285,-0.00011464215176279794,8.837430656241889e-07,0.0003246165985726357,-4.326607133980791e-05,8.837430656241889e-07,0.00012245032310476134,True
49,employed,14,18.0,x1,0.6014854889759496,-0.00010846987566146378,-1.741580979204601e-05,0.00031104986895558184,-0.00017529574703953162,-1.741580979204601e-05,0.0004990785490446292,False
49,employed,15,44.0,x1,0.039426773868846965,-5.115374176632942e-06,0.002181641109955032,0.006297364902473124,-5.178716795599126e-06,0.002181641109955032,0.006297365342519345,False
49,employed,16,25.0,x2,0.5014694931065187,-2.5819208343878646e-06,0.1979007970303054,1.3339926550609786,-2.5819208343878646e-06,0.2971658107789827,2.116645128195739,False
49,employed,17,42.0,x1,0.5296936247916411,4.6566097888107113e-07,1.1616525751655152e-07,1.3574581996245172e-06,6.310327519094373e-06,1.1616525751655152e-07,1.7852386207994897e-05,False
49,employed,18,20.0,x1,0.2838515232186387,2.6315101622262484e-06,3.939637813704886e-08,7.444053221394853e-06,4.141774864324576e-06,3.939637813704886e-08,1.1715695148684091e-05,False
49,employed,19,44.0,x2,-0.6964787319051609,-3.2849430052925136e-06,-2.722182460403508e-05,7.757354110582426e-05,-3.2849430052925136e-06,-1.1439243386417892e-05,3.3666468077786504e-05,True
49,employed,20,21.0,x2,-0.8867622322494706,-2.689104943069611e-06,0.000560974421496967,0.0015950734142262668,-2.689104943069611e-06,5.806191232896247e-05,0.0001644898874819667,True
49,employed,21,22.0,x1,0.5445641678372979,-5.15749259488598e-05,-6.159011658225671e-06,0.00014698423408932015,0.00043210652046926634,-6.159011658225671e-06,0.0012272788932432555,False
49,employed,22,10.0,x2,0.08377430224876736,-0.000939774104273494,0.0009057826382253701,0.003737103547518661,-0.000939774104273494,0.0009840507205665107,0.003897971205184536,False
49,employed,23,2.0,x2,0.7952999814633164,1.1842283469422061e-06,6.7010311693734295e-06,1.9248303591457017e-05,1.1842283469422061e-06,-1.2011600648164718e-05,3.414253146560853e-05,False
49,employed,24,42.0,x1,0.04881838357413182,-1.3577557163373038e-05,9.261879699375175e-06,4.649439349835305e-05,-1.3724459832721204e-05,9.261879699375175e-06,4.6838333564114265e-05,False
49,employed,25,36.0,x2,-0.7921676702622822,2.6996505168537976e-06,-4.7463259163739585e-05,0.0001345235320582283,2.6996505168537976e-06,0.00011082526211225146,0.00031388141546928594,False
49,employed,26,43.0,x1,0.43052306214354275,-4.556390357719984e-06,-1.9584946532296282e-05,5.688472019871327e-05,-6.017373988660631e-06,-1.9584946532296282e-05,5.7961427061048454e-05,False
49,employed,27,6.0,x2,0.961378570237555,-4.344376208273721e-06,-9.501710569851885e-07,1.2578739422952623e-05,-4.344376208273721e-06,-3.35131189757047e-06,1.551979544389681e-05,False
49,employed,28,2.0,x1,0.2570217251855471,-4.8542962793647214e-05,2.8072987256309994e-10,0.00013736298027611227,-4.638512091304638e-05,2.8072987256309994e-10,0.00013125422722071178,True
49,employed,29,9.0,x2,0.43851529843907344,9.769313308042983e-07,1.1519338751148425e-07,2.7823475901023187e-06,9.769313308042983e-07,-4.106594235311928e-06,1.1939824894557916e-05,False
49,employed,30,4.0,x1,-0.8377982343137678,6.344900254240664e-07,-1.9780452218841203e-07,1.8798079648441046e-06,-9.16919221065089e-07,-1.9780452218841203e-07,2.6531234813553795e-06,False
49,employed,31,23.0,x1,0.9880189308038259,0.9614824789985473,-1.4413766822285553e-05,2.5820176793925964,1.911444199845279,-1.4413766822285553e-05,4.934758652305135,False
49,employed,32,14.0,x2,0.22505632151304522,-1.9796690658010077e-05,3.2955735691519026e-06,5.677478176524531e-05,-1.9796690658010077e-05,7.956801321869595e-06,6.0359095052309186e-05,False
49,employed,33,26.0,x1,0.6842392193008751,-8.229178868820341e-05,1.7660809125541338e-05,0.0002382448037576701,-0.00013548139695389593,1.7660809125541338e-05,0.00038693840889481024,False
49,employed,34,15.0,x1,0.10988876142297244,-0.00802983113802402,2.5083960933065926e-06,0.02442783018885253,-0.008911657214084613,2.5083960933065926e-06,0.027319351693084304,False
49,employed,35,48.0,x1,-0.3348283833278849,-0.0021329650486415002,1.4780877821539437e-05,0.006154229209088147,-0.0014173812804640401,1.4780877821539437e-05,0.004062678174630907,True
49,employed,36,22.0,x1,0.7776266290073428,-4.202467255109707e-06,0.00015235368265058947,0.00043170375039425224,0.0007233229510343778,0.00015235368265058947,0.00210530618132454,False
49,employed,37,17.0,x2,-0.23865247073236895,2.1916032873781143e-06,-1.4526862776920487e-05,4.1558881175962625e-05,2.1916032873781143e-06,-1.1032267957498745e-05,3.181708430277652e-05,True
49,employed,38,15.0,x1,0.6190627506501458,4.3493625636715244e-07,-8.483865857794954e-06,2.4029430779837213e-05,3.870926699982393e-06,-8.483865857794954e-06,2.6378070139276844e-05,False
49,employed,39,47.0,x2,0.26219776133381134,-0.001008907803964329,3.150517140601512e-06,0.002880741037405432,-0.001008907803964329,0.005071292067798127,0.015336663926199368,False
49,employed,40,31.0,x2,-0.2199927605736498,-8.903628588665866e-05,0.000126977249001873,0.0004392808932647263,-8.903628588665866e-05,9.587224911040377e-05,0.00037052555496730477,True
49,employed,41,1.0,x1,-0.6521248023528534,-0.005578980961806125,4.160115046650838e-06,0.01660834250725829,-0.0019449335919258948,4.160115046650838e-06,0.0056018417808272325,True
49,employed,42,8.0,x1,-0.7682359943739265,-1.056839015305835e-05,0.0006749879277579431,0.0019215232072693489,-2.033710487402197e-06,0.0006749879277579431,0.0019212950119542604,True
49,employed,43,33.0,x1,-0.7273020952524047,-1.1628819503735401e-06,-1.1967014790270685e-06,4.71972570936785e-06,-6.016810580633414e-05,-1.1967014790270685e-06,0.00017031119783128545,False
49,employed,44,5.0,x2,-0.23483698687628363,-3.5087852333708593e-06,-4.56128883369616e-06,1.6277719293800175e-05,-3.5087852333708593e-06,-2.7745156340571602e-05,7.912102968221646e-05,False
49,employed,45,13.0,x1,-0.7082789087282355,-9.116210596716393e-06,-1.7915801943595279e-06,2.6280054076455173e-05,-3.3303836697054464e-05,-1.7915801943595279e-06,9.436329598644377e-05,False
49,employed,46,8.0,x2,-0.48758858643446845,0.0014096332140105328,0.0007984351589174401,0.004652082153203896,0.0014096332140105328,0.0004090744015694478,0.004208904643615785,True
49,employed,47,27.0,x2,0.5161912001825026,-2.3875444234863377e-05,-0.019326311049867716,0.06457834092846726,-2.3875444234863377e-05,-0.02930189227586101,0.105579916213419,False
49,employed,48,42.0,x2,0.5028356994777003,4.200746758574453e-06,2.5562309508778277e-06,1.39090844943901e-05,4.200746758574453e-06,-0.00033556643166407973,0.0009521985132505684,False
49,employed,49,31.0,x1,0.8152491550389664,-9.498591862671804e-06,3.420416513304489e-07,2.688589346222514e-05,-0.7838650208991894,3.420416513304489e-07,2.9845845626156167,False
49,employed,50,26.0,x1,0.26671368170738274,-0.005443079756917884,-5.619319875925364e-06,0.016184093075751083,-0.006893608347064775,-5.619319875925364e-06,0.020763009942893706,False
49,onlooker,21,17.0,x1,-0.3365764410774932,-5.15749259488598e-05,-6.159011658225671e-06,0.00014698423408932015,-3.405929040913686e-05,-6.159011658225671e-06,9.792852656120843e-05,True
49,onlooker,8,41.0,x2,-0.8892638313329124,5.410602347895738e-07,-1.0846613995662375e-07,1.5608055474736204e-06,5.410602347895738e-07,3.6874287204015174e-06,1.0541670260710845e-05,False
49,onlooker,35,44.0,x2,-0.005143306029265604,-0.0014173812804640401,1.4780877821539437e-05,0.004062678174630907,-0.0014173812804640401,1.4681395139162503e-05,0.004062675172303631,True
49,onlooker,4,22.0,x2,-0.3135467942353003,-1.2172795092299418e-06,-1.2880360985672905e-05,3.6597950451966454e-05,-1.2172795092299418e-06,0.00027516347739953585,0.0007803036623212911,False
49,onlooker,50,34.0,x2,0.44271960965783985,-0.005443079756917884,-5.619319875925364e-06,0.016184093075751083,-0.005443079756917884,-9.217619117233527e-06,0.016184108368083816,False
49,onlooker,26,36.0,x1,0.4451419534443364,-4.556390357719984e-06,-1.9584946532296282e-05,5.688472019871327e-05,-4.713936378985002e-06,-1.9584946532296282e-05,5.6987385090412346e-05,False
49,onlooker,4,12.0,x2,-0.9740648891422279,-1.2172795092299418e-06,-1.2880360985672905e-05,3.6597950451966454e-05,-1.2172795092299418e-06,1.6513418556351168e-07,3.474563115890561e-06,True
49,onlooker,26,44.0,x1,0.21910906939065677,-4.556390357719984e-06,-1.9584946532296282e-05,5.688472019871327e-05,-4.785930141605004e-06,-1.9584946532296282e-05,5.703539798362911e-05,False
49,onlooker,25,47.0,x2,-0.6555629779564922,2.6996505168537976e-06,-4.7463259163739585e-05,0.0001345235320582283,2.6996505168537976e-06,-0.01268596212840758,0.04016103047401787,False
49,onlooker,4,46.0,x1,0.8055635098376266,-1.2172795092299418e-06,1.6513418556351168e-07,3.474563115890561e-06,-0.0011377469549251576,1.6513418556351168e-07,0.0032525035987949202,False
49,onlooker,35,13.0,x2,0.9395280494087415,-0.0014173812804640401,1.4681395139162503e-05,0.004062675172303631,-0.0014173812804640401,2.7644676278234434e-05,0.004063237174371626,False
49,onlooker,39,34.0,x1,-0.5541773519691044,-0.001008907803964329,3.150517140601512e-06,0.002880741037405432,-0.004899744505611625,3.150517140601512e-06,0.014497727748498779,False
49,onlooker,26,42.0,x2,0.720520449464572,-4.556390357719984e-06,-1.9584946532296282e-05,5.688472019871327e-05,-4.556390357719984e-06,-0.0005200389061017992,0.0014781505300196507,False
49,onlooker,28,26.0,x1,0.39536765661528106,-4.638512091304638e-05,2.8072987256309994e-10,0.00013125422722071178,-6.292284809189778e-05,2.8072987256309994e-10,0.00017807811959658082,False
49,onlooker,27,21.0,x2,-0.8291619771512226,-4.344376208273721e-06,-9.501710569851885e-07,1.2578739422952623e-05,-4.344376208273721e-06,-5.269143628575309e-06,1.9317034219756835e-05,False
49,onlooker,7,39.0,x2,-0.9506718707514639,-7.05159572495158e-05,7.218990236880813e-06,0.00020062547383448148,-7.05159572495158e-05,3.3512073073389696e-06,0.00019980705983302371,True
49,onlooker,3,46.0,x1,0.4079942269093697,-0.022318264586968978,0.00022791008569649618,0.07633950706558368,-0.031999109906464145,0.00022791008569649618,0.11754722547108232,False
49,onlooker,1,17.0,x2,0.5266369211910895,-6.355358902111585e-06,1.6422890177529816e-06,1.8567288578186236e-05,-6.355358902111585e-06,2.4460021362004636e-06,1.9262286376164894e-05,False
49,onlooker,21,24.0,x2,-0.08240187790788922,-3.405929040913686e-05,-6.159011658225671e-06,9.792852656120843e-05,-3.405929040913686e-05,-4.888301251345822e-06,9.735288052015179e-05,True
49,onlooker,10,37.0,x1,-0.7939873389572607,-2.0607585719049357e-06,-2.8490524787364386e-05,8.081562481665472e-05,1.3155629050305624e-06,-2.8490524787364386e-05,8.069089678430785e-05,True
49,onlooker,26,9.0,x2,-0.906934380845688,-4.556390357719984e-06,-1.9584946532296282e-05,5.688472019871327e-05,-4.556390357719984e-06,7.013260338606889e-06,2.365713912455547e-05,True
49,onlooker,8,44.0,x2,-0.6477046704390776,5.410602347895738e-07,-1.0846613995662375e-07,1.5608055474736204e-06,5.410602347895738e-07,-2.9925801953288358e-06,8.601772830463261e-06,False
49,onlooker,14,7.0,x1,0.4710902033155173,-0.00010846987566146378,-1.741580979204601e-05,0.00031104986895558184,-0.0001263495948027689,-1.741580979204601e-05,0.0003611827367007159,False
49,onlooker,23,48.0,x1,0.3286491644958047,1.1842283469422061e-06,6.7010311693734295e-06,1.9248303591457017e-05,1.9285209127305616e-07,6.7010311693734295e-06,1.896242254462166e-05,True
49,onlooker,27,34.0,x2,-0.9191492335806717,-4.344376208273721e-06,-9.501710569851885e-07,1.2578739422952623e-05,-4.344376208273721e-06,2.2287682884927897e-06,1.381106936948484e-05,False
49,onlooker,48,47.0,x2,-0.44772026288894073,4.200746758574453e-06,2.5562309508778277e-06,1.39090844943901e-05,4.200746758574453e-06,-0.008651369309362668,0.026461573366440394,False
49,onlooker,32,10.0,x1,0.09494358920091783,-1.9796690658010077e-05,3.2955735691519026e-06,5.677478176524531e-05,-2.1801163787405022e-05,3.2955735691519026e-06,6.237649552121027e-05,False
49,onlooker,39,48.0,x1,-0.32156615346865625,-0.001008907803964329,3.150517140601512e-06,0.002880741037405432,-0.0006831263842621599,3.150517140601512e-06,0.0019446203999433642,True
49,onlooker,36,37.0,x1,-0.5577023976705175,-4.202467255109707e-06,0.00015235368265058947,0.00043170375039425224,-6.364787826898224e-07,0.00015235368265058947,0.00043154314779103586,True
49,onlooker,32,34.0,x1,0.5281522126920686,-1.9796690658010077e-05,3.2955735691519026e-06,5.677478176524531e-05,0.004210720726458039,3.2955735691519026e-06,0.012381777436925478,False
49,onlooker,50,2.0,x2,-0.5953899126448838,-0.005443079756917884,-5.619319875925364e-06,0.016184093075751083,-0.005443079756917884,1.572503600126283e-05,0.01618415486056124,False
49,onlooker,8,9.0,x2,-0.09150267875606999,5.410602347895738e-07,-1.0846613995662375e-07,1.5608055474736204e-06,5.410602347895738e-07,7.929375035374378e-07,2.715161454336368e-06,False
49,onlooker,45,22.0,x2,0.33696079566882653,-9.116210596716393e-06,-1.7915801943595279e-06,2.6280054076455173e-05,-9.116210596716393e-06,-0.00030760851096158496,0.0008729521115253824,False
49,onlooker,19,16.0,x2,0.6684703696580845,-3.2849430052925136e-06,-1.1439243386417892e-05,3.3666468077786504e-05,-3.2849430052925136e-06,-0.13230990498511935,0.7797237392139178,False
49,onlooker,34,18.0,x2,0.8283205224943297,-0.00802983113802402,2.5083960933065926e-06,0.02442783018885253,-0.00802983113802402,4.5535192274141806e-06,0.024427833116796638,False
49,onlooker,25,10.0,x1,-0.03355627506463765,2.6996505168537976e-06,-4.7463259163739585e-05,0.0001345235320582283,2.6532056922378995e-06,-4.7463259163739585e-05,0.00013451612954229475,True
49,onlooker,35,18.0,x2,0.6875694725507868,-0.0014173812804640401,1.4681395139162503e-05,0.004062675172303631,-0.0014173812804640401,2.474878650437005e-05,0.004063081773573618,False
49,onlooker,27,23.0,x1,0.7174228465274373,-4.344376208273721e-06,-9.501710569851885e-07,1.2578739422952623e-05,-7.599487450279413e-06,-9.501710569851885e-07,2.166351647092668e-05,False
49,onlooker,24,21.0,x1,-0.7925672093330081,-1.3577557163373038e-05,9.261879699375175e-06,4.649439349835305e-05,-2.9810707324271166e-05,9.261879699375175e-06,8.831912749984738e-05,False
49,onlooker,19,21.0,x2,-0.6387553615510204,-3.2849430052925136e-06,-1.1439243386417892e-05,3.3666468077786504e-05,-3.2849430052925136e-06,-7.254793974430118e-06,2.252685453685288e-05,True
49,onlooker,30,8.0,x2,-0.552620422792218,6.344900254240664e-07,-1.9780452218841203e-07,1.8798079648441046e-06,6.344900254240664e-07,-1.484343076279084e-07,1.843074703078429e-06,True
49,onlooker,28,14.0,x2,0.2793366202567067,-4.638512091304638e-05,2.8072987256309994e-10,0.00013125422722071178,-4.638512091304638e-05,4.86523259435016e-06,0.0001319745615835366,False
49,onlooker,35,15.0,x1,-0.8252246370065601,-0.0014173812804640401,1.4681395139162503e-05,0.004062675172303631,-0.000251944660591274,1.4681395139162503e-05,0.0007155119767081608,True
49,onlooker,25,5.0,x1,0.030471363047736233,2.6532056922378995e-06,-4.7463259163739585e-05,0.00013451612954229475,5.26906881006315e-06,-4.7463259163739585e-05,0.00013513179108004536,False
49,onlooker,37,31.0,x1,-0.10346471757596487,2.1916032873781143e-06,-1.1032267957498745e-05,3.181708430277652e-05,0.09948147799349548,-1.1032267957498745e-05,0.5246091057545219,False
49,onlooker,48,5.0,x2,0.7600030138238625,4.200746758574453e-06,2.5562309508778277e-06,1.39090844943901e-05,4.200746758574453e-06,8.299552507676646e-05,0.00023523118103385698,False
49,onlooker,41,21.0,x2,-0.6942656561985712,-0.0019449335919258948,4.160115046650838e-06,0.0056018417808272325,-0.0019449335919258948,-2.1218896320356597e-06,0.005601832129660256,True
49,onlooker,8,47.0,x2,-0.5325906714434798,5.410602347895738e-07,-1.0846613995662375e-07,1.5608055474736204e-06,5.410602347895738e-07,-0.01029306367666024,0.0319319154949409,False
49,onlooker,44,25.0,x2,-0.07653072654526683,-3.5087852333708593e-06,-4.56128883369616e-06,1.6277719293800175e-05,-3.5087852333708593e-06,-7.844607793277863e-06,2.4308252961180443e-05,False
49,onlooker,32,11.0,x1,-0.14325865188061204,-1.9796690658010077e-05,3.2955735691519026e-06,5.677478176524531e-05,-1.7010298680116516e-05,3.2955735691519026e-06,4.9015019449871744e-05,True
50,employed,1,47.0,x1,-0.5234861420425003,-6.355358902111585e-06,1.6422890177529816e-06,1.8567288578186236e-05,-1.5526880781209218e-05,1.6422890177529816e-06,4.416811646423824e-05,False
50,employed,2,47.0,x2,0.9884193932183574,-5.6938524993858366e-05,3.023005449854256e-05,0.00018244775408549074,-5.6938524993858366e-05,0.019162610667682437,0.06394884311530236,False
50,employed,3,4.0,x1,0.06275824518274309,-0.022318264586968978,0.00022791008569649618,0.07633950706558368,-0.02371884331364541,0.00022791008569649618,0.08200271356188482,False
50,employed,4,10.0,x1,0.24342851191335457,-1.2172795092299418e-06,1.6513418556351168e-07,3.474563115890561e-06,-1.8338455690444046e-06,1.6513418556351168e-07,5.20797573644316e-06,False
50,employed,5,50.0,x2,0.7937617908364116,-8.31934009635673e-05,-0.00010328452581292518,0.000375582587036849,-8.31934009635673e-05,-0.0001808074345798851,0.0005639933223524629,False
50,employed,6,47.0,x1,-0.5733003733758013,-8.12873138096688e-05,1.5474307358152938e-06,0.00023013291314244455,-4.837306754623004e-05,1.5474307358152938e-06,0.0001369520571263827,True
50,employed,7,28.0,x1,-0.5303379672100987,-7.05159572495158e-05,3.3512073073389696e-06,0.00019980705983302371,-5.771845855975302e-05,3.3512073073389696e-06,0.00016361640273432343,True
50,employed,8,46.0,x1,-0.617692013851507,5.410602347895738e-07,-1.0846613995662375e-07,1.5608055474736204e-06,0.0008709260304028858,-1.0846613995662375e-07,0.002483548646115441,False
50,employed,9,8.0,x2,-0.9756747365719625,-8.33884450339309e-06,9.742651398329275e-06,3.62761956691493e-05,-8.33884450339309e-06,1.311648892227414e-07,2.3590583623889216e-05,True
50,employed,10,9.0,x2,-0.6204743062909344,1.3155629050305624e-06,-2.8490524787364386e-05,8.069089678430785e-05,1.3155629050305624e-06,-1.0731501740409592e-05,3.05836078813293e-05,True
50,employed,11,4.0,x1,0.7354822068263178,-3.4661248600782655e-07,4.663574638823451e-07,1.643491874592229e-06,2.9374761764247563e-07,4.663574638823451e-07,1.5589229609425104e-06,True
50,employed,12,40.0,x1,-0.49103700530548644,-1.6735037590963813e-06,5.124789746344829e-07,4.950434715045304e-06,-4.457186267017024e-05,5.124789746344829e-07,0.00012612950645918275,False
50,employed,13,40.0,x1,-0.15567090640640346,-4.326607133980791e-05,8.837430656241889e-07,0.00012245032310476134,-5.0391162124731716e-05,8.837430656241889e-07,0.0001426172840983675,False
50,employed,14,40.0,x1,-0.3539846963296529,-0.00010846987566146378,-1.741580979204601e-05,0.00031104986895558184,-0.00010159068228643435,-1.741580979204601e-05,0.0002918164602729867,True
50,employed,15,29.0,x1,-0.2367789160916629,-5.115374176632942e-06,0.002181641109955032,0.006297364902473124,-3.672844682082684e-06,0.002181641109955032,0.006297356347101601,True
50,employed,16,10.0,x1,0.1712657680040015,-2.5819208343878646e-06,0.1979007970303054,1.3339926550609786,-3.2494263803024693e-06,0.1979007970303054,1.3339926551624157,False
50,employed,17,38.0,x2,0.5062142491882977,4.6566097888107113e-07,1.1616525751655152e-07,1.3574581996245172e-06,4.6566097888107113e-07,4.469623551549964e-06,1.2710966480700137e-05,False
50,employed,18,19.0,x2,0.037423536811656,2.6315101622262484e-06,3.939637813704886e-08,7.444053221394853e-06,2.6315101622262484e-06,3.123707793075723e-07,7.495476844088245e-06,False
50,employed,19,39.0,x1,-0.8910048109548183,-3.2849430052925136e-06,-7.254793974430118e-06,2.252685453685288e-05,-0.0006090269378516189,-7.254793974430118e-06,0.0017325887246539828,False
50,employed,20,4.0,x1,-0.24755452005584533,-2.689104943069611e-06,5.806191232896247e-05,0.0001644898874819667,-2.3247479041894454e-06,5.806191232896247e-05,0.00016444538432525135,True
50,employed,21,11.0,x1,-0.25070796089955927,-3.405929040913686e-05,-4.888301251345822e-06,9.735288052015179e-05,-2.5446710294737998e-05,-4.888301251345822e-06,7.330801780769391e-05,True
50,employed,22,5.0,x2,0.18401606135057502,-0.000939774104273494,0.0009057826382253701,0.003737103547518661,-0.000939774104273494,0.0010914672033898918,0.0041290344765099185,False
50,employed,23,34.0,x2,0.5836810157878125,1.9285209127305616e-07,6.7010311693734295e-06,1.896242254462166e-05,1.9285209127305616e-07,9.148192669399733e-06,2.5882974633351097e-05,False
50,employed,24,33.0,x1,-0.20723720998784834,-1.3577557163373038e-05,9.261879699375175e-06,4.649439349835305e-05,-2.781770279103794e-05,9.261879699375175e-06,8.294970123445822e-05,False
50,employed,25,47.0,x2,0.45266403205598094,2.6532056922378995e-06,-4.7463259163739585e-05,0.00013451612954229475,2.6532056922378995e-06,0.008679377715169861,0.026553700651998913,False
50,employed,26,27.0,x2,-0.5862991833288156,-4.556390357719984e-06,7.013260338606889e-06,2.365713912455547e-05,-4.556390357719984e-06,2.344307014876204e-06,1.4493861272502073e-05,True
50,employed,27,33.0,x2,0.18344105017191215,-4.344376208273721e-06,-9.501710569851885e-07,1.2578739422952623e-05,-4.344376208273721e-06,-4.3641888063964994e-06,1.7418184843354112e-05,False
50,employed,28,35.0,x2,0.5622495306166024,-4.638512091304638e-05,2.8072987256309994e-10,0.00013125422722071178,-4.638512091304638e-05,-8.254168955679343e-06,0.00013331707505814805,False
50,employed,29,46.0,x2,0.8981131827162916,9.769313308042983e-07,1.1519338751148425e-07,2.7823475901023187e-06,9.769313308042983e-07,-0.00036717646267390183,0.0010421255622579118,False
50,employed,30,32.0,x1,0.9319120715066866,6.344900254240664e-07,-1.484343076279084e-07,1.843074703078429e-06,1.707788161930218e-05,-1.484343076279084e-07,4.8313134950905834e-05,False
50,employed,31,46.0,x2,-0.9947712859695579,0.9614824789985473,-1.4413766822285553e-05,2.5820176793925964,0.9614824789985473,0.00040686010304165175,2.582022262947579,False
50,employed,32,33.0,x2,-0.6430611803318729,-1.7010298680116516e-05,3.2955735691519026e-06,4.9015019449871744e-05,-1.7010298680116516e-05,1.253329890178908e-05,5.977367107989906e-05,False
50,employed,33,15.0,x2,-0.40499960052882233,-8.229178868820341e-05,1.7660809125541338e-05,0.0002382448037576701,-8.229178868820341e-05,0.0008940719665137258,0.0025609724054906913,False
50,employed,34,24.0,x2,-0.9782676440132672,-0.00802983113802402,2.5083960933065926e-06,0.02442783018885253,-0.00802983113802402,9.115110589497527e-06,0.02442784575723822,False
50,employed,35,12.0,x2,-0.9417580860803267,-0.000251944660591274,1.4681395139162503e-05,0.0007155119767081608,-0.000251944660591274,1.3377037702239918e-06,0.0007143074684852202,True
50,employed,36,32.0,x2,0.7785751573856663,-6.364787826898224e-07,0.00015235368265058947,0.00043154314779103586,-6.364787826898224e-07,0.00026840662338827953,0.0007610890821827532,False
50,employed,37,50.0,x1,-0.10288621643580509,2.1916032873781143e-06,-1.1032267957498745e-05,3.181708430277652e-05,-0.0005580517644303913,-1.1032267957498745e-05,0.0015870130311914643,False
50,employed,38,13.0,x1,0.7062071934613847,4.3493625636715244e-07,-8.483865857794954e-06,2.4029430779837213e-05,3.1296902182296595e-05,-8.483865857794954e-06,9.174373661524626e-05,False
50,employed,39,6.0,x1,0.9484779621122816,-0.0006831263842621599,3.150517140601512e-06,0.0019446203999433642,-0.0012851759165448968,3.150517140601512e-06,0.0036790184909212265,False
50,employed,40,36.0,x2,0.007869330734828317,-8.903628588665866e-05,9.587224911040377e-05,0.00037052555496730477,-8.903628588665866e-05,9.542777802949882e-05,0.00036960310556510834,True
50,employed,41,5.0,x2,-0.9636081285804572,-0.0019449335919258948,-2.1218896320356597e-06,0.005601832129660256,-0.0019449335919258948,-9.960302816456825e-05,0.005609301830454161,False
50,employed,42,27.0,x2,-0.17229898511995723,-2.033710487402197e-06,0.0006749879277579431,0.0019212950119542604,-2.033710487402197e-06,0.0005585244793282177,0.0015880630580089594,True
50,employed,43,42.0,x2,0.28461095938687375,-1.1628819503735401e-06,-1.1967014790270685e-06,4.71972570936785e-06,-1.1628819503735401e-06,-0.00016049948373773082,0.00045465899352636896,False
50,employed,44,22.0,x1,-0.5479858797976123,-3.5087852333708593e-06,-4.56128883369616e-06,1.6277719293800175e-05,-0.0005165689598115649,-4.56128883369616e-06,0.0014682407613553217,False
50,employed,45,24.0,x1,-0.6740114424276868,-9.116210596716393e-06,-1.7915801943595279e-06,2.6280054076455173e-05,-1.2123209231278447e-05,-1.7915801943595279e-06,3.466602000345986e-05,False
50,employed,46,33.0,x1,0.21145814493152004,0.0014096332140105328,0.0004090744015694478,0.004208904643615785,0.0017251129074581607,0.0004090744015694478,0.005098364031557612,False
50,employed,47,40.0,x2,-0.10094145551544753,-2.3875444234863377e-05,-0.019326311049867716,0.06457834092846726,-2.3875444234863377e-05,-0.01736585246393889,0.05712852216230546,True
50,employed,48,14.0,x1,0.672790718471511,4.200746758574453e-06,2.5562309508778277e-06,1.39090844943901e-05,7.537623831389381e-05,2.5562309508778277e-06,0.00021347022414319738,False
50,employed,49,34.0,x2,0.41341832811870005,-9.498591862671804e-06,3.420416513304489e-07,2.688589346222514e-05,-9.498591862671804e-06,-5.535689801838478e-07,2.6914071473260748e-05,False
50,employed,50,26.0,x2,0.751957229773746,-0.005443079756917884,-5.619319875925364e-06,0.016184093075751083,-0.005443079756917884,-1.1607626691684221e-05,0.016184122624853803,False
50,onlooker,12,21.0,x2,0.5924651433296473,-1.6735037590963813e-06,5.124789746344829e-07,4.950434715045304e-06,-1.6735037590963813e-06,3.712253005311829e-06,1.1517884729972394e-05,False
50,onlooker,7,41.0,x1,-0.29480955853831947,-5.771845855975302e-05,3.3512073073389696e-06,0.00016361640273432343,-0.0006140875188942609,3.3512073073389696e-06,0.0017469695781930916,False
50,onlooker,7,4.0,x2,0.6860574375074684,-5.771845855975302e-05,3.3512073073389696e-06,0.00016361640273432343,-5.771845855975302e-05,5.537036468975661e-06,0.00016409145913742762,False
50,onlooker,40,15.0,x1,-0.7672756215250436,-8.903628588665866e-05,9.542777802949882e-05,0.00036960310556510834,-2.3538998480901113e-05,9.542777802949882e-05,0.0002782578958826498,True
50,onlooker,13,11.0,x2,0.46611130338439644,-4.326607133980791e-05,8.837430656241889e-07,0.00012245032310476134,-4.326607133980791e-05,1.0782912124659602e-06,0.00012246280677219445,False
50,onlooker,11,12.0,x2,-0.9354637350022892,2.9374761764247563e-07,4.663574638823451e-07,1.5589229609425104e-06,2.9374761764247563e-07,5.095024645944882e-07,1.6634524446779153e-06,False
50,onlooker,30,35.0,x1,0.30698093789616787,6.344900254240664e-07,-1.484343076279084e-07,1.843074703078429e-06,7.817147457475548e-05,-1.484343076279084e-07,0.00022126543832046153,False
50,onlooker,29,49.0,x2,-0.054522975645823646,9.769313308042983e-07,1.1519338751148425e-07,2.7823475901023187e-06,9.769313308042983e-07,1.2756182987498305e-07,2.7866608722781905e-06,False
50,onlooker,44,32.0,x2,-0.831676118624328,-3.5087852333708593e-06,-4.56128883369616e-06,1.6277719293800175e-05,-3.5087852333708593e-06,1.9730759940699274e-06,1.1386248186529002e-05,True
50,onlooker,41,29.0,x2,0.3070513186508692,-0.0019449335919258948,-2.1218896320356597e-06,0.005601832129660256,-0.0019449335919258948,-2.8087889231190783e-06,0.005601834682533724,False
50,onlooker,9,23.0,x2,0.7611649487485683,-8.33884450339309e-06,1.311648892227414e-07,2.3590583623889216e-05,-8.33884450339309e-06,-4.869587041193105e-06,2.731536730182782e-05,False
50,onlooker,11,1.0,x1,-0.4849825757650499,2.9374761764247563e-07,4.663574638823451e-07,1.5589229609425104e-06,-2.9309531888440357e-06,4.663574638823451e-07,8.394506818110159e-06,False
50,onlooker,25,42.0,x2,0.28658180114670184,2.6532056922378995e-06,-4.7463259163739585e-05,0.00013451612954229475,2.6532056922378995e-06,-0.00022112831673358122,0.00062679260196008,False
50,onlooker,47,23.0,x1,-0.2183695540859254,-2.3875444234863377e-05,-0.01736585246393889,0.05712852216230546,-1.8619661098517047e-05,-0.01736585246393889,0.05712849804431075,True
50,onlooker,12,11.0,x2,0.4722197940161208,-1.6735037590963813e-06,5.124789746344829e-07,4.950434715045304e-06,-1.6735037590963813e-06,5.342584649415697e-07,4.968822004958184e-06,False
50,onlooker,4,13.0,x1,0.7717905190802594,-1.2172795092299418e-06,1.6513418556351168e-07,3.474563115890561e-06,3.12355793643896e-05,1.6513418556351168e-07,8.837477555490025e-05,False
50,onlooker,29,3.0,x1,0.40851009665957094,9.769313308042983e-07,1.1519338751148425e-07,2.7823475901023187e-06,0.009118612441339756,1.1519338751148425e-07,0.028003937682467228,False
50,onlooker,26,43.0,x1,0.36486774508252595,-4.556390357719984e-06,2.344307014876204e-06,1.4493861272502073e-05,-5.7945721182270745e-06,2.344307014876204e-06,1.7681049815809757e-05,False
50,onlooker,1,12.0,x2,-0.48407259887011,-6.355358902111585e-06,1.6422890177529816e-06,1.8567288578186236e-05,-6.355358902111585e-06,1.095378933951059e-06,1.824181839227279e-05,True
50,onlooker,36,25.0,x1,0.4948949941823262,-6.364787826898224e-07,0.00015235368265058947,0.00043154314779103586,-2.264527161770866e-06,0.00015235368265058947,0.0004315871116884473,False
50,onlooker,26,17.0,x1,-0.7926787065826213,-4.556390357719984e-06,2.344307014876204e-06,1.4493861272502073e-05,-5.755171998315348e-07,2.344307014876204e-06,6.827743565640532e-06,True
50,onlooker,10,21.0,x2,0.1029086163635573,1.3155629050305624e-06,-1.0731501740409592e-05,3.05836078813293e-05,1.3155629050305624e-06,-1.1332817417874005e-05,3.227276493378284e-05,False
50,onlooker,48,12.0,x2,0.3321698788933676,4.200746758574453e-06,2.5562309508778277e-06,1.39090844943901e-05,4.200746758574453e-06,3.2351037973146603e-06,1.499732683329924e-05,False
50,onlooker,8,36.0,x1,-0.977318245712042,5.410602347895738e-07,-1.0846613995662375e-07,1.5608055474736204e-06,-6.097701320308713e-07,-1.0846613995662375e-07,1.751773933467149e-06,False
50,onlooker,34,8.0,x2,-0.6393511072383533,-0.00802983113802402,2.5083960933065926e-06,0.02442783018885253,-0.00802983113802402,8.353023269795252e-07,0.02442782905470553,True
50,onlooker,28,19.0,x1,-0.05738969889832757,-4.638512091304638e-05,2.8072987256309994e-10,0.00013125422722071178,-4.391161468045603e-05,2.8072987256309994e-10,0.00012425214766809134,True
50,onlooker,16,48.0,x2,-0.4186877998362224,-2.5819208343878646e-06,0.1979007970303054,1.3339926550609786,-2.5819208343878646e-06,0.1150432179985647,0.6422474036937449,True
50,onlooker,27,43.0,x1,0.3283616245216423,-4.344376208273721e-06,-9.501710569851885e-07,1.2578739422952623e-05,-5.389056831204101e-06,-9.501710569851885e-07,1.547846091698446e-05,False
50,onlooker,17,29.0,x1,-0.8340177475345452,4.6566097888107113e-07,1.1616525751655152e-07,1.3574581996245172e-06,8.920695261732753e-07,1.1616525751655152e-07,2.5444781219796653e-06,False
50,onlooker,28,22.0,x1,0.5158674141468882,-4.391161468045603e-05,2.8072987256309994e-10,0.00012425214766809134,0.00041823465125709797,2.8072987256309994e-10,0.0011876040658447273,False
50,onlooker,43,10.0,x1,-0.8369281890784739,-1.1628819503735401e-06,-1.1967014790270685e-06,4.71972570936785e-06,9.113984141906754e-07,-1.1967014790270685e-06,4.254696783778655e-06,True
50,onlooker,20,28.0,x1,-0.24639610336995488,-2.3247479041894454e-06,5.806191232896247e-05,0.00016444538432525135,-1.2571589829226968e-05,5.806191232896247e-05,0.00016812327351845013,False
50,onlooker,32,25.0,x2,0.8732520693301795,-1.7010298680116516e-05,3.2955735691519026e-06,4.9015019449871744e-05,-1.7010298680116516e-05,4.762082928993385e-05,0.0001430951835783567,False
50,onlooker,21,5.0,x2,-0.39612995771704584,-2.5446710294737998e-05,-4.888301251345822e-06,7.330801780769391e-05,-2.5446710294737998e-05,-4.38659935264412e-05,0.00014350517033223653,False
50,onlooker,31,13.0,x1,-0.4620230963887324,0.9614824789985473,-1.4413766822285553e-05,2.5820176793925964,0.5172353770038751,-1.4413766822285553e-05,3.126085757618388,False
50,onlooker,18,38.0,x2,0.8802664685879229,2.6315101622262484e-06,3.939637813704886e-08,7.444053221394853e-06,2.6315101622262484e-06,7.5421383274097174e-06,2.2595272771486208e-05,False
50,onlooker,18,10.0,x2,-0.15872609566579388,2.6315101622262484e-06,3.939637813704886e-08,7.444053221394853e-06,2.6315101622262484e-06,-1.6702262270339045e-06,8.815927178051908e-06,False
50,onlooker,18,50.0,x1,-0.07226348296401497,2.6315101622262484e-06,3.939637813704886e-08,7.444053221394853e-06,-0.00039089455321336165,3.939637813704886e-08,0.0011096855340970713,False
50,onlooker,35,46.0,x2,0.2581231547277669,-0.000251944660591274,1.3377037702239918e-06,0.0007143074684852202,-0.000251944660591274,-0.00010390857896399382,0.0007728116295848686,False
50,onlooker,13,31.0,x2,-0.19624732786976784,-4.326607133980791e-05,8.837430656241889e-07,0.00012245032310476134,-4.326607133980791e-05,-2.1183523729394497e-06,0.00012257148615235636,False
50,onlooker,22,49.0,x1,-0.4428179728102948,-0.000939774104273494,0.0009057826382253701,0.003737103547518661,-0.0005278313877126754,0.0009057826382253701,0.0029944613000982834,True
50,onlooker,24,8.0,x2,-0.6429116026290225,-1.3577557163373038e-05,9.261879699375175e-06,4.649439349835305e-05,-1.3577557163373038e-05,3.2375756386221754e-06,3.948500107897601e-05,True
50,onlooker,30,38.0,x1,0.2729197472336904,6.344900254240664e-07,-1.484343076279084e-07,1.843074703078429e-06,6.889521896346096e-07,-1.484343076279084e-07,1.9933779467073975e-06,False
50,onlooker,17,3.0,x1,-0.05947227570261582,4.6566097888107113e-07,1.1616525751655152e-07,1.3574581996245172e-06,-0.0013268800176593851,1.1616525751655152e-07,0.0037998649694981346,False
50,onlooker,26,39.0,x2,0.28057912458390954,-5.755171998315348e-07,2.344307014876204e-06,6.827743565640532e-06,-5.755171998315348e-07,2.1181012835695134e-06,6.208234659244027e-06,True
50,onlooker,44,39.0,x1,-0.26824443237810636,-3.5087852333708593e-06,1.9730759940699274e-06,1.1386248186529002e-05,-0.00018581242231901986,1.9730759940699274e-06,0.0005265060055710258,False
50,onlooker,33,38.0,x2,0.9137607383454898,-8.229178868820341e-05,1.7660809125541338e-05,0.0002382448037576701,-8.229178868820341e-05,4.155078664211757e-05,0.0002609699483540062,False
50,onlooker,22,33.0,x2,-0.21467232943673165,-0.0005278313877126754,0.0009057826382253701,0.0029944613000982834,-0.0005278313877126754,0.000715127456348899,0.0025350187607640073,True
50,onlooker,38,46.0,x2,0.8384520314391501,4.3493625636715244e-07,-8.483865857794954e-06,2.4029430779837213e-05,4.3493625636715244e-07,-0.0003585864434263786,0.0010176603592104705,False
50,onlooker,8,12.0,x1,0.5098589015795973,5.410602347895738e-07,-1.0846613995662375e-07,1.5608055474736204e-06,1.670175400189993e-06,-1.0846613995662375e-07,4.7339953934688594e-06,False
51,employed,1,32.0,x2,0.8102145737099096,-6.355358902111585e-06,1.095378933951059e-06,1.824181839227279e-05,-6.355358902111585e-06,-6.872508244870224e-07,1.808155281368684e-05,True
51,employed,2,17.0,x1,0.6960416222925259,-5.6938524993858366e-05,3.023005449854256e-05,0.00018244775408549074,-9.689422772470578e-05,3.023005449854256e-05,0.0002873610471678667,False
51,employed,3,35.0,x2,-0.609087379686801,-0.022318264586968978,0.00022791008569649618,0.07633950706558368,-0.022318264586968978,8.990770727962594e-05,0.07633556579018164,True
51,employed,4,8.0,x2,0.40544720401721523,-1.2172795092299418e-06,1.6513418556351168e-07,3.474563115890561e-06,-1.2172795092299418e-06,2.760646725638505e-07,3.530459146805498e-06,False
51,employed,5,9.0,x2,0.5886580794862963,-8.31934009635673e-05,-0.00010328452581292518,0.000375582587036849,-8.31934009635673e-05,-0.00016416100769040042,0.0005214399191584285,False
51,employed,6,29.0,x1,-0.04626587507442048,-4.837306754623004e-05,1.5474307358152938e-06,0.0001369520571263827,-4.608984666326238e-05,1.5474307358152938e-06,0.00013049185523827944,True
51,employed,7,15.0,x1,0.9676911898497196,-5.771845855975302e-05,3.3512073073389696e-06,0.00016361640273432343,-0.00011001792295919436,3.3512073073389696e-06,0.000311644613724571,False
51,employed,8,37.0,x2,0.5561272943297539,5.410602347895738e-07,-1.0846613995662375e-07,1.5608055474736204e-06,5.410602347895738e-07,5.966558208627524e-06,1.6946176451870798e-05,False
51,employed,9,39.0,x1,0.16803115435319316,-8.33884450339309e-06,1.311648892227414e-07,2.3590583623889216e-05,0.00010504648474542372,1.311648892227414e-07,0.0002974103966058017,False
51,employed,10,48.0,x1,0.1676430067653536,1.3155629050305624e-06,-1.0731501740409592e-05,3.05836078813293e-05,8.318820087516149e-07,-1.0731501740409592e-05,3.044741556523789e-05,True
51,employed,11,27.0,x1,-0.4525791151542655,2.9374761764247563e-07,4.663574638823451e-07,1.5589229609425104e-06,-1.8053703594665932e-06,4.663574638823451e-07,5.2740674907347795e-06,False
51,employed,12,15.0,x2,0.4737678119640871,-1.6735037590963813e-06,5.124789746344829e-07,4.950434715045304e-06,-1.6735037590963813e-06,-0.001032836060137173,0.0029497110149816486,False
51,employed,13,18.0,x2,0.45742149029335577,-4.326607133980791e-05,8.837430656241889e-07,0.00012245032310476134,-4.326607133980791e-05,1.2699653857388148e-06,0.0001224775254766719,False
51,employed,14,48.0,x2,-0.12138512644248234,-0.00010159068228643435,-1.741580979204601e-05,0.0002918164602729867,-0.00010159068228643435,-1.499150110115179e-05,0.00029073440864069156,True
51,employed,15,5.0,x1,0.33309296265887234,-3.672844682082684e-06,0.002181641109955032,0.006297356347101601,2.2814893001998623e-05,0.002181641109955032,0.006297698512334637,False
51,employed,16,1.0,x2,0.5740070425445936,-2.5819208343878646e-06,0.1150432179985647,0.6422474036937449,-2.5819208343878646e-06,0.18107922981354704,1.1903299321323115,False
51,employed,17,27.0,x2,-0.02053559198269017,4.6566097888107113e-07,1.1616525751655152e-07,1.3574581996245172e-06,4.6566097888107113e-07,9.42674100456182e-08,1.3438110291197347e-06,True
51,employed,18,29.0,x2,0.03281708786943183,2.6315101622262484e-06,3.939637813704886e-08,7.444053221394853e-06,2.6315101622262484e-06,3.690894102016786e-08,7.4439512229851346e-06,True
51,employed,19,16.0,x2,-0.43698218064151617,-3.2849430052925136e-06,-7.254793974430118e-06,2.252685453685288e-05,-3.2849430052925136e-06,0.050267751690746744,0.20807943523872696,False
51,employed,20,22.0,x1,0.7898185638311335,-2.3247479041894454e-06,5.806191232896247e-05,0.00016444538432525135,0.0004127301516330737,5.806191232896247e-05,0.0011834976838831501,False
51,employed,21,7.0,x2,-0.3504708066268334,-2.5446710294737998e-05,-4.888301251345822e-06,7.330801780769391e-05,-2.5446710294737998e-05,-2.000594040574866e-06,7.221360641951335e-05,True
51,employed,22,10.0,x1,-0.14572604652523613,-0.0005278313877126754,0.000715127456348899,0.0025350187607640073,-0.0004507913794730673,0.000715127456348899,0.002410045843916908,True
51,employed,23,7.0,x1,0.5215912278044643,1.9285209127305616e-07,6.7010311693734295e-06,1.896242254462166e-05,3.03988837175075e-05,6.7010311693734295e-06,8.80710615942526e-05,False
51,employed,24,6.0,x1,0.33052418723454147,-1.3577557163373038e-05,3.2375756386221754e-06,3.948500107897601e-05,-2.831459101287996e-06,3.2375756386221754e-06,1.2165707488964728e-05,True
51,employed,25,14.0,x1,-0.05562000628467456,2.6532056922378995e-06,-4.7463259163739585e-05,0.00013451612954229475,-3.144840012274762e-06,-4.7463259163739585e-05,0.00013460098027140432,False
51,employed,26,10.0,x1,0.4604473589514382,-5.755171998315348e-07,2.1181012835695134e-06,6.208234659244027e-06,-1.2235504484139904e-06,2.1181012835695134e-06,6.918788529208797e-06,False
51,employed,27,48.0,x1,-0.5565094252140081,-4.344376208273721e-06,-9.501710569851885e-07,1.2578739422952623e-05,4.1106526238997625e-07,-9.501710569851885e-07,2.928235755650377e-06,True
51,employed,28,48.0,x1,-0.349452397977132,-4.391161468045603e-05,2.8072987256309994e-10,0.00012425214766809134,-2.709863460324433e-05,2.8072987256309994e-10,7.666606732614767e-05,True
51,employed,29,28.0,x2,0.4031799021711522,9.769313308042983e-07,1.1519338751148425e-07,2.7823475901023187e-06,9.769313308042983e-07,1.6152386157657158e-07,2.8007185695066994e-06,False
51,employed,30,10.0,x1,-0.11047212513474469,6.344900254240664e-07,-1.484343076279084e-07,1.843074703078429e-06,6.562963373068228e-07,-1.484343076279084e-07,1.9031833571325762e-06,False
51,employed,31,4.0,x1,0.39410755205604,0.9614824789985473,-1.4413766822285553e-05,2.5820176793925964,1.340410464880485,-1.4413766822285553e-05,4.91200679123547,False
51,employed,32,21.0,x1,0.7832890652791817,-1.7010298680116516e-05,3.2955735691519026e-06,4.9015019449871744e-05,-1.0402149712189223e-05,3.2955735691519026e-06,3.086616114389429e-05,True
51,employed,33,14.0,x2,0.8472026486478539,-8.229178868820341e-05,1.7660809125541338e-05,0.0002382448037576701,-8.229178868820341e-05,4.5323932834067166e-05,0.0002659596572027745,False
51,employed,34,7.0,x1,0.21393293202776653,-0.00802983113802402,8.353023269795252e-07,0.02442782905470553,-0.009735328577997545,8.353023269795252e-07,0.030057442013344815,False
51,employed,35,16.0,x2,-0.6364367780934252,-0.000251944660591274,1.3377037702239918e-06,0.0007143074684852202,-0.000251944660591274,0.07321822134439873,0.34372243286592097,False
51,employed,36,5.0,x1,0.3112851176573799,-6.364787826898224e-07,0.00015235368265058947,0.00043154314779103586,2.5062262451815775e-05,0.00015235368265058947,0.0004373476404322396,False
51,employed,37,12.0,x2,0.14562882414209533,2.1916032873781143e-06,-1.1032267957498745e-05,3.181708430277652e-05,2.1916032873781143e-06,-1.271351587824337e-05,3.649405906047676e-05,False
51,employed,38,49.0,x2,-0.36807635944093686,4.3493625636715244e-07,-8.483865857794954e-06,2.4029430779837213e-05,4.3493625636715244e-07,-5.235257953073649e-06,1.4859293444136057e-05,True
51,employed,39,2.0,x2,-0.714354771207159,-0.0006831263842621599,3.150517140601512e-06,0.0019446203999433642,-0.0006831263842621599,2.2494913854329204e-05,0.0019456603469198974,False
51,employed,40,6.0,x1,-0.0734329455895284,-2.3538998480901113e-05,9.542777802949882e-05,0.0002782578958826498,-2.5194973688474164e-05,9.542777802949882e-05,0.0002794188105856854,False
51,employed,41,37.0,x2,-0.4071112284362832,-0.0019449335919258948,-2.1218896320356597e-06,0.005601832129660256,-0.0019449335919258948,-5.749404697946968e-06,0.005601853651736821,False
51,employed,42,8.0,x1,0.28153353265785386,-2.033710487402197e-06,0.0005585244793282177,0.0015880630580089594,-2.7585947846048597e-06,0.0005585244793282177,0.0015880719464438364,False
51,employed,43,15.0,x1,0.1503406986244653,9.113984141906754e-07,-1.1967014790270685e-06,4.254696783778655e-06,1.6005967239487943e-06,-1.1967014790270685e-06,5.65271941654899e-06,False
51,employed,44,47.0,x1,-0.41730609014694764,-3.5087852333708593e-06,1.9730759940699274e-06,1.1386248186529002e-05,-9.81464575935089e-06,1.9730759940699274e-06,2.8318077970101996e-05,False
51,employed,45,26.0,x2,0.6136238272624326,-9.116210596716393e-06,-1.7915801943595279e-06,2.6280054076455173e-05,-9.116210596716393e-06,-4.19065390622339e-06,2.8381105611874347e-05,False
51,employed,46,34.0,x1,0.5029563495583715,0.0014096332140105328,0.0004090744015694478,0.004208904643615785,0.00615727174629621,0.0004090744015694478,0.018467461487212677,False
51,employed,47,38.0,x2,0.07983204066808613,-1.8619661098517047e-05,-0.01736585246393889,0.05712849804431075,-1.8619661098517047e-05,-0.018751785962750223,0.062374255326762995,False
51,employed,48,27.0,x1,0.43777916089689484,4.200746758574453e-06,2.5562309508778277e-06,1.39090844943901e-05,5.859790344040583e-06,2.5562309508778277e-06,1.8083446491790056e-05,False
51,employed,49,35.0,x1,0.3401153280593703,-9.498591862671804e-06,3.420416513304489e-07,2.688589346222514e-05,7.296103233966135e-05,3.420416513304489e-07,0.00020650898480711888,False
51,employed,50,19.0,x1,0.6570852912097536,-0.005443079756917884,-5.619319875925364e-06,0.016184093075751083,-0.009017488916338946,-5.619319875925364e-06,0.027669153153990766,False
51,onlooker,12,8.0,x1,-0.3096755617685969,-1.6735037590963813e-06,5.124789746344829e-07,4.950434715045304e-06,-9.877074102172405e-07,5.124789746344829e-07,3.147350085885847e-06,True
51,onlooker,13,34.0,x1,-0.5379642977000783,-4.326607133980791e-05,8.837430656241889e-07,0.00012245032310476134,-0.00433975293847456,8.837430656241889e-07,0.012776101868702927,False
51,onlooker,34,26.0,x1,-0.6950998638494807,-0.00802983113802402,8.353023269795252e-07,0.02442782905470553,-0.002448696649176448,8.353023269795252e-07,0.007085619403824683,True
51,onlooker,13,27.0,x1,0.4662106078473962,-4.326607133980791e-05,8.837430656241889e-07,0.00012245032310476134,-6.362881574415234e-05,8.837430656241889e-07,0.00018009465516799494,False
51,onlooker,20,12.0,x2,-0.4098435818124224,-2.3247479041894454e-06,5.806191232896247e-05,0.00016444538432525135,-2.3247479041894454e-06,3.4475646431749395e-05,9.776508985526178e-05,True
51,onlooker,5,2.0,x2,0.9462586239937083,-8.31934009635673e-05,-0.00010328452581292518,0.000375582587036849,-8.31934009635673e-05,-0.0002296238488615521,0.0006923748659883877,False
51,onlooker,5,8.0,x2,0.7419281701592852,-8.31934009635673e-05,-0.00010328452581292518,0.000375582587036849,-8.31934009635673e-05,-0.00017983375097033595,0.0005614832930835867,False
51,onlooker,34,22.0,x1,0.298046811451699,-0.002448696649176448,8.353023269795252e-07,0.007085619403824683,-0.0030441659443940874,8.353023269795252e-07,0.008856946830612333,False
51,onlooker,47,5.0,x2,-0.5125779456493356,-1.8619661098517047e-05,-0.01736585246393889,0.05712849804431075,-1.8619661098517047e-05,-0.008517440853582196,0.02602167531615196,True
51,onlooker,44,39.0,x1,0.9885134431143816,-3.5087852333708593e-06,1.9730759940699274e-06,1.1386248186529002e-05,0.0006683023475837066,1.9730759940699274e-06,0.001902145762752827,False
51,onlooker,16,48.0,x1,-0.3126223374099917,-2.5819208343878646e-06,0.1150432179985647,0.6422474036937449,-4.6150743760098293e-07,0.1150432179985647,0.6422474034629144,True
51,onlooker,37,45.0,x2,-0.6584358094832765,2.1916032873781143e-06,-1.1032267957498745e-05,3.181708430277652e-05,2.1916032873781143e-06,-4.947868229993967e-06,1.5306863553110617e-05,True
51,onlooker,11,30.0,x2,0.6876495400710283,2.9374761764247563e-07,4.663574638823451e-07,1.5589229609425104e-06,2.9374761764247563e-07,8.891187428008237e-07,2.6485245112617406e-06,False
51,onlooker,4,43.0,x2,-0.31375894090980694,-1.2172795092299418e-06,1.6513418556351168e-07,3.474563115890561e-06,-1.2172795092299418e-06,-2.6215393025163185e-07,3.521965858954701e-06,False
51,onlooker,21,17.0,x1,0.8229598092153749,-2.5446710294737998e-05,-2.000594040574866e-06,7.221360641951335e-05,-4.677155041439351e-05,-2.000594040574866e-06,0.00013246924309173735,False
51,onlooker,7,30.0,x2,-0.7037838387484165,-5.771845855975302e-05,3.3512073073389696e-06,0.00016361640273432343,-5.771845855975302e-05,8.882160973138724e-07,0.000163360514186639,True
51,onlooker,47,40.0,x1,-0.5323614514778443,-1.8619661098517047e-05,-0.008517440853582196,0.02602167531615196,-2.1238526687712248e-05,-0.008517440853582196,0.026021695425186397,False
51,onlooker,15,20.0,x2,-0.18916464940912703,-3.672844682082684e-06,0.002181641109955032,0.006297356347101601,-3.672844682082684e-06,0.0017754733078242644,0.005105746572102721,True
51,onlooker,42,28.0,x2,-0.1441013702165439,-2.033710487402197e-06,0.0005585244793282177,0.0015880630580089594,-2.033710487402197e-06,0.00047804037701109904,0.0013581998878966495,True
51,onlooker,37,23.0,x2,-0.743519966230419,2.1916032873781143e-06,-4.947868229993967e-06,1.5306863553110617e-05,2.1916032873781143e-06,3.7133210580452286e-06,1.2196192099356296e-05,True
51,onlooker,6,17.0,x2,0.20574047523034422,-4.608984666326238e-05,1.5474307358152938e-06,0.00013049185523827944,-4.608984666326238e-05,1.8464052490464544e-06,0.0001305229949974951,False
51,onlooker,7,28.0,x2,-0.460780710382533,-5.771845855975302e-05,8.882160973138724e-07,0.000163360514186639,-5.771845855975302e-05,4.790726079304904e-07,0.0001633467935389099,True
51,onlooker,36,2.0,x1,-0.06195313703885397,-6.364787826898224e-07,0.00015235368265058947,0.00043154314779103586,-4.124567167178236e-06,0.00015235368265058947,0.00043169771406725843,False
51,onlooker,3,18.0,x2,-0.9688497114262418,-0.022318264586968978,8.990770727962594e-05,0.07633556579018164,-0.022318264586968978,2.8364102436217726e-06,0.07633484011640634,True
51,onlooker,24,39.0,x2,-0.7995599245081109,-2.831459101287996e-06,3.2375756386221754e-06,1.2165707488964728e-05,-2.831459101287996e-06,3.1679671525169843e-06,1.2018193161100754e-05,True
51,onlooker,38,29.0,x2,0.00921054627204021,4.3493625636715244e-07,-5.235257953073649e-06,1.4859293444136057e-05,4.3493625636715244e-07,-5.284538532722408e-06,1.4998219672879287e-05,False
51,onlooker,30,17.0,x2,0.4206791075365788,6.344900254240664e-07,-1.484343076279084e-07,1.843074703078429e-06,6.344900254240664e-07,-2.505338496164023e-07,1.929457497329423e-06,False
51,onlooker,40,39.0,x2,-0.46108042121262316,-2.3538998480901113e-05,9.542777802949882e-05,0.0002782578958826498,-2.3538998480901113e-05,5.288053971049893e-05,0.00016380692317996548,True
51,onlooker,34,8.0,x2,-0.009160772807465856,-0.002448696649176448,8.353023269795252e-07,0.007085619403824683,-0.002448696649176448,8.266566784710729e-07,0.007085619395145404,True
51,onlooker,1,11.0,x2,0.26346823166521127,-6.355358902111585e-06,-6.872508244870224e-07,1.808155281368684e-05,-6.355358902111585e-06,-9.911899602580307e-07,1.8194077111122198e-05,False
51,onlooker,44,3.0,x1,0.11710558434866014,-3.5087852333708593e-06,1.9730759940699274e-06,1.1386248186529002e-05,0.002609673732526532,1.9730759940699274e-06,0.007562613864554368,False
51,onlooker,33,47.0,x1,0.31028758928991307,-8.229178868820341e-05,1.7660809125541338e-05,0.0002382448037576701,-0.00010204845966296696,1.7660809125541338e-05,0.00029321279987870597,False
51,onlooker,6,9.0,x2,0.2715282577739955,-4.608984666326238e-05,1.5474307358152938e-06,0.00013049185523827944,-4.608984666326238e-05,1.931986933685382e-06,0.00013053291724363092,False
51,onlooker,11,47.0,x1,0.8413744015717721,2.9374761764247563e-07,4.663574638823451e-07,1.5589229609425104e-06,1.6207005557883532e-05,4.663574638823451e-07,4.586630837311034e-05,False
51,onlooker,48,15.0,x2,0.43389981592063287,4.200746758574453e-06,2.5562309508778277e-06,1.39090844943901e-05,4.200746758574453e-06,-0.0007667121623470311,0.0021842758429682085,False
51,onlooker,34,2.0,x1,-0.46886984730744063,-0.002448696649176448,8.266566784710729e-07,0.007085619395145404,-0.0013272733826946268,8.266566784710729e-07,0.0038010061059954303,True
51,onlooker,11,20.0,x2,0.9061074330904499,2.9374761764247563e-07,4.663574638823451e-07,1.5589229609425104e-06,2.9374761764247563e-07,-3.0349712064023024e-05,8.587049932673452e-05,False
51,onlooker,43,15.0,x2,0.06006306219864621,9.113984141906754e-07,-1.1967014790270685e-06,4.254696783778655e-06,9.113984141906754e-07,-0.00010790894275428001,0.00030553355848583763,False
51,onlooker,10,15.0,x2,-0.869993501970231,8.318820087516149e-07,-1.0731501740409592e-05,3.044741556523789e-05,8.318820087516149e-07,0.0015432550757688306,0.004428403034264949,False
51,onlooker,33,34.0,x2,0.677003241606887,-8.229178868820341e-05,1.7660809125541338e-05,0.0002382448037576701,-8.229178868820341e-05,2.9057584901912416e-05,0.00024704335241354514,False
51,onlooker,44,8.0,x2,0.48608189232597443,-3.5087852333708593e-06,1.9730759940699274e-06,1.1386248186529002e-05,-3.5087852333708593e-06,2.9848759335338004e-06,1.303008791397886e-05,False
51,onlooker,7,20.0,x1,0.031073143118442337,-5.771845855975302e-05,4.790726079304904e-07,0.0001633467935389099,-5.943971525881493e-05,4.790726079304904e-07,0.00016822044969844185,False
51,onlooker,3,9.0,x1,-0.4577678000199237,-0.022318264586968978,2.8364102436217726e-06,0.07633484011640634,-0.012105498961232645,2.8364102436217726e-06,0.038137008918675,True
51,onlooker,7,47.0,x1,-0.42336162382576736,-5.771845855975302e-05,4.790726079304904e-07,0.0001633467935389099,-4.116552817692937e-05,4.790726079304904e-07,0.00011648671147357348,True
51,onlooker,25,50.0,x1,0.13328535386248785,2.6532056922378995e-06,-4.7463259163739585e-05,0.00013451612954229475,0.0007284896506543423,-4.7463259163739585e-05,0.0020790400583803326,False
51,onlooker,21,47.0,x2,-0.5550044892667829,-2.5446710294737998e-05,-2.000594040574866e-06,7.221360641951335e-05,-2.5446710294737998e-05,-0.004728108166169273,0.01396848835772646,False
51,onlooker,9,28.0,x1,-0.14539652433721972,-8.33884450339309e-06,1.311648892227414e-07,2.3590583623889216e-05,-1.1066452781207244e-05,1.311648892227414e-07,3.130611525792304e-05,False
51,onlooker,41,3.0,x2,0.23545164882243985,-0.0019449335919258948,-2.1218896320356597e-06,0.005601832129660256,-0.0019449335919258948,-3.2893295131153005e-06,0.005601836891326872,False
51,onlooker,36,49.0,x1,-0.7084735995203291,-6.364787826898224e-07,0.00015235368265058947,0.00043154314779103586,-6.915051935820847e-06,0.00015235368265058947,0.0004319842886784109,False
51,onlooker,13,47.0,x2,0.2612576909666011,-4.326607133980791e-05,8.837430656241889e-07,0.00012245032310476134,-4.326607133980791e-05,0.002226361558089838,0.006430323369202018,False
52,employed,1,3.0,x1,-0.845311995488442,-6.355358902111585e-06,-6.872508244870224e-07,1.808155281368684e-05,-0.010233906581089351,-6.872508244870224e-07,0.03173231495819495,False
52,employed,2,40.0,x2,0.13494899691283146,-5.6938524993858366e-05,3.023005449854256e-05,0.00018244775408549074,-5.6938524993858366e-05,2.7173394239600125e-05,0.00017855237497999,True
52,employed,3,29.0,x1,0.7597312866225707,-0.012105498961232645,2.8364102436217726e-06,0.038137008918675,-0.021303167467555006,2.8364102436217726e-06,0.07229385268267352,False
52,employed,4,13.0,x2,-0.67913803635596,-1.2172795092299418e-06,1.6513418556351168e-07,3.474563115890561e-06,-1.2172795092299418e-06,6.531688092758757e-07,3.907376140421803e-06,False
52,employed,5,32.0,x1,0.7648461953077668,-8.31934009635673e-05,-0.00010328452581292518,0.000375582587036849,-0.00013886751253487553,-0.00010328452581292518,0.0004903024565874325,False
52,employed,6,14.0,x1,0.36258872958270394,-4.608984666326238e-05,1.5474307358152938e-06,0.00013049185523827944,-2.5965869183877978e-05,1.5474307358152938e-06,7.359088754599341e-05,True
52,employed,7,9.0,x1,-0.6561826083417022,-4.116552817692937e-05,4.790726079304904e-07,0.00011648671147357348,-1.962522926082036e-05,4.790726079304904e-07,5.553532908608716e-05,True
52,employed,8,46.0,x2,-0.7640700101872493,5.410602347895738e-07,-1.0846613995662375e-07,1.5608055474736204e-06,5.410602347895738e-07,0.0003125358917592159,0.0008865873481167519,False
52,employed,9,2.0,x2,0.5498808962215684,-8.33884450339309e-06,1.311648892227414e-07,2.3590583623889216e-05,-8.33884450339309e-06,-1.4738840421791977e-05,4.790500520757135e-05,False
52,employed,10,19.0,x1,-0.20668289559573827,8.318820087516149e-07,-1.0731501740409592e-05,3.044741556523789e-05,-1.8995305811991472e-08,-1.0731501740409592e-05,3.0356384830287908e-05,True
52,employed,11,41.0,x2,-0.6401284168453036,2.9374761764247563e-07,4.663574638823451e-07,1.5589229609425104e-06,2.9374761764247563e-07,-1.190453052032102e-06,3.468141685392112e-06,False
52,employed,12,33.0,x2,-0.37294334232473103,-9.877074102172405e-07,5.124789746344829e-07,3.147350085885847e-06,-9.877074102172405e-07,6.907834536401645e-06,1.973831645019075e-05,False
52,employed,13,6.0,x1,0.37499209794017574,-4.326607133980791e-05,8.837430656241889e-07,0.00012245032310476134,-4.975351044104923e-05,8.837430656241889e-07,0.00014081231320917098,False
52,employed,14,17.0,x1,0.7332082085601415,-0.00010159068228643435,-1.499150110115179e-05,0.00029073440864069156,-0.00017641923090419513,-1.499150110115179e-05,0.0005016220601743449,False
52,employed,15,47.0,x2,0.6981035238419055,-3.672844682082684e-06,0.0017754733078242644,0.005105746572102721,-3.672844682082684e-06,0.008960992954504365,0.027482344461291053,False
52,employed,16,17.0,x1,-0.5268347512806877,-4.6150743760098293e-07,0.1150432179985647,0.6422474034629144,2.6957104491649105e-08,0.1150432179985647,0.6422474034553187,True
52,employed,17,45.0,x2,-0.09410603224707748,4.6566097888107113e-07,9.42674100456182e-08,1.3438110291197347e-06,4.6566097888107113e-07,-8.320222542760628e-08,1.3379529169021964e-06,True
52,employed,18,36.0,x2,0.6543284028212686,2.6315101622262484e-06,3.690894102016786e-08,7.4439512229851346e-06,2.6315101622262484e-06,-9.962828232325091e-05,0.0002821541085542556,False
52,employed,19,14.0,x1,-0.7618051441304197,-3.2849430052925136e-06,-7.254793974430118e-06,2.252685453685288e-05,-7.817476088721023e-05,-7.254793974430118e-06,0.00022222584335240825,False
52,employed,20,32.0,x1,0.1803845115264502,-2.3247479041894454e-06,3.4475646431749395e-05,9.776508985526178e-05,-8.677097246505398e-07,3.4475646431749395e-05,9.757440362934133e-05,True
52,employed,21,14.0,x1,0.16941344277068437,-2.5446710294737998e-05,-2.000594040574866e-06,7.221360641951335e-05,-1.2546897853390153e-05,-2.000594040574866e-06,3.5940577948867514e-05,True
52,employed,22,40.0,x1,-0.29997803531174516,-0.0004507913794730673,0.000715127456348899,0.002410045843916908,-0.00032262504964077207,0.000715127456348899,0.002235387870655803,True
52,employed,23,12.0,x1,0.4500024272191123,1.9285209127305616e-07,6.7010311693734295e-06,1.896242254462166e-05,7.241067324202749e-07,6.7010311693734295e-06,1.9064923752143415e-05,False
52,employed,24,40.0,x1,0.9085788757378406,-2.831459101287996e-06,3.1679671525169843e-06,1.2018193161100754e-05,1.5982973747537952e-05,3.1679671525169843e-06,4.6093203366570634e-05,False
52,employed,25,8.0,x2,0.7785282037763894,2.6532056922378995e-06,-4.7463259163739585e-05,0.00013451612954229475,2.6532056922378995e-06,-8.433030111674803e-05,0.0002388296916007171,False
52,employed,26,39.0,x1,0.4037998158617757,-5.755171998315348e-07,2.1181012835695134e-06,6.208234659244027e-06,0.00027503839723623205,2.1181012835695134e-06,0.0007799635820089357,False
52,employed,27,16.0,x1,-0.9556140976236918,4.1106526238997625e-07,-9.501710569851885e-07,2.928235755650377e-06,4.400609169006783e-08,-9.501710569851885e-07,2.6903944356782006e-06,True
52,employed,28,25.0,x1,-0.4284612470285676,-2.709863460324433e-05,2.8072987256309994e-10,7.666606732614767e-05,-1.4351124008847226e-05,2.8072987256309994e-10,4.059659266220095e-05,True
52,employed,29,15.0,x2,0.8542771543853069,9.769313308042983e-07,1.1519338751148425e-07,2.7823475901023187e-06,9.769313308042983e-07,-0.0015165326846283819,0.004350643779592378,False
52,employed,30,8.0,x2,0.8684647591811077,6.344900254240664e-07,-1.484343076279084e-07,1.843074703078429e-06,6.344900254240664e-07,-1.8314525273946075e-07,1.8678869335708725e-06,False
52,employed,31,25.0,x1,0.6765585521218735,0.9614824789985473,-1.4413766822285553e-05,2.5820176793925964,1.6119798778313525,-1.4413766822285553e-05,5.669218494257432,False
52,employed,32,14.0,x2,0.26784132816947026,-1.0402149712189223e-05,3.2955735691519026e-06,3.086616114389429e-05,-1.0402149712189223e-05,8.19360793718032e-06,3.745756526329913e-05,False
52,employed,33,28.0,x2,0.8483321788356677,-8.229178868820341e-05,1.7660809125541338e-05,0.0002382448037576701,-8.229178868820341e-05,3.264280365882821e-05,0.0002506082381796837,False
52,employed,34,9.0,x2,-0.5908602205150408,-0.0013272733826946268,8.266566784710729e-07,0.0038010061059954303,-0.0013272733826946268,4.1571824650940345e-07,0.0038010055484183347,True
52,employed,35,48.0,x2,-0.80407075842779,-0.000251944660591274,1.3377037702239918e-06,0.0007143074684852202,-0.000251944660591274,2.317485844537198e-06,0.0007143276657441966,False
52,employed,36,32.0,x2,-0.8788717735694938,-6.364787826898224e-07,0.00015235368265058947,0.00043154314779103586,-6.364787826898224e-07,2.1350717957271357e-05,6.042792632543481e-05,True
52,employed,37,4.0,x2,0.19429748580344364,2.1916032873781143e-06,3.7133210580452286e-06,1.2196192099356296e-05,2.1916032873781143e-06,4.40272484652921e-06,1.3910959957730284e-05,False
52,employed,38,28.0,x2,0.14605239750718546,4.3493625636715244e-07,-5.235257953073649e-06,1.4859293444136057e-05,4.3493625636715244e-07,-5.999920929959555e-06,1.7015832594058367e-05,False
52,employed,39,24.0,x1,0.4847186811632096,-0.0006831263842621599,3.150517140601512e-06,0.0019446203999433642,-0.001012878043188162,3.150517140601512e-06,0.0028921842568654377,False
52,employed,40,50.0,x1,-0.44843750721928877,-2.3538998480901113e-05,5.288053971049893e-05,0.00016380692317996548,-0.0024538643464677157,5.288053971049893e-05,0.007102595866470995,False
52,employed,41,16.0,x1,-0.3539009153135706,-0.0019449335919258948,-2.1218896320356597e-06,0.005601832129660256,-0.0012566102733752563,-2.1218896320356597e-06,0.003596283275801415,True
52,employed,42,38.0,x1,-0.3039689977525437,-2.033710487402197e-06,0.00047804037701109904,0.0013581998878966495,-1.283318410893547e-06,0.00047804037701109904,0.0013581924581029803,True
52,employed,43,34.0,x1,-0.10822488597614233,9.113984141906754e-07,-1.1967014790270685e-06,4.254696783778655e-06,-0.00014283124807655865,-1.1967014790270685e-06,0.00040454523277988486,False
52,employed,44,30.0,x1,0.6580307456097985,-3.5087852333708593e-06,1.9730759940699274e-06,1.1386248186529002e-05,-6.235187741182315e-06,1.9730759940699274e-06,1.8498834994051805e-05,False
52,employed,45,26.0,x1,-0.049653598306588886,-9.116210596716393e-06,-1.7915801943595279e-06,2.6280054076455173e-05,-8.692134437527736e-06,-1.7915801943595279e-06,2.5103963498640525e-05,True
52,employed,46,14.0,x1,0.03180916363956765,0.0014096332140105328,0.0004090744015694478,0.004208904643615785,0.001457703982223868,0.0004090744015694478,0.004343319966271242,False
52,employed,47,13.0,x1,0.6871404114359174,-1.8619661098517047e-05,-0.008517440853582196,0.02602167531615196,-1.6841166248980352e-06,-0.008517440853582196,0.026021609073599183,True
52,employed,48,20.0,x2,-0.7417847363300922,4.200746758574453e-06,2.5562309508778277e-06,1.39090844943901e-05,4.200746758574453e-06,2.6233566147166807e-05,7.516378957150849e-05,False
52,employed,49,12.0,x2,0.06916293493451242,-9.498591862671804e-06,3.420416513304489e-07,2.688589346222514e-05,-9.498591862671804e-06,3.3025370582835955e-07,2.6884714064312476e-05,True
52,employed,50,45.0,x1,-0.3988770028504407,-0.005443079756917884,-5.619319875925364e-06,0.016184093075751083,-0.003275427509735387,-5.619319875925364e-06,0.009549977864619752,True
52,onlooker,13,21.0,x1,0.9355089565842929,-4.326607133980791e-05,8.837430656241889e-07,0.00012245032310476134,-7.200413327521847e-05,8.837430656241889e-07,0.00020381186061202428,False
52,onlooker,43,8.0,x1,0.22750657420052822,9.113984141906754e-07,-1.1967014790270685e-06,4.254696783778655e-06,9.956527846818807e-07,-1.1967014790270685e-06,4.403171520284133e-06,False
52,onlooker,40,38.0,x1,-0.02230901649076844,-2.3538998480901113e-05,5.288053971049893e-05,0.00016380692317996548,-2.300416357549879e-05,5.288053971049893e-05,0.00016319693545741032,True
52,onlooker,37,29.0,x2,-0.5971100342955946,2.1916032873781143e-06,3.7133210580452286e-06,1.2196192099356296e-05,2.1916032873781143e-06,1.5648429212928964e-06,7.6169421920901925e-06,True
52,onlooker,3,20.0,x2,-0.8761219961049203,-0.012105498961232645,2.8364102436217726e-06,0.038137008918675,-0.012105498961232645,3.055624100799917e-05,0.03813714166789639,False
52,onlooker,20,42.0,x1,0.6885882968071628,-8.677097246505398e-07,3.4475646431749395e-05,9.757440362934133e-05,-5.815264472522049e-07,3.4475646431749395e-05,9.755738329220165e-05,True
52,onlooker,2,5.0,x2,0.3397341751824894,-5.6938524993858366e-05,2.7173394239600125e-05,0.00017855237497999,-5.6938524993858366e-05,7.149440810466794e-05,0.0002587327249661264,False
52,onlooker,25,8.0,x1,0.6110592354641864,2.6532056922378995e-06,-4.7463259163739585e-05,0.00013451612954229475,3.943851680655428e-06,-4.7463259163739585e-05,0.00013476941937939912,False
52,onlooker,11,4.0,x1,0.49901427620001715,2.9374761764247563e-07,4.663574638823451e-07,1.5589229609425104e-06,1.0477717256773064e-06,4.663574638823451e-07,3.2438782686661227e-06,False
52,onlooker,31,20.0,x2,0.3854524075670691,0.9614824789985473,-1.4413766822285553e-05,2.5820176793925964,0.9614824789985473,-3.32583088655947e-05,2.5820177042988175,False
52,onlooker,46,2.0,x2,0.2553588753506708,0.0014096332140105328,0.0004090744015694478,0.004208904643615785,0.0014096332140105328,0.000506596213296486,0.0042964472628175265,False
52,onlooker,11,25.0,x2,-0.15203774223326083,2.9374761764247563e-07,4.663574638823451e-07,1.5589229609425104e-06,2.9374761764247563e-07,-6.8207532342870505e-06,1.931112715825023e-05,False
52,onlooker,20,10.0,x1,0.6052998728899643,-5.815264472522049e-07,3.4475646431749395e-05,9.755738329220165e-05,-9.220264756626126e-07,3.4475646431749395e-05,9.757839260204904e-05,False
52,onlooker,19,45.0,x2,-0.2906634541070183,-3.2849430052925136e-06,-7.254793974430118e-06,2.252685453685288e-05,-3.2849430052925136e-06,-5.66683738658974e-06,1.8527641647114734e-05,True
52,onlooker,43,27.0,x2,-0.22874953028041567,9.113984141906754e-07,-1.1967014790270685e-06,4.254696783778655e-06,9.113984141906754e-07,-1.1403077607851558e-06,4.128929575575313e-06,True
52,onlooker,36,40.0,x2,-0.034618419451036386,-6.364787826898224e-07,2.1350717957271357e-05,6.042792632543481e-05,-6.364787826898224e-07,2.2442230551941e-05,6.351515876845681e-05,False
52,onlooker,22,30.0,x2,0.1703267570114364,-0.00032262504964077207,0.000715127456348899,0.002235387870655803,-0.00032262504964077207,0.0008369580791728919,0.002558487153813349,False
52,onlooker,22,39.0,x1,-0.20055710449238418,-0.00032262504964077207,0.000715127456348899,0.002235387870655803,-0.00039492615347807767,0.000715127456348899,0.002328396793754184,False
52,onlooker,23,31.0,x2,0.9736978038613293,1.9285209127305616e-07,6.7010311693734295e-06,1.896242254462166e-05,1.9285209127305616e-07,2.726046360282739e-05,7.712595350684026e-05,False
52,onlooker,13,12.0,x2,-0.6462254669740346,-4.326607133980791e-05,8.837430656241889e-07,0.00012245032310476134,-4.326607133980791e-05,6.438227550536757e-07,0.00012243833587577413,True
52,onlooker,35,23.0,x2,-0.2227873198514505,-0.000251944660591274,1.3377037702239918e-06,0.0007143074684852202,-0.000251944660591274,2.5325851069663457e-06,0.0007143335491943681,False
52,onlooker,10,45.0,x1,-0.11365392955522835,-1.8995305811991472e-08,-1.0731501740409592e-05,3.0356384830287908e-05,-1.004731649710707e-06,-1.0731501740409592e-05,3.0489105452335963e-05,False
52,onlooker,31,6.0,x2,-0.7840555666301978,0.9614824789985473,-1.4413766822285553e-05,2.5820176793925964,0.9614824789985473,-1.8993010267722652e-06,2.5820176737327327,True
52,onlooker,4,19.0,x2,-0.054226795616176826,-1.2172795092299418e-06,1.6513418556351168e-07,3.474563115890561e-06,-1.2172795092299418e-06,-1.5111494491899615e-07,3.469455152060874e-06,True
52,onlooker,12,19.0,x2,-0.9874799319524605,-9.877074102172405e-07,5.124789746344829e-07,3.147350085885847e-06,-9.877074102172405e-07,-5.589471925259939e-06,1.6055206185416893e-05,False
52,onlooker,18,6.0,x2,-0.7432310432522209,2.6315101622262484e-06,3.690894102016786e-08,7.4439512229851346e-06,2.6315101622262484e-06,1.1595756304209665e-06,8.133835081469698e-06,False
52,onlooker,1,36.0,x2,0.862567548098768,-6.355358902111585e-06,-6.872508244870224e-07,1.808155281368684e-05,-6.355358902111585e-06,-1.9696487521645543e-05,5.854974955399328e-05,False
52,onlooker,32,5.0,x2,0.9792988987850082,-1.0402149712189223e-05,3.2955735691519026e-06,3.086616114389429e-05,-1.0402149712189223e-05,0.00010766934752641673,0.0003062644231985878,False
52,onlooker,49,23.0,x2,-0.7842615631874081,-9.498591862671804e-06,3.3025370582835955e-07,2.6884714064312476e-05,-9.498591862671804e-06,5.326609598107327e-06,3.080523810128355e-05,False
52,onlooker,37,49.0,x1,0.5573992082773853,2.1916032873781143e-06,1.5648429212928964e-06,7.6169421920901925e-06,8.707708808624069e-06,1.5648429212928964e-06,2.5025741259288026e-05,False
52,onlooker,32,30.0,x1,0.9558362284112576,-1.0402149712189223e-05,3.2955735691519026e-06,3.086616114389429e-05,-2.095136981332332e-05,3.2955735691519026e-06,6.000002361306045e-05,False
52,onlooker,4,9.0,x1,0.6616228894793623,-1.2172795092299418e-06,-1.5111494491899615e-07,3.469455152060874e-06,3.4945108998233575e-06,-1.5111494491899615e-07,9.893532400884197e-06,False
52,onlooker,8,20.0,x1,-0.4370014878904993,5.410602347895738e-07,-1.0846613995662375e-07,1.5608055474736204e-06,5.048818445125765e-08,-1.0846613995662375e-07,3.3839612756381143e-07,True
52,onlooker,12,2.0,x2,0.1325025270696223,-9.877074102172405e-07,5.124789746344829e-07,3.147350085885847e-06,-9.877074102172405e-07,-3.0201596719625338e-06,8.987784817282574e-06,False
52,onlooker,21,29.0,x1,-0.3909835870049927,-1.2546897853390153e-05,-2.000594040574866e-06,3.5940577948867514e-05,-7.259302608911003e-06,-2.000594040574866e-06,2.1299369035165938e-05,True
52,onlooker,48,29.0,x1,0.9224140930645337,4.200746758574453e-06,2.5562309508778277e-06,1.39090844943901e-05,7.174439542588513e-06,2.5562309508778277e-06,2.154348501237635e-05,False
52,onlooker,18,1.0,x1,0.5625311299248812,2.6315101622262484e-06,3.690894102016786e-08,7.4439512229851346e-06,7.68690377147517e-06,3.690894102016786e-08,2.174367122664833e-05,False
52,onlooker,42,3.0,x1,0.25073845692463803,-1.283318410893547e-06,0.00047804037701109904,0.0013581924581029803,0.0030337090341532977,0.00047804037701109904,0.008937638753650834,False
52,onlooker,34,8.0,x2,0.10504910570516235,-0.0013272733826946268,4.1571824650940345e-07,0.0038010055484183347,-0.0013272733826946268,4.7078334753226884e-07,0.003801005601730356,False
52,onlooker,12,1.0,x1,0.7338221807522356,-9.877074102172405e-07,5.124789746344829e-07,3.147350085885847e-06,2.9511943130826584e-06,5.124789746344829e-07,8.47239687873369e-06,False
52,onlooker,25,40.0,x2,0.44578606445821745,2.6532056922378995e-06,-4.7463259163739585e-05,0.00013451612954229475,2.6532056922378995e-06,-9.219512635667327e-05,0.0002611016821814083,False
52,onlooker,50,22.0,x2,-0.1448987864856448,-0.003275427509735387,-5.619319875925364e-06,0.009549977864619752,-0.003275427509735387,9.881601336249226e-05,0.009554438429735246,False
52,onlooker,14,32.0,x2,-0.02777499888943158,-0.00010159068228643435,-1.499150110115179e-05,0.00029073440864069156,-0.00010159068228643435,-1.4483577622493153e-05,0.00029052776152527215,True
52,onlooker,37,18.0,x1,-0.7383105167813482,2.1916032873781143e-06,1.5648429212928964e-06,7.6169421920901925e-06,2.516391159482908e-06,1.5648429212928964e-06,8.381621694031338e-06,False
52,onlooker,44,41.0,x1,-0.2979996257685116,-3.5087852333708593e-06,1.9730759940699274e-06,1.1386248186529002e-05,-0.0003769325597496176,1.9730759940699274e-06,0.0010699242912122209,False
52,onlooker,35,25.0,x2,0.5219441942622003,-0.000251944660591274,1.3377037702239918e-06,0.0007143074684852202,-0.000251944660591274,2.6809083048011116e-05,0.0007183395107870361,False
52,onlooker,20,28.0,x1,-0.8843677918705055,-5.815264472522049e-07,3.4475646431749395e-05,9.755738329220165e-05,-1.275891503774549e-05,3.4475646431749395e-05,0.00010401137043958286,False
52,onlooker,9,40.0,x2,-0.2368690356542451,-8.33884450339309e-06,1.311648892227414e-07,2.3590583623889216e-05,-8.33884450339309e-06,1.262585843450275e-05,4.2803164543858685e-05,False
52,onlooker,2,10.0,x2,-0.17680393582877096,-5.6938524993858366e-05,2.7173394239600125e-05,0.00017855237497999,-5.6938524993858366e-05,2.047165944315425e-05,0.0001712368347033255,True
52,onlooker,37,18.0,x1,0.49037150875773805,2.1916032873781143e-06,1.5648429212928964e-06,7.6169421920901925e-06,1.9758854894459334e-06,1.5648429212928964e-06,7.129184155463264e-06,True
