cycle,source,x1,x2,value,trials,rank,is_best
0,29,-0.41084224461660046,0.6874119595289372,4.319262843305168,0,1,True
0,47,-0.5384372442596934,-1.1897877390351752,5.350812668142339,0,2,False
0,33,1.347183200005908,0.535794006579958,5.964793405380913,0,3,False
0,41,1.6431354032738756,-0.9361313855992943,6.250648880387459,0,4,False
0,31,1.6840296179047165,-0.28903793856867477,6.287376826033821,0,5,False
0,24,-1.1252162096982552,-2.116718960697559,6.405096816444104,0,6,False
0,34,0.5920716074541357,-1.960499019373878,6.679116249053397,0,7,False
0,22,2.0026510200224914,-1.8763335861795891,6.79669824096751,0,8,False
0,48,-1.984879108521235,1.3028259311888846,7.024857097917032,0,9,False
0,17,-1.7417464186184803,-1.2954029396513111,7.158419966228099,0,10,False
0,44,2.2235935059645033,-0.3812276974861266,7.42916013613752,0,11,False
0,36,-2.854153271804708,-0.9147135627536382,7.5440415389025794,0,12,False
0,39,-2.064062422333164,1.6191651472689506,7.819101796811248,0,13,False
0,32,0.6523610648118883,2.649988574160256,8.563340437093938,0,14,False
0,28,2.0516537862633513,2.8072903102196793,8.571417224069478,0,15,False
0,18,-0.30444188724192056,-3.1052864091571433,8.599175994717264,0,16,False
0,40,0.5703215234127832,2.8389820910641355,8.609193932958666,0,17,False
0,1,2.7395604855596334,-0.6112156024794766,8.611079791171319,0,18,False
0,8,-0.5658580117266885,-2.727612782152231,8.640764984747136,0,19,False
0,27,2.869243775021384,1.6485085659203218,9.149128112649736,0,20,False
0,11,2.5808774008537387,-1.4547403187013161,9.164108909989752,0,21,False
0,45,-3.387282209663982,0.010447751033635377,9.204126538890286,0,22,False
0,20,-2.7309065094911587,1.698139946825103,9.224008108729477,0,23,False
0,21,-0.6284808112766926,3.3267819605783746,9.766568554663968,0,24,False
0,13,2.783834970737619,-3.0536129214803243,9.787726228237718,0,25,False
0,10,3.27631171992582,1.3166439912206487,9.828269386641635,0,26,False
0,7,1.4386512008066452,3.227616132708299,9.909688918893526,0,27,False
0,19,-3.7007849466452836,-0.24295073774066278,10.003141761405855,0,28,False
0,4,2.6113970199035297,2.8606430527695377,10.213825300448201,0,29,False
0,46,-3.476878972868316,1.9632037507773603,10.35538123990369,0,30,False
0,5,-3.7188636732445413,-0.49614062104432843,10.402650747153073,0,31,False
0,15,-3.4571050793245215,1.8304895324245463,10.429465403196506,0,32,False
0,2,3.585979199113824,1.9736802905936388,10.44118076162648,0,33,False
0,25,1.8249550397497547,-3.602475163906902,10.579191193382513,0,34,False
0,23,3.3225980139520104,3.047643574968019,10.853560832521488,0,35,False
0,49,-1.3818738944660955,-4.12350080683899,10.917296080472283,0,36,False
0,42,3.140203846660347,-3.330270800922961,11.16980965080401,0,37,False
0,6,-1.2920197576741876,4.267649888486018,11.242295824793558,0,38,False
0,26,-3.0009179752489166,-4.926377302489945,11.29327620207377,0,39,False
0,9,0.5458478701583482,-4.3618274389582465,11.52911048013802,0,40,False
0,37,3.5340307326816607,-2.6606051413465925,11.549327853423247,0,41,False
0,14,-0.3327899627296578,-4.561962342127712,11.753567126932156,0,42,False
0,35,-4.691821654320606,-0.6328261076763759,11.88150713159352,0,43,False
0,38,-4.41697258310934,-2.1861610797800344,11.96853227514137,0,44,False
0,30,-3.6020300187234255,-3.8546992646402654,12.324688496097721,0,45,False
0,16,2.447621559078171,4.675097324342101,12.73918906402884,0,46,False
0,3,-4.058226521123505,4.756223516367559,12.830884669310645,0,47,False
0,43,-4.772879268661395,-4.099521392243583,12.892188299257457,0,48,False
0,12,4.706980243949033,3.9312112132219763,12.938730155131857,0,49,False
0,50,-3.819940978794847,4.618976645495145,13.292699368106197,0,50,False
1,29,-0.41084224461660046,0.6874119595289372,4.319262843305168,4,1,True
1,47,-0.3144895626687506,-1.1897877390351752,4.925360790245687,1,2,False
1,17,-0.6455075459483288,-1.1950388193751242,5.34062082376461,0,3,False
1,34,-0.9788594200455047,-1.960499019373878,5.382603334940438,1,4,False
1,21,-0.6284808112766926,1.2220061202299335,5.478220073277672,0,5,False
1,20,0.024100333600592716,1.698139946825103,5.591661211189418,0,6,False
1,38,0.10008118918000708,1.7150902347675867,5.688387524068986,0,7,False
1,33,1.347183200005908,0.535794006579958,5.964793405380913,1,8,False
1,41,1.6431354032738756,-0.9361313855992943,6.250648880387459,2,9,False
1,31,1.6840296179047165,-0.28903793856867477,6.287376826033821,2,10,False
1,24,-1.1252162096982552,-2.116718960697559,6.405096816444104,1,11,False
1,9,0.6723742704855584,-1.5685670650194155,6.5046825599680815,0,12,False
1,46,-1.9545932301867295,1.9632037507773603,6.572546260263618,0,13,False
1,22,2.0026510200224914,-1.9385814174895297,6.613602913754626,0,14,False
1,44,2.2235935059645033,-0.9885880340636799,6.753361510949963,1,15,False
1,48,-1.984879108521235,-1.282552923603998,6.914008327261929,1,16,False
1,25,1.8249550397497547,-1.9509446055047936,6.9905101938505005,1,17,False
1,36,-2.854153271804708,-0.9909117980677221,7.439152300985359,0,18,False
1,39,-2.064062422333164,1.6191651472689506,7.819101796811248,1,19,False
1,32,0.6523610648118883,2.649988574160256,8.563340437093938,3,20,False
1,28,2.0516537862633513,2.8072903102196793,8.571417224069478,2,21,False
1,4,2.6113970199035297,0.5933706561325365,8.573699982738113,1,22,False
1,18,-0.30444188724192056,-3.1052864091571433,8.599175994717264,1,23,False
1,40,0.5707499631324797,2.8389820910641355,8.608873469670133,1,24,False
1,1,2.7395604855596334,-0.6112156024794766,8.611079791171319,1,25,False
1,8,-0.5658580117266885,-2.727612782152231,8.640764984747136,2,26,False
1,7,1.770642056379323,2.9982784606028354,8.73680000027147,1,27,False
1,23,3.3225980139520104,-0.05163544400498399,8.92877893823993,1,28,False
1,10,3.27631171992582,0.8759008906940698,9.023573373549393,0,29,False
1,27,2.869243775021384,1.6485085659203218,9.149128112649736,2,30,False
1,11,2.5808774008537387,-1.4547403187013161,9.164108909989752,2,31,False
1,45,-3.387282209663982,0.010447751033635377,9.204126538890286,2,32,False
1,42,0.8793996134974549,-3.330270800922961,9.301086612309637,1,33,False
1,49,0.11950817013511181,-4.12350080683899,9.498890731639575,0,34,False
1,5,-3.7188636732445413,-0.9991625097155564,9.620549039728585,0,35,False
1,13,2.783834970737619,-2.9597514838287835,9.656741439724328,0,36,False
1,2,3.585979199113824,1.0754892659509685,9.923583904570194,0,37,False
1,19,-3.7007849466452836,-0.24295073774066278,10.003141761405855,1,38,False
1,26,-3.0009179752489166,2.5619640150511422,10.233309237823189,0,39,False
1,15,-3.4571050793245215,1.8304895324245463,10.429465403196506,2,40,False
1,6,-1.1927260641546398,4.267649888486018,10.902530280531934,1,41,False
1,14,-0.8139400653199125,-5.0,10.94353230095537,0,42,False
1,37,3.5340307326816607,-2.3997234630605435,11.377592646876982,0,43,False
1,50,-1.127958682662594,4.618976645495145,11.528380667024283,0,44,False
1,35,-5.0,-0.6328261076763759,11.733867757841857,0,45,False
1,43,-5.0,-4.099521392243583,12.230218748403907,0,46,False
1,30,-3.6020300187234255,-3.8546992646402654,12.324688496097721,1,47,False
1,16,2.417668295018676,5.0,12.532211828959326,0,48,False
1,12,4.706980243949033,3.1857107083587826,12.700712970470615,1,49,False
1,3,-4.058226521123505,4.756223516367559,12.830884669310645,1,50,False
2,19,-0.011533856550179689,-0.027781445574530883,0.10901355240080379,0,1,True
2,11,-0.12590709429641622,-0.04403251993051405,0.7929126681271623,1,2,False
2,34,-0.9788594200455047,-0.08117202986815597,2.772609009961688,3,3,False
2,36,1.0433197709641164,-0.9909117980677221,3.7341958561105426,2,4,False
2,21,-0.6284808112766926,0.25556564447845587,3.8526240691968714,1,5,False
2,33,0.819425542636511,0.8155417434543013,4.225990308855739,0,6,False
2,29,-0.41084224461660046,0.6874119595289372,4.319262843305168,6,7,False
2,47,-0.3144895626687506,-1.0676944143523488,4.336395418842418,1,8,False
2,17,-1.0509218391040624,-1.1950388193751242,4.845030524323921,1,9,False
2,46,-0.0003454061522631946,1.9632037507773603,4.884520806655175,2,10,False
2,20,0.024100333600592716,1.4291004118280632,5.334557199056739,0,11,False
2,9,-0.032645186212699406,-1.5685670650194155,5.662168950334866,1,12,False
2,38,0.10008118918000708,1.7150902347675867,5.688387524068986,1,13,False
2,41,1.6431354032738756,-0.9361313855992943,6.250648880387459,3,14,False
2,31,1.6840296179047165,-0.28903793856867477,6.287376826033821,4,15,False
2,24,-1.1252162096982552,-2.116718960697559,6.405096816444104,4,16,False
2,22,2.0026510200224914,-1.9385814174895297,6.613602913754626,2,17,False
2,44,2.2235935059645033,-0.9885880340636799,6.753361510949963,2,18,False
2,48,-1.984879108521235,-1.282552923603998,6.914008327261929,2,19,False
2,25,1.8249550397497547,-1.9509446055047936,6.9905101938505005,2,20,False
2,39,-2.064062422333164,1.4136424539311836,7.6456137810387155,2,21,False
2,4,2.6113970199035297,-0.019985340704532284,7.773847031389888,0,22,False
2,1,2.7395604855596334,-0.7378855078263766,8.396838506873703,1,23,False
2,13,0.3768409524529055,-2.9597514838287835,8.468136109354425,0,24,False
2,28,1.900053179516402,2.8072903102196793,8.547812345330474,0,25,False
2,32,0.6523610648118883,2.649988574160256,8.563340437093938,4,26,False
2,8,-0.633087784524758,-2.727612782152231,8.591286184259392,0,27,False
2,18,-0.30444188724192056,-3.1052864091571433,8.599175994717264,2,28,False
2,40,0.5707499631324797,2.8389820910641355,8.608873469670133,2,29,False
2,7,1.770642056379323,2.9982784606028354,8.73680000027147,3,30,False
2,23,3.3225980139520104,-0.05163544400498399,8.92877893823993,3,31,False
2,10,3.27631171992582,0.8759008906940698,9.023573373549393,2,32,False
2,27,2.869243775021384,1.6485085659203218,9.149128112649736,3,33,False
2,45,-3.387282209663982,0.010447751033635377,9.204126538890286,3,34,False
2,26,-1.6776636419411939,2.5619640150511422,9.24264005782359,1,35,False
2,42,0.8793996134974549,-3.330270800922961,9.301086612309637,3,36,False
2,49,0.11950817013511181,-4.12350080683899,9.498890731639575,2,37,False
2,5,-3.7188636732445413,-0.9991625097155564,9.620549039728585,2,38,False
2,2,4.16496286245564,1.0754892659509685,9.820565169553966,0,39,False
2,37,2.8216418417521107,-2.3997234630605435,10.04352550223076,0,40,False
2,15,-3.4571050793245215,1.891287149147677,10.352919772447711,1,41,False
2,43,0.46631176035953104,-4.099521392243583,10.63948483229412,1,42,False
2,50,-1.127958682662594,5.0,10.698141112403007,1,43,False
2,6,-1.1927260641546398,4.267649888486018,10.902530280531934,2,44,False
2,14,-0.8139400653199125,-5.0,10.94353230095537,2,45,False
2,35,-5.0,-1.8719080673470596,10.986668032578478,0,46,False
2,12,4.706980243949033,1.9132657367365953,11.627318294441313,0,47,False
2,30,-5.0,-3.8546992646402654,12.29023157640676,1,48,False
2,16,2.417668295018676,5.0,12.532211828959326,1,49,False
2,3,-4.058226521123505,4.756223516367559,12.830884669310645,3,50,False
3,19,-0.011533856550179689,-0.027781445574530883,0.10901355240080379,7,1,True
3,11,-0.12590709429641622,0.015359069747240953,0.7360519448623077,4,2,False
3,9,-0.032645186212699406,-0.9947443160590497,2.655012714581187,0,3,False
3,34,-0.9788594200455047,-0.08117202986815597,2.772609009961688,6,4,False
3,38,0.10008118918000708,0.9790647593070483,2.857192648123839,2,5,False
3,23,-1.0922865384958973,-0.05163544400498399,3.143438173720075,0,6,False
3,36,1.0433197709641164,-0.9909117980677221,3.7341958561105426,3,7,False
3,10,-0.27359027659975244,-0.921474271758184,3.817645357112291,0,8,False
3,21,-0.6284808112766926,0.25556564447845587,3.8526240691968714,3,9,False
3,33,0.819425542636511,0.8155417434543013,4.225990308855739,3,10,False
3,29,-0.41084224461660046,0.6874119595289372,4.319262843305168,9,11,False
3,47,-0.3144895626687506,-1.0676944143523488,4.336395418842418,2,12,False
3,17,0.27701798194108496,-1.1950388193751242,4.8152113884475405,0,13,False
3,46,-0.0003454061522631946,1.9632037507773603,4.884520806655175,5,14,False
3,32,0.7195160877353163,1.1768272895471419,5.1276936132472635,1,15,False
3,4,2.054279755798124,-0.019985340704532284,5.130241568357171,0,16,False
3,20,0.024100333600592716,1.4291004118280632,5.334557199056739,1,17,False
3,22,-1.0102920464647576,-1.9385814174895297,5.419510171737063,0,18,False
3,41,2.041862430323635,-0.9361313855992943,5.593466362848538,1,19,False
3,39,-2.051335876266052,1.097545967215233,5.907013437020858,0,20,False
3,31,1.6840296179047165,-0.28903793856867477,6.287376826033821,5,21,False
3,24,-1.1252162096982552,-2.116718960697559,6.405096816444104,5,22,False
3,44,2.2235935059645033,-0.9885880340636799,6.753361510949963,4,23,False
3,48,-1.984879108521235,-1.282552923603998,6.914008327261929,3,24,False
3,25,1.8249550397497547,-1.9509446055047936,6.9905101938505005,4,25,False
3,8,-0.633087784524758,-2.1526597175218116,7.203304046328114,0,26,False
3,42,0.8793996134974549,-3.028771937363806,7.56342008572452,1,27,False
3,40,0.8938125983086771,2.8389820910641355,7.658537766307349,0,28,False
3,1,2.7395604855596334,-0.10361920942688052,7.705652040107058,0,29,False
3,13,0.2939033452902611,-2.9597514838287835,8.169521361105321,0,30,False
3,27,2.869243775021384,0.740974089195189,8.198888740677573,1,31,False
3,43,0.46631176035953104,-2.4458341731361415,8.271587069538166,1,32,False
3,18,-0.30444188724192056,3.0379758838052036,8.356787757248268,2,33,False
3,28,1.900053179516402,2.8072903102196793,8.547812345330474,1,34,False
3,7,1.770642056379323,2.9982784606028354,8.73680000027147,5,35,False
3,45,-3.387282209663982,0.010447751033635377,9.204126538890286,4,36,False
3,26,-1.6776636419411939,2.5619640150511422,9.24264005782359,2,37,False
3,50,-1.127958682662594,3.3210555155563806,9.399262682474536,0,38,False
3,49,0.11950817013511181,-4.12350080683899,9.498890731639575,4,39,False
3,5,-3.7188636732445413,-0.9991625097155564,9.620549039728585,3,40,False
3,2,4.16496286245564,1.0754892659509685,9.820565169553966,3,41,False
3,37,2.8216418417521107,-2.3997234630605435,10.04352550223076,2,42,False
3,15,-3.4571050793245215,1.891287149147677,10.352919772447711,2,43,False
3,6,-1.1927260641546398,4.267649888486018,10.902530280531934,4,44,False
3,14,-0.8139400653199125,-5.0,10.94353230095537,4,45,False
3,35,-5.0,-1.8719080673470596,10.986668032578478,1,46,False
3,30,-5.0,-2.9184799145509044,11.34928972817132,1,47,False
3,12,4.706980243949033,1.9132657367365953,11.627318294441313,1,48,False
3,16,2.417668295018676,5.0,12.532211828959326,2,49,False
3,3,-4.058226521123505,4.756223516367559,12.830884669310645,4,50,False
4,19,-0.011533856550179689,-0.027781445574530883,0.10901355240080379,13,1,True
4,38,0.07197804348299458,-0.0037585858719218733,0.3364499833263008,2,2,False
4,11,0.08962240867189478,0.015359069747240953,0.46334631092293366,1,3,False
4,46,-0.0003454061522631946,0.18821368276045747,1.251353897253367,1,4,False
4,34,-0.9788594200455047,-0.03684760120767474,2.6350625109140116,3,5,False
4,9,-0.032645186212699406,-0.9947443160590497,2.655012714581187,2,6,False
4,1,0.9289099393760518,-0.10361920942688052,2.858132004619876,0,7,False
4,45,1.0969785257017879,0.010447751033635377,3.1107464113070376,0,8,False
4,23,-1.0922865384958973,-0.05163544400498399,3.143438173720075,1,9,False
4,36,1.0433197709641164,-0.2092793394833602,3.675508559210631,0,10,False
4,10,-0.27359027659975244,-0.921474271758184,3.817645357112291,2,11,False
4,21,-0.6284808112766926,0.25556564447845587,3.8526240691968714,6,12,False
4,33,0.8574063712218087,0.8155417434543013,4.130660522867107,1,13,False
4,47,-0.3144895626687506,-1.055083958539087,4.287714962599544,1,14,False
4,29,-0.41084224461660046,0.6874119595289372,4.319262843305168,11,15,False
4,32,0.7195160877353163,0.4147205947881818,4.34304717000726,1,16,False
4,22,-1.0102920464647576,1.15118158979412,4.41030332639448,3,17,False
4,39,0.7897862978515091,1.097545967215233,4.495861707489041,0,18,False
4,17,0.27701798194108496,-1.1867971548419727,4.76953239542549,1,19,False
4,4,2.054279755798124,-0.019985340704532284,5.130241568357171,1,20,False
4,18,-0.05424170656661054,1.4149550878693695,5.305997564628672,0,21,False
4,20,0.024100333600592716,1.4291004118280632,5.334557199056739,3,22,False
4,41,2.041862430323635,-0.9361313855992943,5.593466362848538,2,23,False
4,24,-0.9397504755297985,-2.116718960697559,5.9969137990162515,0,24,False
4,50,-0.8529180071273746,1.4678325936502474,6.158888119721492,1,25,False
4,31,1.6840296179047165,-0.28903793856867477,6.287376826033821,7,26,False
4,8,-0.18092994947794178,-2.1526597175218116,6.33893180253936,0,27,False
4,44,2.2235935059645033,-0.9885880340636799,6.753361510949963,5,28,False
4,48,-1.984879108521235,-1.282552923603998,6.914008327261929,4,29,False
4,25,1.8347834209722969,-1.9509446055047936,6.948107658609903,0,30,False
4,42,0.8793996134974549,-3.028771937363806,7.56342008572452,2,31,False
4,40,0.8938125983086771,2.8389820910641355,7.658537766307349,1,32,False
4,43,0.2515640617982391,-2.4458341731361415,7.9712035163681705,1,33,False
4,13,0.2939033452902611,-2.9597514838287835,8.169521361105321,1,34,False
4,14,-0.8139400653199125,-3.0988778417641782,8.179427862654382,0,35,False
4,27,2.869243775021384,0.740974089195189,8.198888740677573,3,36,False
4,28,1.900053179516402,2.8072903102196793,8.547812345330474,2,37,False
4,7,1.770642056379323,2.9982784606028354,8.73680000027147,7,38,False
4,26,-1.3960268224406152,2.5619640150511422,9.056618785085712,2,39,False
4,49,0.11950817013511181,-4.12350080683899,9.498890731639575,5,40,False
4,30,-2.827106250223928,-2.9184799145509044,9.508328162153932,0,41,False
4,5,-3.7188636732445413,-0.9991625097155564,9.620549039728585,4,42,False
4,2,4.16496286245564,1.0754892659509685,9.820565169553966,5,43,False
4,37,2.8216418417521107,-2.3997234630605435,10.04352550223076,3,44,False
4,12,3.579789547973438,0.46769665570801355,10.319846013687027,0,45,False
4,15,-3.4571050793245215,1.891287149147677,10.352919772447711,4,46,False
4,6,-1.1927260641546398,4.267649888486018,10.902530280531934,5,47,False
4,35,-5.0,-1.8719080673470596,10.986668032578478,2,48,False
4,16,3.115427948776002,5.0,11.627740644029085,0,49,False
4,3,-4.058226521123505,4.756223516367559,12.830884669310645,5,50,False
5,38,0.07197804348299458,-0.0037585858719218733,0.3364499833263008,5,1,True
5,46,-0.0003454061522631946,-0.0816018490627603,0.39875054579956215,2,2,False
5,11,0.08962240867189478,0.00380331111847804,0.45443488732773263,1,3,False
5,36,0.278753891297848,-0.020389470149957012,1.9925103966827113,0,4,False
5,34,-0.9788594200455047,-0.03684760120767474,2.6350625109140116,4,5,False
5,9,-0.032645186212699406,-0.9925329451354258,2.650327742874428,1,6,False
5,1,0.9289099393760518,-0.10361920942688052,2.858132004619876,1,7,False
5,32,-0.07631907775923097,0.4147205947881818,2.862341374131614,0,8,False
5,45,-0.46359500853827207,0.010447751033635377,2.9757602540237973,1,9,False
5,23,-1.0922865384958973,-0.05163544400498399,3.143438173720075,4,10,False
5,4,1.109608232034227,-0.019985340704532284,3.207332092260494,1,11,False
5,29,-0.22771683152500277,0.6874119595289372,3.7797869209120454,0,12,False
5,10,-0.27359027659975244,-0.921474271758184,3.817645357112291,3,13,False
5,21,-0.6284808112766926,0.25556564447845587,3.8526240691968714,7,14,False
5,31,0.9285477026709318,-0.28903793856867477,3.898512405834961,0,15,False
5,47,-0.8529148408725193,-1.055083958539087,4.046735461960825,1,16,False
5,33,0.8574063712218087,0.8155417434543013,4.130660522867107,2,17,False
5,39,0.7897862978515091,0.7939422137753185,4.350736757530122,1,18,False
5,22,-1.0102920464647576,1.15118158979412,4.41030332639448,4,19,False
5,17,0.27701798194108496,-1.1867971548419727,4.76953239542549,2,20,False
5,18,0.008889828932217902,1.4149550878693695,5.274096887979653,0,21,False
5,50,-0.8529180071273746,1.2690417418127145,5.334145117941826,0,22,False
5,20,0.024100333600592716,1.4291004118280632,5.334557199056739,6,23,False
5,5,-1.9568276774725013,-0.9991625097155564,5.390956618569501,0,24,False
5,41,2.041862430323635,-0.9361313855992943,5.593466362848538,4,25,False
5,35,-0.21130047802077456,-1.8719080673470596,5.8005625547853334,0,26,False
5,8,0.06102946846117013,-2.1526597175218116,5.850591579957722,0,27,False
5,24,-0.9397504755297985,-2.116718960697559,5.9969137990162515,3,28,False
5,42,0.8793996134974549,-1.714767742639345,6.200941994534251,0,29,False
5,44,1.5307198117721719,-0.9885880340636799,6.253675473939527,0,30,False
5,48,-1.984879108521235,-1.998434624748403,6.577429247409206,0,31,False
5,25,1.8347834209722969,-1.9509446055047936,6.948107658609903,1,32,False
5,40,0.8938125983086771,2.8389820910641355,7.658537766307349,3,33,False
5,43,0.2515640617982391,-2.4458341731361415,7.9712035163681705,3,34,False
5,13,0.2939033452902611,-2.9597514838287835,8.169521361105321,2,35,False
5,14,-0.8139400653199125,-3.0988778417641782,8.179427862654382,1,36,False
5,27,2.869243775021384,0.740974089195189,8.198888740677573,4,37,False
5,28,1.900053179516402,2.8072903102196793,8.547812345330474,4,38,False
5,7,1.770642056379323,2.9982784606028354,8.73680000027147,9,39,False
5,37,2.8216418417521107,-2.117100937994901,8.773255289607867,0,40,False
5,49,0.11950817013511181,-3.9426979915897205,8.968054736156219,0,41,False
5,26,-1.9743514461275686,2.5619640150511422,9.028588692751255,0,42,False
5,30,-2.827106250223928,-2.9184799145509044,9.508328162153932,2,43,False
5,2,4.16496286245564,1.0754892659509685,9.820565169553966,7,44,False
5,6,-1.1927260641546398,3.455139723288897,10.05353853662718,0,45,False
5,15,-3.4571050793245215,0.6065972990086808,10.126339440594487,0,46,False
5,12,3.579789547973438,0.46769665570801355,10.319846013687027,1,47,False
5,19,2.947505584175718,3.3771685818704107,10.986625479111531,0,48,False
5,16,3.115427948776002,5.0,11.627740644029085,1,49,False
5,3,-4.058226521123505,5.0,12.043666195298243,0,50,False
6,46,-0.0003454061522631946,0.00404515490552744,0.011921905396296228,0,1,True
6,36,-0.0329070233790712,-0.020389470149957012,0.14898663879530405,4,2,False
6,38,0.07197804348299458,-0.0037585858719218733,0.3364499833263008,10,3,False
6,11,0.08962240867189478,0.00380331111847804,0.45443488732773263,7,4,False
6,4,0.22035056173544454,-0.019985340704532284,1.5328022616818662,1,5,False
6,8,0.06102946846117013,-0.26403080845577875,1.948809254204321,0,6,False
6,34,-0.9788594200455047,0.0053828488697067745,2.598300831964434,1,7,False
6,9,0.018382105460621412,-0.9925329451354258,2.6301354134751986,0,8,False
6,32,-0.0606606004655902,0.4147205947881818,2.8345316415380464,2,9,False
6,1,0.9289099393760518,-0.10361920942688052,2.858132004619876,2,10,False
6,45,-0.46359500853827207,0.010447751033635377,2.9757602540237973,3,11,False
6,23,-1.0922865384958973,-0.041441955996696596,3.119757799507433,0,12,False
6,12,0.6782417419911941,0.1339189520650912,3.4588941584207658,0,13,False
6,47,-0.9323630810586182,-0.9501502141297273,3.612743300590957,0,14,False
6,29,-0.22771683152500277,0.5400482663849127,3.648480949855632,1,15,False
6,10,-0.27359027659975244,-0.921474271758184,3.817645357112291,4,16,False
6,21,-0.6284808112766926,0.25556564447845587,3.8526240691968714,8,17,False
6,31,0.9285477026709318,-0.28903793856867477,3.898512405834961,1,18,False
6,50,-0.8529180071273746,0.8991986214983165,3.911324762636309,2,19,False
6,33,0.8574063712218087,0.8155417434543013,4.130660522867107,4,20,False
6,17,-0.14297933348735187,-1.1867971548419727,4.1722889155396246,0,21,False
6,39,0.7897862978515091,1.014508382665242,4.181373335312664,1,22,False
6,22,-1.0102920464647576,1.15118158979412,4.41030332639448,7,23,False
6,6,-1.0079129511319402,0.6585318647374079,4.5939348257261905,0,24,False
6,18,0.008889828932217902,1.4149550878693695,5.274096887979653,1,25,False
6,20,0.02372847195734538,1.4291004118280632,5.3343602302942905,0,26,False
6,5,-1.9568276774725013,-0.9991625097155564,5.390956618569501,2,27,False
6,41,2.041862430323635,-0.9361313855992943,5.593466362848538,5,28,False
6,49,0.11950817013511181,-1.7641465650065324,5.636493590713318,0,29,False
6,15,-1.2620752409464884,0.6065972990086808,5.660790699287819,0,30,False
6,35,-0.19457824444684474,-1.911222174928279,5.663681141827212,0,31,False
6,28,1.900053179516402,0.2066173428908768,5.7404902540338405,0,32,False
6,25,1.339422785173356,0.759586732566857,5.842394353273885,1,33,False
6,24,-0.9397504755297985,-2.116718960697559,5.9969137990162515,6,34,False
6,42,0.8793996134974549,-1.714767742639345,6.200941994534251,2,35,False
6,44,1.5307198117721719,-0.9251252906064831,6.232043561499349,0,36,False
6,48,-1.984879108521235,-1.998434624748403,6.577429247409206,1,37,False
6,27,2.869243775021384,0.029603464441215865,7.091621308487838,0,38,False
6,40,0.8938125983086771,2.8389820910641355,7.658537766307349,4,39,False
6,19,2.947505584175718,0.23048124785388335,7.8464129351468355,0,40,False
6,43,0.2515640617982391,-2.4458341731361415,7.9712035163681705,4,41,False
6,37,2.211313142893505,-2.117100937994901,8.11239016163238,0,42,False
6,13,0.2939033452902611,-2.9597514838287835,8.169521361105321,4,43,False
6,14,-0.8139400653199125,-3.0988778417641782,8.179427862654382,2,44,False
6,26,-1.1814243353934315,2.5619640150511422,8.522370540032966,0,45,False
6,7,1.770642056379323,2.9982784606028354,8.73680000027147,10,46,False
6,30,-2.827106250223928,-2.9184799145509044,9.508328162153932,3,47,False
6,2,4.16496286245564,1.0754892659509685,9.820565169553966,8,48,False
6,16,3.115427948776002,5.0,11.627740644029085,3,49,False
6,3,-4.058226521123505,5.0,12.043666195298243,1,50,False
7,46,-0.0003454061522631946,0.00404515490552744,0.011921905396296228,5,1,True
7,36,-0.0329070233790712,0.0015649090394172331,0.12182332538240503,1,2,False
7,4,0.043185489741098676,-0.019985340704532284,0.19390396088536876,3,3,False
7,38,0.05964833157182434,-0.0037585858719218733,0.2614220636061444,5,4,False
7,11,0.08962240867189478,0.00380331111847804,0.45443488732773263,11,5,False
7,8,0.06102946846117013,-0.26403080845577875,1.948809254204321,3,6,False
7,34,-0.9788594200455047,0.0053828488697067745,2.598300831964434,2,7,False
7,9,0.018382105460621412,-0.9925329451354258,2.6301354134751986,1,8,False
7,23,-0.9917510999972217,-0.041441955996696596,2.666618501370437,1,9,False
7,32,-0.0606606004655902,0.4147205947881818,2.8345316415380464,5,10,False
7,1,0.9289099393760518,-0.10361920942688052,2.858132004619876,3,11,False
7,45,-0.46359500853827207,0.010447751033635377,2.9757602540237973,4,12,False
7,18,0.008889828932217902,-0.7805418470395411,2.9963550167312225,0,13,False
7,12,0.6782417419911941,0.1339189520650912,3.4588941584207658,1,14,False
7,10,0.2300059797031906,-0.921474271758184,3.5782810624689785,1,15,False
7,47,-0.9323630810586182,-0.9501502141297273,3.612743300590957,1,16,False
7,29,-0.22771683152500277,0.5400482663849127,3.648480949855632,2,17,False
7,31,0.9084662543041647,0.9600266053149704,3.6589343795567193,0,18,False
7,21,-0.8148924493097319,0.25556564447845587,3.7955097425591267,1,19,False
7,50,-1.046378366071603,0.8991986214983165,3.847866237537542,0,20,False
7,33,0.8574063712218087,0.8155417434543013,4.130660522867107,5,21,False
7,17,-0.14297933348735187,-1.1867971548419727,4.1722889155396246,1,22,False
7,39,0.7897862978515091,1.014508382665242,4.181373335312664,3,23,False
7,6,-1.0079129511319402,1.1399345920187023,4.323984059193059,0,24,False
7,22,-0.9569962563820364,1.15118158979412,4.368606385196184,0,25,False
7,27,1.9182997261030739,0.029603464441215865,4.944103161595468,0,26,False
7,20,0.02372847195734538,1.8355667057596583,5.173166082272086,0,27,False
7,5,-1.9568276774725013,-0.9991625097155564,5.390956618569501,3,28,False
7,41,2.041862430323635,-0.9361313855992943,5.593466362848538,6,29,False
7,35,-0.8880368439532005,-1.911222174928279,5.635016385440046,0,30,False
7,49,0.11950817013511181,-1.7641465650065324,5.636493590713318,1,31,False
7,25,1.339422785173356,-0.9834021484577529,5.647049270830774,0,32,False
7,24,-0.9397504755297985,-2.056557581032563,5.6488848684732105,1,33,False
7,15,-1.2620752409464884,0.6065972990086808,5.660790699287819,1,34,False
7,13,0.12576618392263933,-1.4886744521228044,5.663948564541283,0,35,False
7,42,-0.10827434893132404,-1.714767742639345,5.710975952654021,1,36,False
7,28,1.900053179516402,0.2066173428908768,5.7404902540338405,1,37,False
7,44,1.5307198117721719,-0.9251252906064831,6.232043561499349,1,38,False
7,48,-1.984879108521235,-0.7494209640600158,6.260579293628453,0,39,False
7,7,1.770642056379323,0.29369627851124447,6.270212140558382,1,40,False
7,40,0.8938125983086771,2.8389820910641355,7.658537766307349,5,41,False
7,19,2.947505584175718,0.23048124785388335,7.8464129351468355,1,42,False
7,43,0.24008296990000522,-2.4458341731361415,7.946110743553097,0,43,False
7,2,2.432333631329655,1.0754892659509685,7.998367133214792,1,44,False
7,37,2.211313142893505,-2.117100937994901,8.11239016163238,1,45,False
7,26,-0.22727485389976998,2.5619640150511422,8.140745240029617,0,46,False
7,14,-0.8139400653199125,-3.0988778417641782,8.179427862654382,3,47,False
7,30,-2.827106250223928,-2.9184799145509044,9.508328162153932,4,48,False
7,3,-2.0913290200220915,5.0,10.916185320353858,1,49,False
7,16,3.115427948776002,5.0,11.627740644029085,6,50,False
8,46,-0.0003454061522631946,0.00404515490552744,0.011921905396296228,9,1,True
8,36,0.013039077861083818,0.0015649090394172331,0.0417307826236919,0,2,False
8,4,0.043185489741098676,-0.019985340704532284,0.19390396088536876,7,3,False
8,38,0.05964833157182434,0.003698606472215685,0.26139998098286243,1,4,False
8,11,0.061309590613731785,0.003725987116951143,0.27113687443085555,0,5,False
8,32,-0.0606606004655902,0.011257800090110126,0.27282392495333996,0,6,False
8,18,-0.00039114794970864127,-0.11174742302878027,0.6167880900019225,2,7,False
8,8,0.06102946846117013,-0.26403080845577875,1.948809254204321,6,8,False
8,34,-0.9788594200455047,0.0053828488697067745,2.598300831964434,4,9,False
8,9,0.018382105460621412,-0.9925329451354258,2.6301354134751986,2,10,False
8,23,-0.9859506443506905,-0.041441955996696596,2.655772257624616,0,11,False
8,1,0.9289099393760518,-0.10361920942688052,2.858132004619876,5,12,False
8,45,-0.46359500853827207,0.009848348158585965,2.97560406956173,0,13,False
8,17,-0.14297933348735187,-1.0492204173947894,3.301492350485454,2,14,False
8,13,0.12576618392263933,-0.7379388940741644,3.3584826202408,1,15,False
8,12,0.6782417419911941,0.1339189520650912,3.4588941584207658,2,16,False
8,10,0.2300059797031906,-0.921474271758184,3.5782810624689785,2,17,False
8,47,-0.9323630810586182,-0.9501502141297273,3.612743300590957,2,18,False
8,29,-0.22771683152500277,0.5400482663849127,3.648480949855632,3,19,False
8,33,0.22479604770390504,0.8155417434543013,3.651632339167844,0,20,False
8,31,0.9084662543041647,0.9600266053149704,3.6589343795567193,2,21,False
8,24,-0.9397504755297985,-0.24374348874991925,3.661123141018962,1,22,False
8,21,-0.8148924493097319,0.25556564447845587,3.7955097425591267,2,23,False
8,50,-1.046378366071603,-0.9055740164584274,3.8295452033029815,1,24,False
8,39,0.8067097113029637,1.014508382665242,4.109162924535234,0,25,False
8,6,-1.0058532642246867,1.1399345920187023,4.320239623698999,0,26,False
8,15,-0.462883792638474,0.6065972990086808,4.34867538226689,0,27,False
8,22,-0.9569962563820364,1.15118158979412,4.368606385196184,3,28,False
8,5,-0.5041141629633652,-0.9991625097155564,4.6457223733069455,0,29,False
8,27,1.9182997261030739,0.029603464441215865,4.944103161595468,2,30,False
8,20,0.02372847195734538,1.8355667057596583,5.173166082272086,1,31,False
8,28,1.900053179516402,1.0155475623878767,5.506040745541597,2,32,False
8,26,0.09483085093833626,1.46253615485855,5.532064801789755,1,33,False
8,41,2.041862430323635,-0.9361313855992943,5.593466362848538,7,34,False
8,35,-0.8880368439532005,-1.911222174928279,5.635016385440046,2,35,False
8,49,0.11950817013511181,-1.7641465650065324,5.636493590713318,2,36,False
8,25,1.339422785173356,-0.9834021484577529,5.647049270830774,2,37,False
8,42,-0.10827434893132404,-1.714767742639345,5.710975952654021,2,38,False
8,48,1.3081849441099052,-0.7494209640600158,5.723798130604468,0,39,False
8,44,1.673510506259091,-0.9385217556802068,6.210119179514262,2,40,False
8,7,1.770642056379323,0.29369627851124447,6.270212140558382,2,41,False
8,37,2.211313142893505,-0.19116399053864352,6.755129350697036,0,42,False
8,19,2.947505584175718,-0.05704956341948714,6.973555333541469,1,43,False
8,40,0.8938125983086771,2.8389820910641355,7.658537766307349,6,44,False
8,43,0.24008296990000522,-2.901252764523143,7.918323290519213,0,45,False
8,30,-0.7882302340052778,-2.9184799145509044,7.934278392151139,0,46,False
8,2,2.432333631329655,1.0754892659509685,7.998367133214792,3,47,False
8,14,-0.8139400653199125,-3.0988778417641782,8.179427862654382,4,48,False
8,3,-2.0913290200220915,2.9260024249399543,8.312516228450772,0,49,False
8,16,3.115427948776002,5.0,11.627740644029085,7,50,False
9,46,-0.0003454061522631946,0.0038370837126220983,0.011291978913178458,1,1,True
9,36,0.013039077861083818,0.0015649090394172331,0.0417307826236919,4,2,False
9,9,0.018382105460621412,0.01047914254402485,0.07173182211543905,0,3,False
9,4,0.013802333908446644,-0.019985340704532284,0.08434303263474563,2,4,False
9,45,0.03282525968525157,0.009848348158585965,0.1279236304835618,0,5,False
9,32,-0.03456469640237362,0.011257800090110126,0.13765146274956708,3,6,False
9,1,-0.043604169900944956,-0.02502609979401084,0.20832547045290584,1,7,False
9,38,0.05964833157182434,0.003698606472215685,0.26139998098286243,3,8,False
9,11,0.061309590613731785,0.003725987116951143,0.27113687443085555,1,9,False
9,18,-0.00039114794970864127,-0.11174742302878027,0.6167880900019225,7,10,False
9,8,0.06102946846117013,-0.26403080845577875,1.948809254204321,10,11,False
9,21,-0.17686035506627584,0.25556564447845587,2.3516484204418266,0,12,False
9,34,-0.9788594200455047,0.0053828488697067745,2.598300831964434,6,13,False
9,23,-0.9859506443506905,-0.041441955996696596,2.655772257624616,3,14,False
9,29,-0.22771683152500277,0.279722743961092,2.7356888131810213,1,15,False
9,42,-0.10827434893132404,0.38238931908595286,2.7920661575485934,0,16,False
9,12,0.9117301116157679,0.1339189520650912,3.0274889001220555,1,17,False
9,17,-0.14297933348735187,-0.9141607525105002,3.0744415150920053,0,18,False
9,13,0.12576618392263933,-0.5224337010667938,3.3152597039277585,0,19,False
9,24,0.48092186582539265,-0.24374348874991925,3.565785184457543,0,20,False
9,10,0.2300059797031906,-0.921474271758184,3.5782810624689785,3,21,False
9,47,-0.9323630810586182,-0.9501502141297273,3.612743300590957,3,22,False
9,33,0.22479604770390504,0.8155417434543013,3.651632339167844,1,23,False
9,31,0.9084662543041647,0.9600266053149704,3.6589343795567193,4,24,False
9,50,-1.046378366071603,-0.9055740164584274,3.8295452033029815,4,25,False
9,25,-0.8203843797658075,-0.9834021484577529,3.994907406960142,0,26,False
9,39,0.8067097113029637,1.014508382665242,4.109162924535234,1,27,False
9,30,-0.7882302340052778,-1.0074763957570967,4.172017763588283,0,28,False
9,6,-1.0058532642246867,1.1399345920187023,4.320239623698999,1,29,False
9,28,0.7504273387920071,1.0155475623878767,4.34207496018173,0,30,False
9,15,-0.462883792638474,0.6065972990086808,4.34867538226689,1,31,False
9,22,-0.9569962563820364,1.15118158979412,4.368606385196184,5,32,False
9,5,-0.6652037652536609,-0.9991625097155564,4.561905164801658,1,33,False
9,27,1.9182997261030739,0.029603464441215865,4.944103161595468,3,34,False
9,20,0.02372847195734538,1.8355667057596583,5.173166082272086,2,35,False
9,26,0.09483085093833626,1.46253615485855,5.532064801789755,2,36,False
9,41,2.041862430323635,-0.9361313855992943,5.593466362848538,8,37,False
9,49,0.11746900320702498,-1.7641465650065324,5.629638084974321,0,38,False
9,35,-0.8880368439532005,-1.911222174928279,5.635016385440046,3,39,False
9,48,1.3081849441099052,-0.7494209640600158,5.723798130604468,1,40,False
9,44,1.673510506259091,-0.9385217556802068,6.210119179514262,4,41,False
9,7,1.770642056379323,0.29369627851124447,6.270212140558382,3,42,False
9,37,2.211313142893505,-0.19116399053864352,6.755129350697036,1,43,False
9,19,2.947505584175718,-0.03946107725519147,6.930401773966084,0,44,False
9,43,-0.06320029358713858,-2.901252764523143,7.0686278061656065,0,45,False
9,40,0.975270003324912,2.8389820910641355,7.500109923766933,0,46,False
9,2,3.0734526516917158,1.0754892659509685,7.657652158204268,0,47,False
9,14,-0.8139400653199125,-3.0988778417641782,8.179427862654382,5,48,False
9,3,-2.0913290200220915,2.9260024249399543,8.312516228450772,1,49,False
9,16,3.115427948776002,5.0,11.627740644029085,8,50,False
10,46,-0.0003454061522631946,0.0038370837126220983,0.011291978913178458,7,1,True
10,36,0.013039077861083818,0.0015649090394172331,0.0417307826236919,6,2,False
10,9,0.018382105460621412,0.01047914254402485,0.07173182211543905,3,3,False
10,4,0.013802333908446644,-0.019985340704532284,0.08434303263474563,7,4,False
10,45,0.03282525968525157,0.009848348158585965,0.1279236304835618,2,5,False
10,32,-0.03456469640237362,0.011257800090110126,0.13765146274956708,8,6,False
10,1,-0.043604169900944956,0.0016495166485740696,0.1733324623009449,0,7,False
10,38,0.05964833157182434,0.0018221080958817388,0.2608883055276583,0,8,False
10,11,0.061309590613731785,0.003725987116951143,0.27113687443085555,5,9,False
10,18,-0.00039114794970864127,-0.11174742302878027,0.6167880900019225,10,10,False
10,21,-0.17686035506627584,-0.10371449112179221,1.4322106392008718,0,11,False
10,8,0.06102946846117013,-0.26403080845577875,1.948809254204321,12,12,False
10,34,-0.9788594200455047,-0.0021310931885494917,2.597617645071829,0,13,False
10,12,0.9117301116157679,0.012532638425876444,2.6198353992386214,0,14,False
10,23,-0.9859506443506905,-0.041441955996696596,2.655772257624616,4,15,False
10,29,-0.22771683152500277,0.279722743961092,2.7356888131810213,3,16,False
10,42,-0.10827434893132404,0.38238931908595286,2.7920661575485934,1,17,False
10,13,0.12576618392263933,-0.9084355499450245,2.9883603811608705,0,18,False
10,30,-0.7882302340052778,-0.046340672054662385,3.0130978445825254,0,19,False
10,19,0.474703685195105,-0.03946107725519147,3.0301471722203144,1,20,False
10,17,-0.14297933348735187,-0.9141607525105002,3.0744415150920053,1,21,False
10,33,0.18682733270036378,0.8155417434543013,3.4680437791873016,0,22,False
10,24,0.48092186582539265,-0.24374348874991925,3.565785184457543,1,23,False
10,10,0.2300059797031906,-0.921474271758184,3.5782810624689785,4,24,False
10,31,0.9897302434068218,0.9600266053149704,3.5883727767488947,1,25,False
10,47,-0.9323630810586182,-0.9501502141297273,3.612743300590957,4,26,False
10,5,-0.9184614975949004,0.23939940772783308,3.631974879079515,1,27,False
10,50,-1.046378366071603,-0.9055740164584274,3.8295452033029815,6,28,False
10,25,-0.8203843797658075,-0.9834021484577529,3.994907406960142,1,29,False
10,44,0.3167690508956941,-0.9385217556802068,4.03628712385553,0,30,False
10,39,0.8067097113029637,1.014508382665242,4.109162924535234,3,31,False
10,6,-1.0058532642246867,1.1399345920187023,4.320239623698999,3,32,False
10,28,0.7504273387920071,1.0155475623878767,4.34207496018173,2,33,False
10,15,-0.462883792638474,0.6065972990086808,4.34867538226689,2,34,False
10,22,-0.9569962563820364,1.15118158979412,4.368606385196184,7,35,False
10,35,-0.8880368439532005,-0.5793665238894941,4.559463212172222,0,36,False
10,48,0.6573578973082296,-0.7494209640600158,4.58984817553231,0,37,False
10,27,1.9807564514235825,0.029603464441215865,4.919793461081095,2,38,False
10,20,0.02372847195734538,1.8355667057596583,5.173166082272086,3,39,False
10,26,0.012033691579315858,1.46253615485855,5.442864040711033,0,40,False
10,41,2.041862430323635,-0.9361313855992943,5.593466362848538,9,41,False
10,49,0.11746900320702498,-1.7641465650065324,5.629638084974321,1,42,False
10,7,1.770642056379323,0.29369627851124447,6.270212140558382,4,43,False
10,37,2.211313142893505,-0.19116399053864352,6.755129350697036,2,44,False
10,43,-0.00912539602182412,-2.901252764523143,6.974898646662403,1,45,False
10,40,0.975270003324912,2.8389820910641355,7.500109923766933,1,46,False
10,2,3.0734526516917158,1.0307512382805424,7.517101620342853,0,47,False
10,14,-0.8139400653199125,-3.0988778417641782,8.179427862654382,6,48,False
10,3,-2.0913290200220915,2.9311694119468643,8.30285250878677,0,49,False
10,16,0.11367054264879917,5.0,10.453097285755115,1,50,False
11,46,-0.0003454061522631946,0.0038370837126220983,0.011291978913178458,10,1,True
11,11,0.00564174522832963,0.002179152894968269,0.01808000125212006,0,2,False
11,36,0.013039077861083818,0.0015649090394172331,0.0417307826236919,12,3,False
11,4,0.013802333908446644,-0.014672735348913673,0.06775340039932987,4,4,False
11,9,0.018382105460621412,0.01047914254402485,0.07173182211543905,6,5,False
11,45,0.03282525968525157,0.006538271057673501,0.1242314918156997,1,6,False
11,32,-0.03456469640237362,0.011257800090110126,0.13765146274956708,9,7,False
11,1,-0.043604169900944956,0.0016495166485740696,0.1733324623009449,3,8,False
11,38,0.05964833157182434,0.0018221080958817388,0.2608883055276583,4,9,False
11,18,-0.00039114794970864127,-0.11174742302878027,0.6167880900019225,14,10,False
11,19,0.12303147094475753,-0.03946107725519147,0.7579916647113447,1,11,False
11,21,-0.17686035506627584,-0.012300606865943947,1.1584847358714012,0,12,False
11,8,0.06082728404045848,-0.26403080845577875,1.9483244701314821,1,13,False
11,29,-0.18908419085554212,0.279722743961092,2.5523687508824016,0,14,False
11,34,-0.9788594200455047,-0.0021310931885494917,2.597617645071829,1,15,False
11,12,0.9117301116157679,0.012532638425876444,2.6198353992386214,1,16,False
11,23,-0.9859506443506905,-0.041441955996696596,2.655772257624616,5,17,False
11,42,-0.10827434893132404,0.38238931908595286,2.7920661575485934,2,18,False
11,33,0.05442079545141462,0.8155417434543013,2.944939914822687,0,19,False
11,13,0.12576618392263933,-0.9084355499450245,2.9883603811608705,1,20,False
11,30,-0.7882302340052778,-0.046340672054662385,3.0130978445825254,1,21,False
11,25,-0.13987239370000648,-0.9697202444076691,3.0581282149005102,0,22,False
11,17,-0.14297933348735187,-0.9141607525105002,3.0744415150920053,4,23,False
11,10,0.15025401329343768,-0.921474271758184,3.10952364884259,1,24,False
11,37,0.42080346963402104,-0.19116399053864352,3.211693772673176,0,25,False
11,24,0.48092186582539265,-0.24374348874991925,3.565785184457543,3,26,False
11,31,0.9897302434068218,0.9600266053149704,3.5883727767488947,3,27,False
11,6,-1.0058532642246867,0.9638618288424673,3.612025411166791,0,28,False
11,47,-0.9323630810586182,-0.9501502141297273,3.612743300590957,5,29,False
11,5,-0.9184614975949004,0.23939940772783308,3.631974879079515,2,30,False
11,50,-1.046378366071603,-0.9647322312249026,3.735319016211666,1,31,False
11,28,0.8455753531404764,1.0155475623878767,3.945728157704672,0,32,False
11,44,0.3167690508956941,-0.9385217556802068,4.03628712385553,3,33,False
11,39,0.8067097113029637,1.014508382665242,4.109162924535234,4,34,False
11,15,-0.462883792638474,0.6040745739609096,4.345604845495636,0,35,False
11,22,-0.9569962563820364,1.15118158979412,4.368606385196184,9,36,False
11,48,0.6573578973082296,-0.9241261313763771,4.497371643280918,0,37,False
11,35,-0.8880368439532005,-0.5793665238894941,4.559463212172222,1,38,False
11,2,-0.6022486188309921,1.0307512382805424,4.730615182963206,1,39,False
11,27,1.9807564514235825,0.029603464441215865,4.919793461081095,4,40,False
11,20,0.02372847195734538,1.8355667057596583,5.173166082272086,4,41,False
11,26,0.012033691579315858,1.46253615485855,5.442864040711033,1,42,False
11,41,2.041862430323635,-0.9361313855992943,5.593466362848538,11,43,False
11,49,0.11746900320702498,-1.7641465650065324,5.629638084974321,2,44,False
11,7,1.770642056379323,0.29369627851124447,6.270212140558382,5,45,False
11,43,-0.00912539602182412,-2.901252764523143,6.974898646662403,2,46,False
11,3,-0.9911750899422593,2.9311694119468643,7.212463633331268,0,47,False
11,40,0.12494994369828216,2.8389820910641355,7.4802463823012655,0,48,False
11,14,-0.8139400653199125,-3.0988778417641782,8.179427862654382,7,49,False
11,16,0.11367054264879917,5.0,10.453097285755115,2,50,False
12,46,-0.0003454061522631946,0.0038370837126220983,0.011291978913178458,14,1,True
12,11,0.00564174522832963,0.001193472595985341,0.01719566218665891,3,2,False
12,36,0.013039077861083818,0.0015649090394172331,0.0417307826236919,14,3,False
12,4,0.013802333908446644,-0.014672735348913673,0.06775340039932987,9,4,False
12,9,0.018382105460621412,0.01047914254402485,0.07173182211543905,8,5,False
12,45,0.03282525968525157,0.006538271057673501,0.1242314918156997,6,6,False
12,32,-0.03456469640237362,0.005191322130952975,0.131070511718129,3,7,False
12,1,-0.043604169900944956,0.0016495166485740696,0.1733324623009449,4,8,False
12,38,0.05964833157182434,0.0018221080958817388,0.2608883055276583,11,9,False
12,23,-0.04483725460908056,-0.041441955996696596,0.26954894018338793,0,10,False
12,18,-0.00039114794970864127,-0.11174742302878027,0.6167880900019225,15,11,False
12,19,0.12303147094475753,-0.03946107725519147,0.7579916647113447,3,12,False
12,21,-0.17686035506627584,-0.012300606865943947,1.1584847358714012,3,13,False
12,15,-0.03717622105582391,-0.24352774243652442,1.7431780777280221,0,14,False
12,8,0.06082728404045848,-0.26403080845577875,1.9483244701314821,4,15,False
12,29,-0.08827864835692333,0.279722743961092,2.136915972475635,0,16,False
12,44,0.3167690508956941,-0.008745782932231605,2.250884447095896,0,17,False
12,7,-0.28132270784721003,0.1643044024327122,2.4469422511554524,0,18,False
12,34,-0.9788594200455047,-0.0021310931885494917,2.597617645071829,3,19,False
12,12,0.9117301116157679,0.012532638425876444,2.6198353992386214,2,20,False
12,13,0.009574137194638274,-0.9084355499450245,2.6238528217273296,1,21,False
12,42,-0.10827434893132404,0.38238931908595286,2.7920661575485934,5,22,False
12,33,0.05442079545141462,0.8155417434543013,2.944939914822687,2,23,False
12,30,-0.7882302340052778,-0.012728600998825855,2.974207863424429,1,24,False
12,47,-0.12910516469659472,-0.9501502141297273,2.9840751858242247,0,25,False
12,25,-0.13987239370000648,-0.9697202444076691,3.0581282149005102,1,26,False
12,17,-0.14297933348735187,-0.9141607525105002,3.0744415150920053,5,27,False
12,10,0.15025401329343768,-0.921474271758184,3.10952364884259,3,28,False
12,37,0.42080346963402104,-0.19116399053864352,3.211693772673176,1,29,False
12,5,-0.9184614975949004,0.19329393162415312,3.3635346620244815,0,30,False
12,24,0.48092186582539265,-0.20298590105534292,3.4374652276507693,0,31,False
12,28,0.20134838429456137,1.0155475623878767,3.530424660605686,0,32,False
12,31,0.9897302434068218,0.9600266053149704,3.5883727767488947,4,33,False
12,6,-1.0058532642246867,0.9638618288424673,3.612025411166791,1,34,False
12,48,0.9817770256080294,-0.9241261313763771,3.6278184963228246,2,35,False
12,35,-0.8880368439532005,-0.9589648510495581,3.7190181050260134,0,36,False
12,50,-1.046378366071603,-0.9647322312249026,3.735319016211666,2,37,False
12,40,0.12494994369828216,1.1715136864610702,3.983157868841197,0,38,False
12,39,0.8067097113029637,1.014508382665242,4.109162924535234,6,39,False
12,22,-0.9569962563820364,1.15118158979412,4.368606385196184,10,40,False
12,2,-0.6022486188309921,1.0307512382805424,4.730615182963206,2,41,False
12,27,1.9807564514235825,0.029603464441215865,4.919793461081095,5,42,False
12,20,-0.01198110268993521,1.8355667057596583,5.164149763456944,0,43,False
12,43,-0.00912539602182412,-1.4272663086441986,5.322148542200672,0,44,False
12,26,0.012033691579315858,1.46253615485855,5.442864040711033,2,45,False
12,41,2.041862430323635,-0.9361313855992943,5.593466362848538,12,46,False
12,49,0.11746900320702498,-1.7641465650065324,5.629638084974321,3,47,False
12,3,-0.9894923034384054,2.9311694119468643,7.212312277358507,0,48,False
12,14,-0.8139400653199125,-3.0988778417641782,8.179427862654382,9,49,False
12,16,0.11367054264879917,5.0,10.453097285755115,3,50,False
13,46,-0.0003454061522631946,0.0026772092536469557,0.007829076263274448,2,1,True
13,11,0.00564174522832963,0.001193472595985341,0.01719566218665891,5,2,False
13,4,0.013802333908446644,-0.014672735348913673,0.06775340039932987,14,3,False
13,9,0.018382105460621412,0.01047914254402485,0.07173182211543905,9,4,False
13,45,0.03282525968525157,0.006538271057673501,0.1242314918156997,8,5,False
13,32,-0.03456469640237362,0.005191322130952975,0.131070511718129,7,6,False
13,1,-0.043604169900944956,0.0016495166485740696,0.1733324623009449,8,7,False
13,38,0.05964833157182434,0.0018221080958817388,0.2608883055276583,12,8,False
13,23,-0.04483725460908056,-0.041441955996696596,0.26954894018338793,4,9,False
13,18,-0.00039114794970864127,-0.11174742302878027,0.6167880900019225,18,10,False
13,19,0.12303147094475753,-0.03946107725519147,0.7579916647113447,5,11,False
13,17,-0.14297933348735187,-0.026287187589819072,0.8893768167607452,0,12,False
13,21,-0.17686035506627584,-0.012300606865943947,1.1584847358714012,5,13,False
13,7,-0.06849940461264195,0.1643044024327122,1.1798708842820642,0,14,False
13,40,0.12494994369828216,0.1343693810748,1.2452194589134966,1,15,False
13,8,0.06082728404045848,-0.18682814190583244,1.3369516584640526,0,16,False
13,29,-0.08827864835692333,0.17604642985423646,1.3538134944150184,1,17,False
13,44,0.20841281136562334,-0.008745782932231605,1.4250292373539364,1,18,False
13,48,0.21330391498306311,-0.03544675792351015,1.4950009463692777,0,19,False
13,15,-0.03717622105582391,-0.24352774243652442,1.7431780777280221,3,20,False
13,34,-0.9788594200455047,0.00048093468842337964,2.5974970983353214,1,21,False
13,12,0.9117301116157679,0.012532638425876444,2.6198353992386214,5,22,False
13,13,0.009574137194638274,-0.9084355499450245,2.6238528217273296,2,23,False
13,28,0.0351500264564818,1.0155475623878767,2.7163619268343173,0,24,False
13,42,-0.10827434893132404,0.38238931908595286,2.7920661575485934,6,25,False
13,47,-0.1069258544516898,-0.9501502141297273,2.8680076459307426,0,26,False
13,33,0.05442079545141462,0.8155417434543013,2.944939914822687,3,27,False
13,30,-0.7882302340052778,-0.012728600998825855,2.974207863424429,3,28,False
13,37,0.42080346963402104,0.12309084061755438,2.9990603997271426,0,29,False
13,25,-0.13987239370000648,-0.9697202444076691,3.0581282149005102,3,30,False
13,24,0.37710902215296604,-0.20298590105534292,3.0852149906722173,0,31,False
13,10,0.15025401329343768,-0.921474271758184,3.10952364884259,4,32,False
13,27,0.5067204829367953,0.029603464441215865,3.111775727813989,0,33,False
13,5,-0.413101808503616,0.18796572960917649,3.172905570689274,0,34,False
13,16,0.11367054264879917,0.606263308003232,3.403722243487057,0,35,False
13,31,0.9897302434068218,0.9600266053149704,3.5883727767488947,5,36,False
13,6,-1.0058532642246867,0.9638618288424673,3.612025411166791,2,37,False
13,35,-0.8880368439532005,-0.9589648510495581,3.7190181050260134,1,38,False
13,50,-1.046378366071603,-0.9647322312249026,3.735319016211666,3,39,False
13,2,-0.8334211536799729,1.0307512382805424,4.039119571714981,0,40,False
13,39,0.8067097113029637,1.014508382665242,4.109162924535234,7,41,False
13,22,-0.9569962563820364,1.15118158979412,4.368606385196184,11,42,False
13,20,-0.01198110268993521,1.8355667057596583,5.164149763456944,2,43,False
13,43,-0.00912539602182412,-1.4272663086441986,5.322148542200672,1,44,False
13,26,0.0026849275000046732,1.46253615485855,5.441380647203683,1,45,False
13,41,2.041862430323635,-0.9580463097119061,5.554132603298399,0,46,False
13,49,0.11746900320702498,-1.7641465650065324,5.629638084974321,4,47,False
13,3,-0.9894923034384054,2.9311694119468643,7.212312277358507,1,48,False
13,14,-0.8139400653199125,-3.0988778417641782,8.179427862654382,10,49,False
13,36,-4.612773987710038,-1.7105634952350735,12.139166728890316,0,50,False
14,46,-0.0003454061522631946,0.0026772092536469557,0.007829076263274448,7,1,True
14,11,0.005194298451631999,0.001193472595985341,0.015830723763862853,1,2,False
14,4,0.013802333908446644,-0.014672735348913673,0.06775340039932987,15,3,False
14,9,0.018382105460621412,0.01047914254402485,0.07173182211543905,10,4,False
14,1,-0.030302301913310015,0.0016495166485740696,0.11017280568424015,1,5,False
14,45,0.03282525968525157,0.006538271057673501,0.1242314918156997,10,6,False
14,32,-0.03456469640237362,0.005191322130952975,0.131070511718129,8,7,False
14,38,0.05964833157182434,0.001820064460990718,0.26088793774966534,1,8,False
14,23,-0.04483725460908056,-0.041441955996696596,0.26954894018338793,8,9,False
14,44,0.06888427083614279,-0.008244487683358061,0.31948726365155666,0,10,False
14,18,-0.00039114794970864127,-0.07919791080030866,0.38269618731511246,2,11,False
14,29,-0.08827864835692333,0.04752448835818224,0.5330810436511269,1,12,False
14,21,0.12089615804870307,-0.012300606865943947,0.693392636334377,0,13,False
14,19,0.12303147094475753,-0.03946107725519147,0.7579916647113447,6,14,False
14,17,-0.14297933348735187,-0.026287187589819072,0.8893768167607452,1,15,False
14,7,-0.028643057951269223,0.1643044024327122,1.07103936430951,0,16,False
14,8,-0.007370917059561478,-0.18682814190583244,1.2409784858129496,0,17,False
14,40,0.12494994369828216,0.1343693810748,1.2452194589134966,2,18,False
14,48,0.21330391498306311,-0.006084680307068293,1.4652024421500411,0,19,False
14,15,-0.0292481406420976,-0.24352774243652442,1.7316658174445583,1,20,False
14,27,0.2564271537470569,0.016929039382910724,1.8208822035585936,0,21,False
14,42,-0.10827434893132404,0.22878779629114943,1.8451548563296254,1,22,False
14,25,-0.13987239370000648,-0.2191074649926038,1.9250982131961192,0,23,False
14,34,-0.9788594200455047,0.00048093468842337964,2.5974970983353214,3,24,False
14,12,0.9117301116157679,0.012532638425876444,2.6198353992386214,7,25,False
14,13,0.009574137194638274,-0.9084355499450245,2.6238528217273296,4,26,False
14,28,0.0351500264564818,1.0155475623878767,2.7163619268343173,2,27,False
14,5,-0.3407526888093539,0.18796572960917649,2.8660524198763615,1,28,False
14,47,-0.1069258544516898,-0.9501502141297273,2.8680076459307426,2,29,False
14,37,0.42080346963402104,0.07398416248208504,2.883355840149705,1,30,False
14,50,-1.046378366071603,-0.0661726347648307,2.923832545400448,3,31,False
14,33,0.05442079545141462,0.8155417434543013,2.944939914822687,4,32,False
14,30,-0.7882302340052778,-0.012728600998825855,2.974207863424429,5,33,False
14,24,0.37710902215296604,-0.19112740294788882,3.0416222462279596,0,34,False
14,10,0.15025401329343768,-0.921474271758184,3.10952364884259,5,35,False
14,16,0.11367054264879917,0.5733806605338339,3.372709049144451,0,36,False
14,31,0.9897302434068218,0.9600266053149704,3.5883727767488947,7,37,False
14,6,-1.0058532642246867,0.9638618288424673,3.612025411166791,3,38,False
14,22,-0.9569962563820364,0.24221171182746315,3.6651174072292396,0,39,False
14,35,-0.8880368439532005,-0.9589648510495581,3.7190181050260134,3,40,False
14,2,-0.8334211536799729,0.9976043302351527,3.959470339134793,0,41,False
14,39,0.8067097113029637,1.014388672089342,4.108875508948266,1,42,False
14,20,-0.01198110268993521,1.8355667057596583,5.164149763456944,4,43,False
14,43,-0.005049290183726628,-1.4272663086441986,5.3215020306332015,0,44,False
14,26,0.0026849275000046732,1.46253615485855,5.441380647203683,2,45,False
14,41,2.041862430323635,-0.9580463097119061,5.554132603298399,2,46,False
14,49,0.11746900320702498,-1.7641465650065324,5.629638084974321,5,47,False
14,3,-0.9894923034384054,2.9311694119468643,7.212312277358507,2,48,False
14,14,-0.8139400653199125,-3.0988778417641782,8.179427862654382,11,49,False
14,36,-5.0,-1.7105634952350735,11.787364889861871,1,50,False
15,11,-3.977448615493859e-05,0.001193472595985341,0.003415494878524772,0,1,True
15,46,-0.0003454061522631946,0.0026772092536469557,0.007829076263274448,11,2,False
15,32,-0.005030801293554418,0.005191322130952975,0.021837855010627738,3,3,False
15,45,0.0064180952297956395,0.006538271057673501,0.028147821066764056,1,4,False
15,9,-0.014971814872694972,0.0081261800553482,0.05589354856138273,0,5,False
15,4,0.011011881458757198,-0.014672735348913673,0.06082990014303791,0,6,False
15,1,-0.030302301913310015,0.0016495166485740696,0.11017280568424015,3,7,False
15,15,-0.0292481406420976,-0.04056854341772606,0.2069454449540271,3,8,False
15,23,-0.036920844621040325,-0.041441955996696596,0.23736418898026246,0,9,False
15,38,0.05964833157182434,0.001820064460990718,0.26088793774966534,5,10,False
15,18,-0.00039114794970864127,0.062334226161986694,0.2765338181860746,0,11,False
15,48,0.06681802759830316,-0.006084680307068293,0.3053296037243318,1,12,False
15,44,0.06888427083614279,-0.008244487683358061,0.31948726365155666,2,13,False
15,17,-0.07529036556605014,-0.026287187589819072,0.3869827131154655,1,14,False
15,29,-0.08827864835692333,0.04752448835818224,0.5330810436511269,2,15,False
15,37,0.08407828267554235,0.07398416248208504,0.6245931456076446,0,16,False
15,21,0.11656012885404037,-0.012300606865943947,0.659426057182444,0,17,False
15,13,0.009574137194638274,0.11746339893210633,0.66436003633746,0,18,False
15,28,0.031813405720822904,0.12215206255773714,0.7328012711643557,0,19,False
15,19,0.12303147094475753,-0.03946107725519147,0.7579916647113447,7,20,False
15,40,0.12494994369828216,0.06584658295913698,0.8625654768473869,0,21,False
15,7,-0.028643057951269223,0.1643044024327122,1.07103936430951,1,22,False
15,8,-0.007370917059561478,-0.18682814190583244,1.2409784858129496,1,23,False
15,42,-0.10827434893132404,0.15148890664699077,1.2665932415824028,0,24,False
15,25,-0.05268252223383836,-0.2191074649926038,1.578594006949459,0,25,False
15,27,0.2564271537470569,-0.0168731019675485,1.8208421581276508,0,26,False
15,34,-0.9788594200455047,0.00048093468842337964,2.5974970983353214,6,27,False
15,47,-0.036609538549238055,-0.9501502141297273,2.6164763060776157,2,28,False
15,12,0.9117301116157679,0.012532638425876444,2.6198353992386214,8,29,False
15,33,0.05442079545141462,0.9451971158660425,2.660253041400168,1,30,False
15,43,-0.005049290183726628,-0.8610492658406241,2.7385364214794206,0,31,False
15,24,0.37710902215296604,-0.10386125058458273,2.7547527757095556,1,32,False
15,5,-0.3407526888093539,0.18796572960917649,2.8660524198763615,2,33,False
15,50,-1.046378366071603,-0.0661726347648307,2.923832545400448,4,34,False
15,30,-0.7882302340052778,-0.012728600998825855,2.974207863424429,6,35,False
15,49,0.11746900320702498,-0.8653451682438168,3.025389118154163,0,36,False
15,10,0.15025401329343768,-0.9470604802522616,3.1038139479830815,0,37,False
15,26,0.0026849275000046732,0.7208670570173843,3.151544039258305,0,38,False
15,16,0.11367054264879917,0.5733806605338339,3.372709049144451,2,39,False
15,31,0.9772206697950231,0.9600266053149704,3.578389295297957,0,40,False
15,6,-1.0058532642246867,0.9653539823184897,3.6116490715050102,0,41,False
15,22,-0.9569962563820364,0.24221171182746315,3.6651174072292396,1,42,False
15,35,-0.8880368439532005,-0.9589648510495581,3.7190181050260134,4,43,False
15,2,-0.8334211536799729,0.9976043302351527,3.959470339134793,1,44,False
15,39,0.8067097113029637,1.014388672089342,4.108875508948266,3,45,False
15,41,0.5079774076736823,-0.9580463097119061,4.578291275832132,0,46,False
15,20,-0.01198110268993521,1.8355667057596583,5.164149763456944,5,47,False
15,3,-0.9894923034384054,1.3242442462016044,5.57234726167297,0,48,False
15,14,-0.8139400653199125,-3.0988778417641782,8.179427862654382,12,49,False
15,36,-5.0,-3.106494064471876,11.57835723541098,1,50,False
16,46,-0.0003454061522631946,0.0005762956389431489,0.0019123828226565998,0,1,True
16,11,-3.977448615493859e-05,0.001193472595985341,0.003415494878524772,3,2,False
16,32,-0.005030801293554418,0.005003198671867748,0.021408129478406313,3,3,False
16,45,0.0064180952297956395,0.006538271057673501,0.028147821066764056,2,4,False
16,9,-0.007263643421326048,0.0081261800553482,0.03398879073041927,2,5,False
16,27,0.005173731441339584,-0.0168731019675485,0.05819139829228748,0,6,False
16,4,0.011011881458757198,-0.014672735348913673,0.06082990014303791,2,7,False
16,1,-0.030302301913310015,0.0016495166485740696,0.11017280568424015,5,8,False
16,44,0.03250079036211038,-0.008244487683358061,0.1245111878865619,2,9,False
16,23,-0.036920844621040325,0.006227136824491858,0.1428137104978231,1,10,False
16,15,-0.009096410313999544,-0.04056854341772606,0.16299498168717763,0,11,False
16,8,-0.007216667627433962,-0.05849397014988689,0.25662545864413433,0,12,False
16,38,0.05964833157182434,0.001820064460990718,0.26088793774966534,6,13,False
16,18,-0.00039114794970864127,0.062334226161986694,0.2765338181860746,3,14,False
16,48,0.06681802759830316,-0.006084680307068293,0.3053296037243318,4,15,False
16,25,-0.05268252223383836,-0.04387187057153155,0.31523415496310436,2,16,False
16,17,-0.07529036556605014,0.0015840889683055026,0.35717498917375723,3,17,False
16,40,-0.03988413616123651,0.06584658295913698,0.36923339478482875,0,18,False
16,29,-0.08364498002847036,0.04752448835818224,0.50323591709757,0,19,False
16,19,0.09638022651248593,-0.03946107725519147,0.561403677480286,0,20,False
16,37,0.08407828267554235,0.07398416248208504,0.6245931456076446,1,21,False
16,21,0.11656012885404037,-0.012300606865943947,0.659426057182444,1,22,False
16,13,0.0030811463809047035,0.11746339893210633,0.661454890935627,1,23,False
16,28,0.027964528716011218,0.12215206255773714,0.724972992028722,0,24,False
16,7,-0.028643057951269223,0.1643044024327122,1.07103936430951,2,25,False
16,42,-0.10827434893132404,0.15148890664699077,1.2665932415824028,2,26,False
16,47,-0.0067050854020960365,-0.9501502141297273,2.5812589569380475,1,27,False
16,34,-0.9788594200455047,0.00048093468842337964,2.5974970983353214,7,28,False
16,24,0.37710902215296604,0.010568193950878157,2.606292224891956,0,29,False
16,12,0.9117301116157679,0.012532638425876444,2.6198353992386214,9,30,False
16,10,0.047683614188118076,-0.9470604802522616,2.6417659773580735,0,31,False
16,33,0.05442079545141462,0.9451971158660425,2.660253041400168,2,32,False
16,5,-0.3407526888093539,-0.1491589112645484,2.716711783684343,0,33,False
16,43,-0.005049290183726628,-0.8610492658406241,2.7385364214794206,1,34,False
16,50,-1.046378366071603,-0.0661726347648307,2.923832545400448,5,35,False
16,30,-0.7882302340052778,-0.01170957670806623,2.9737126071467626,0,36,False
16,49,0.11746900320702498,-0.8653451682438168,3.025389118154163,1,37,False
16,26,0.0026849275000046732,0.7208670570173843,3.151544039258305,1,38,False
16,16,0.11367054264879917,0.5733806605338339,3.372709049144451,4,39,False
16,31,0.9772206697950231,0.9600266053149704,3.578389295297957,1,40,False
16,6,-1.0058532642246867,0.9653539823184897,3.6116490715050102,1,41,False
16,22,-0.9569962563820364,0.24221171182746315,3.6651174072292396,2,42,False
16,35,-0.8880368439532005,-0.9589648510495581,3.7190181050260134,6,43,False
16,2,-0.8334211536799729,0.9976043302351527,3.959470339134793,2,44,False
16,39,0.8067097113029637,1.014388672089342,4.108875508948266,5,45,False
16,41,0.5079774076736823,0.4788995851865405,4.228816300142718,0,46,False
16,20,-0.01198110268993521,1.8355667057596583,5.164149763456944,6,47,False
16,3,-0.9894923034384054,1.3242442462016044,5.57234726167297,1,48,False
16,14,-0.8139400653199125,-3.0988778417641782,8.179427862654382,13,49,False
16,36,-5.0,-3.106494064471876,11.57835723541098,2,50,False
17,46,-0.0003454061522631946,0.0005762956389431489,0.0019123828226565998,1,1,True
17,11,-3.977448615493859e-05,0.001193472595985341,0.003415494878524772,5,2,False
17,26,0.0026849275000046732,-0.002442999139293689,0.010618114633818454,2,3,False
17,1,-0.006066179390205935,0.0016495166485740696,0.018832775631381526,2,4,False
17,32,-0.005030801293554418,0.004360328250011767,0.020009927658656057,1,5,False
17,45,0.0064180952297956395,-0.004804866709938838,0.02438752726891069,1,6,False
17,9,-0.007263643421326048,0.0038437241779476546,0.025041354028307428,0,7,False
17,44,0.0026979570849719157,-0.008244487683358061,0.026538421620479813,1,8,False
17,4,0.011011881458757198,0.00019855895615315984,0.034378182731405804,0,9,False
17,27,0.0004392760975587282,-0.0168731019675485,0.055308964135808214,4,10,False
17,18,-0.00039114794970864127,0.01689655544239687,0.055391863622560766,0,11,False
17,17,-0.03695280186173486,0.0015840889683055026,0.14063414276326158,0,12,False
17,23,-0.036920844621040325,0.006227136824491858,0.1428137104978231,2,13,False
17,15,-0.009096410313999544,-0.04056854341772606,0.16299498168717763,1,14,False
17,25,-0.011561106980766601,-0.04387187057153155,0.18225898458410983,0,15,False
17,40,-0.03783122210505976,0.03369945485751012,0.2105004327512927,0,16,False
17,8,-0.007216667627433962,-0.05651739989384466,0.24534929428050178,0,17,False
17,38,0.05964833157182434,0.001820064460990718,0.26088793774966534,9,18,False
17,28,0.027964528716011218,0.05430650714692152,0.2695189562595357,1,19,False
17,48,0.06681802759830316,0.005216868734701832,0.30487291027655106,1,20,False
17,7,-0.028643057951269223,0.07704201133721407,0.4035301151567947,0,21,False
17,29,-0.08364498002847036,-0.015273033643793305,0.4222653885997407,1,22,False
17,19,0.09638022651248593,-0.03946107725519147,0.561403677480286,1,23,False
17,37,0.08407828267554235,0.07398416248208504,0.6245931456076446,2,24,False
17,21,0.11656012885404037,-0.012300606865943947,0.659426057182444,3,25,False
17,13,0.0030811463809047035,0.11746339893210633,0.661454890935627,3,26,False
17,42,-0.10827434893132404,0.09559570441718254,0.8945079678220051,0,27,False
17,6,-0.16437308544187768,0.13506582662611188,1.5129874933443515,0,28,False
17,47,-0.0067050854020960365,-0.9501502141297273,2.5812589569380475,3,29,False
17,33,-0.005647917089294539,0.9451971158660425,2.5819392587508436,1,30,False
17,34,-0.9788594200455047,0.00048093468842337964,2.5974970983353214,10,31,False
17,24,0.37710902215296604,0.0024804174400487843,2.6047180008010398,0,32,False
17,12,0.9117301116157679,0.012532638425876444,2.6198353992386214,10,33,False
17,10,0.047683614188118076,-0.9470604802522616,2.6417659773580735,1,34,False
17,5,-0.3407526888093539,-0.1491589112645484,2.716711783684343,1,35,False
17,43,-0.004832299731340274,-0.8610492658406241,2.7384852135694797,0,36,False
17,50,-1.046378366071603,-0.02029985423382539,2.819005289450996,0,37,False
17,30,-0.7882302340052778,-0.01099133190435473,2.973388246413887,1,38,False
17,49,0.11746900320702498,-0.8653451682438168,3.025389118154163,2,39,False
17,16,0.007206142663010048,0.5733806605338339,3.223096593766894,0,40,False
17,31,0.9772206697950231,0.9600266053149704,3.578389295297957,2,41,False
17,35,-0.9529378384381878,-0.9589648510495581,3.5824613500421667,0,42,False
17,22,-0.9569962563820364,0.24221171182746315,3.6651174072292396,3,43,False
17,2,-0.8334211536799729,0.9976043302351527,3.959470339134793,3,44,False
17,39,0.8067097113029637,1.014388672089342,4.108875508948266,6,45,False
17,41,0.450611174815396,0.4788995851865405,4.1158768410004,0,46,False
17,20,-0.01198110268993521,1.8355667057596583,5.164149763456944,7,47,False
17,3,-0.9894923034384054,1.3242442462016044,5.57234726167297,2,48,False
17,14,-0.8139400653199125,-3.0988778417641782,8.179427862654382,14,49,False
17,36,-5.0,-3.106494064471876,11.57835723541098,3,50,False
18,46,-0.0003454061522631946,0.0005762956389431489,0.0019123828226565998,3,1,True
18,11,-3.977448615493859e-05,0.001193472595985341,0.003415494878524772,7,2,False
18,32,-0.00216267982573843,0.002008860228182258,0.008580741943284398,1,3,False
18,13,0.0030811463809047035,0.0016042784276948385,0.010146645339258686,2,4,False
18,26,0.0026849275000046732,-0.002442999139293689,0.010618114633818454,6,5,False
18,1,-0.006066179390205935,0.0016495166485740696,0.018832775631381526,4,6,False
18,18,-0.00039114794970864127,0.007534333409223399,0.022853967183128265,1,7,False
18,45,0.0064180952297956395,-0.004691749222829406,0.024168658794792908,0,8,False
18,9,-0.007263643421326048,0.0038437241779476546,0.025041354028307428,2,9,False
18,44,0.0026979570849719157,-0.008244487683358061,0.026538421620479813,5,10,False
18,4,0.011011881458757198,0.00019855895615315984,0.034378182731405804,3,11,False
18,27,0.0004392760975587282,-0.011042030293197428,0.03450485094278166,0,12,False
18,48,0.013219921143381858,0.004259259200853693,0.04441355550533688,2,13,False
18,25,-0.011561106980766601,-0.011898298304057373,0.05423923467506642,1,14,False
18,17,-0.03695280186173486,0.0015840889683055026,0.14063414276326158,2,15,False
18,23,-0.036920844621040325,0.006227136824491858,0.1428137104978231,3,16,False
18,6,-0.022163200124059895,0.03330093482228878,0.15528811930722997,0,17,False
18,15,-0.009096410313999544,-0.04056854341772606,0.16299498168717763,3,18,False
18,7,-0.01891017230592683,0.043668266141626985,0.1938993188926692,0,19,False
18,40,-0.03783122210505976,0.03369945485751012,0.2105004327512927,1,20,False
18,28,0.010956552715610201,0.05430650714692152,0.23644959424391176,1,21,False
18,37,0.044827101401670635,0.03493434263945907,0.24491523101460944,0,22,False
18,8,-0.007216667627433962,-0.05651739989384466,0.24534929428050178,2,23,False
18,38,0.05964833157182434,0.001820064460990718,0.26088793774966534,11,24,False
18,29,0.07755606691951554,0.00722518232584415,0.37411068368670586,0,25,False
18,21,0.102314892921742,-0.012300606865943947,0.5512378815822818,1,26,False
18,19,0.09638022651248593,-0.03946107725519147,0.561403677480286,3,27,False
18,42,-0.10827434893132404,0.09559570441718254,0.8945079678220051,1,28,False
18,34,-0.35881515142864495,0.00048093468842337964,2.5056343093075317,1,29,False
18,47,-0.0067050854020960365,-0.9501502141297273,2.5812589569380475,4,30,False
18,33,-0.005638999208573143,0.9451971158660425,2.5819365060557193,0,31,False
18,10,0.016089726654215236,-0.9470604802522616,2.5876222676519913,0,32,False
18,24,0.37710902215296604,0.0024804174400487843,2.6047180008010398,2,33,False
18,12,0.9117301116157679,0.012532638425876444,2.6198353992386214,11,34,False
18,5,-0.3407526888093539,-0.1491589112645484,2.716711783684343,3,35,False
18,43,-0.004832299731340274,-0.8610492658406241,2.7384852135694797,2,36,False
18,35,-0.9529378384381878,0.08329133021937074,2.761100195292688,0,37,False
18,50,-1.046378366071603,-0.02029985423382539,2.819005289450996,1,38,False
18,30,-0.7882302340052778,-0.002040079917019863,2.971065368253367,0,39,False
18,49,0.11746900320702498,-0.8653451682438168,3.025389118154163,3,40,False
18,16,0.007206142663010048,0.5733806605338339,3.223096593766894,1,41,False
18,31,0.9614824789985473,0.9600266053149704,3.5773743823808215,0,42,False
18,22,-0.9569962563820364,0.24221171182746315,3.6651174072292396,4,43,False
18,2,-0.8334211536799729,0.9976043302351527,3.959470339134793,4,44,False
18,39,0.8067097113029637,1.014388672089342,4.108875508948266,9,45,False
18,41,0.450611174815396,0.4788995851865405,4.1158768410004,1,46,False
18,20,-0.01198110268993521,1.8355667057596583,5.164149763456944,8,47,False
18,3,-0.9894923034384054,1.985565213575624,5.394319116398336,0,48,False
18,14,-0.8139400653199125,-1.9900019133552047,5.959178979641241,0,49,False
18,36,-3.9829919619063023,-3.106494064471876,10.494540470203816,0,50,False
19,46,-0.0003454061522631946,0.0005762956389431489,0.0019123828226565998,6,1,True
19,11,-3.977448615493859e-05,0.001193472595985341,0.003415494878524772,8,2,False
19,4,-0.002668963777503629,0.00019855895615315984,0.007760553728648478,0,3,False
19,32,-0.00216267982573843,0.002008860228182258,0.008580741943284398,2,4,False
19,13,0.0030811463809047035,0.0016042784276948385,0.010146645339258686,6,5,False
19,26,0.0026849275000046732,-0.002442999139293689,0.010618114633818454,9,6,False
19,1,-0.006066179390205935,0.0016495166485740696,0.018832775631381526,7,7,False
19,18,-0.00039114794970864127,0.007534333409223399,0.022853967183128265,3,8,False
19,45,0.0064180952297956395,-0.004691749222829406,0.024168658794792908,3,9,False
19,9,-0.007263643421326048,0.0038437241779476546,0.025041354028307428,3,10,False
19,44,0.00044750469200505573,-0.008244487683358061,0.025167546242493177,0,11,False
19,27,-0.00037349970117514736,-0.011042030293197428,0.03449658663030464,0,12,False
19,28,0.010956552715610201,0.0052971461048543,0.038361189021248965,1,13,False
19,30,-0.01291559391206909,-0.002040079917019863,0.041530196954273624,0,14,False
19,21,0.006288954951052736,-0.012300606865943947,0.044150122052990515,0,15,False
19,48,0.013219921143381858,0.004259259200853693,0.04441355550533688,3,16,False
19,25,-0.007994035668025921,-0.011898298304057373,0.04600747263746685,0,17,False
19,15,-0.007951046274551472,-0.02128574355713761,0.07796310459952638,1,18,False
19,6,-0.022163200124059895,0.019775235843469473,0.10736909073583378,1,19,False
19,37,-0.0044261389666587145,0.03493434263945907,0.13228629072371634,2,20,False
19,17,-0.03530253206108739,-0.0006740521926756021,0.1327273219655969,1,21,False
19,23,-0.036920844621040325,0.002336145844131348,0.14067259145996447,1,22,False
19,7,-0.01891017230592683,0.043668266141626985,0.1938993188926692,4,23,False
19,40,-0.03783122210505976,0.03369945485751012,0.2105004327512927,3,24,False
19,19,0.03852807785834562,-0.03946107725519147,0.23537531525052247,0,25,False
19,8,-0.002996304619776904,-0.05651739989384466,0.24316416663970175,0,26,False
19,38,0.05964833157182434,0.001820064460990718,0.26088793774966534,12,27,False
19,29,0.07755606691951554,0.00722518232584415,0.37411068368670586,1,28,False
19,42,-0.10827434893132404,0.09559570441718254,0.8945079678220051,2,29,False
19,34,-0.35881515142864495,0.00048093468842337964,2.5056343093075317,2,30,False
19,33,-0.0018656995869814194,0.9451971158660425,2.5811619148841136,0,31,False
19,47,-0.0067050854020960365,-0.9501502141297273,2.5812589569380475,5,32,False
19,10,0.016089726654215236,-0.9470604802522616,2.5876222676519913,2,33,False
19,24,0.37710902215296604,0.0024804174400487843,2.6047180008010398,4,34,False
19,12,0.9117301116157679,0.012532638425876444,2.6198353992386214,12,35,False
19,16,0.007206142663010048,0.9057604989602419,2.6277445505043997,0,36,False
19,5,-0.3407526888093539,-0.1491589112645484,2.716711783684343,4,37,False
19,43,-0.004832299731340274,-0.8610492658406241,2.7384852135694797,3,38,False
19,35,-0.9529378384381878,0.08329133021937074,2.761100195292688,1,39,False
19,50,-1.046378366071603,-0.015338098467437722,2.8141788404386436,0,40,False
19,49,0.10586945025374041,-0.8653451682438168,2.973695494060568,0,41,False
19,39,0.8067097113029637,0.09832483691927507,3.1001157948235947,0,42,False
19,14,-0.8139400653199125,-0.1448151985304631,3.272361648787474,0,43,False
19,31,0.9614824789985473,0.9600266053149704,3.5773743823808215,2,44,False
19,22,-0.9569962563820364,0.24221171182746315,3.6651174072292396,7,45,False
19,41,0.450611174815396,0.32701382441007254,3.740384134208782,0,46,False
19,2,-0.8334211536799729,0.9976043302351527,3.959470339134793,5,47,False
19,20,-0.011593832029544952,1.8355667057596583,5.163952858681821,1,48,False
19,3,-0.9894923034384054,1.985565213575624,5.394319116398336,1,49,False
19,36,-1.1347587048123144,-3.106494064471876,8.12822683522336,0,50,False
20,11,-3.977448615493859e-05,-0.00016878602268228062,0.000491275860700302,1,1,True
20,46,-0.0003454061522631946,0.0005762956389431489,0.0019123828226565998,8,2,False
20,13,-0.0009260672146824611,0.0016042784276948385,0.005330688407948703,1,3,False
20,4,-0.002668963777503629,0.00019855895615315984,0.007760553728648478,4,4,False
20,32,-0.00216267982573843,0.002008860228182258,0.008580741943284398,3,5,False
20,26,0.0026849275000046732,-0.002442999139293689,0.010618114633818454,11,6,False
20,9,-0.004029060642442859,-0.0007785167923815145,0.012055039966910375,1,7,False
20,1,-0.006066179390205935,0.0016495166485740696,0.018832775631381526,10,8,False
20,45,0.0064180952297956395,-0.0025444936686394625,0.02079652942471144,0,9,False
20,18,-0.00039114794970864127,0.007534333409223399,0.022853967183128265,6,10,False
20,44,0.00044750469200505573,-0.008244487683358061,0.025167546242493177,1,11,False
20,21,0.006120187115387345,-0.008650545787568353,0.03295959247778102,0,12,False
20,27,-0.00037349970117514736,-0.011042030293197428,0.03449658663030464,3,13,False
20,25,-0.007994035668025921,-0.00793442922914325,0.03523239576283688,0,14,False
20,28,0.010956552715610201,0.0052971461048543,0.038361189021248965,2,15,False
20,30,-0.01291559391206909,-0.002040079917019863,0.041530196954273624,1,16,False
20,48,0.013219921143381858,0.004259259200853693,0.04441355550533688,4,17,False
20,12,0.015937850221986682,0.012532638425876444,0.06826315363198576,0,18,False
20,6,-0.022163200124059895,0.00492907250525825,0.07788934536842307,0,19,False
20,15,-0.007951046274551472,-0.02128574355713761,0.07796310459952638,6,20,False
20,37,-0.0044261389666587145,0.03391943415542596,0.12761480159953864,0,21,False
20,17,-0.03530253206108739,-0.0006740521926756021,0.1327273219655969,4,22,False
20,23,-0.036920844621040325,0.002336145844131348,0.14067259145996447,2,23,False
20,7,-0.01891017230592683,0.043668266141626985,0.1938993188926692,6,24,False
20,40,-0.03783122210505976,0.03369945485751012,0.2105004327512927,5,25,False
20,8,-0.002996304619776904,-0.05487055808236768,0.23387231936919095,2,26,False
20,19,0.03852807785834562,-0.03946107725519147,0.23537531525052247,1,27,False
20,38,0.05964833157182434,-0.0005505781661917491,0.26073921897449326,0,28,False
20,29,0.07755606691951554,0.002725132858182105,0.3721722934752312,2,29,False
20,42,-0.10827434893132404,0.09559570441718254,0.8945079678220051,5,30,False
20,43,-0.004832299731340274,0.27580933721507095,1.9629810508874646,0,31,False
20,34,-0.35881515142864495,0.00048093468842337964,2.5056343093075317,3,32,False
20,47,-0.003188840624289682,-0.9501502141297273,2.580303186468328,0,33,False
20,33,-0.0018656995869814194,0.9451971158660425,2.5811619148841136,2,34,False
20,10,0.010095167709177396,-0.9470604802522616,2.583332095684114,0,35,False
20,24,0.37710902215296604,0.0003977393913597786,2.6046285190526786,0,36,False
20,16,0.007206142663010048,0.9057604989602419,2.6277445505043997,2,37,False
20,5,-0.3407526888093539,-0.1491589112645484,2.716711783684343,5,38,False
20,35,-0.9529378384381878,0.08329133021937074,2.761100195292688,2,39,False
20,50,-1.046378366071603,-0.015338098467437722,2.8141788404386436,1,40,False
20,49,0.10586945025374041,-0.8653451682438168,2.973695494060568,2,41,False
20,39,0.8067097113029637,0.09832483691927507,3.1001157948235947,2,42,False
20,14,-0.4780180669224606,-0.1448151985304631,3.2539187656628568,0,43,False
20,31,0.9614824789985473,0.9600266053149704,3.5773743823808215,3,44,False
20,22,-0.9569962563820364,0.24221171182746315,3.6651174072292396,8,45,False
20,41,0.450611174815396,0.32701382441007254,3.740384134208782,1,46,False
20,2,-0.8334211536799729,0.9976043302351527,3.959470339134793,6,47,False
20,20,-0.011593832029544952,1.8355667057596583,5.163952858681821,2,48,False
20,3,-0.9894923034384054,1.985565213575624,5.394319116398336,2,49,False
20,36,-1.1347587048123144,-2.12069793848025,6.482868912900905,0,50,False
21,11,-3.977448615493859e-05,-0.00016878602268228062,0.000491275860700302,2,1,True
21,46,-0.0003454061522631946,0.0005762956389431489,0.0019123828226565998,12,2,False
21,13,-0.0009260672146824611,0.0016042784276948385,0.005330688407948703,6,3,False
21,32,-0.00216267982573843,-0.0007127868743124618,0.006578720929408366,1,4,False
21,4,-0.002668963777503629,0.00019855895615315984,0.007760553728648478,6,5,False
21,44,0.0004322782938511048,-0.003245048956230254,0.009544820216245586,0,6,False
21,26,-0.002629071847101508,-0.002442999139293689,0.010493917382988105,1,7,False
21,9,-0.004029060642442859,0.00029833703939646013,0.011861681949504987,2,8,False
21,45,0.004571206943853131,-0.0025444936686394625,0.015526088511425673,0,9,False
21,1,-0.006066179390205935,0.0016495166485740696,0.018832775631381526,11,10,False
21,25,0.006370996994185566,-0.003223951053002538,0.021552845642738294,0,11,False
21,18,-0.00039114794970864127,0.007534333409223399,0.022853967183128265,9,12,False
21,28,-0.008024987402599888,0.0052971461048543,0.029657590414651214,0,13,False
21,21,0.006120187115387345,-0.008650545787568353,0.03295959247778102,5,14,False
21,27,-0.00037349970117514736,-0.011042030293197428,0.03449658663030464,6,15,False
21,30,-0.01291559391206909,-0.002040079917019863,0.041530196954273624,3,16,False
21,48,0.013219921143381858,0.001715941428934162,0.042430553661241266,1,17,False
21,12,0.015937850221986682,0.006696536302494161,0.056837016966455156,1,18,False
21,15,-0.007951046274551472,-0.020346134199239446,0.07444695514037436,1,19,False
21,6,-0.02202098934740523,0.00492907250525825,0.07733083194504475,1,20,False
21,17,-0.024938985576850516,-0.0006740521926756021,0.08705261211545023,0,21,False
21,38,0.027195398985956062,-0.0005505781661917491,0.09651811168459234,0,22,False
21,37,-0.0044261389666587145,0.03391943415542596,0.12761480159953864,3,23,False
21,23,-0.036920844621040325,0.00015746045477173492,0.14032197991936401,0,24,False
21,19,0.03852807785834562,-0.007382981567238135,0.15143273291040815,0,25,False
21,7,-0.01639607697096692,0.043668266141626985,0.18892748278759486,0,26,False
21,40,-0.03783122210505976,0.03369945485751012,0.2105004327512927,6,27,False
21,8,-0.002996304619776904,-0.05487055808236768,0.23387231936919095,5,28,False
21,29,0.07755606691951554,0.002725132858182105,0.3721722934752312,4,29,False
21,42,-0.06407647242358747,0.09559570441718254,0.6482509404412551,0,30,False
21,14,-0.1628022491611133,-0.1448151985304631,1.561579589277955,0,31,False
21,24,-0.22934585355274573,0.0003977393913597786,1.597637753213395,0,32,False
21,43,-0.004832299731340274,0.27580933721507095,1.9629810508874646,1,33,False
21,49,0.06542738663635342,-0.29690008780154864,2.1922747022790543,0,34,False
21,34,-0.35881515142864495,0.00048093468842337964,2.5056343093075317,4,35,False
21,47,-0.003188840624289682,-0.9501502141297273,2.580303186468328,1,36,False
21,33,-0.0018656995869814194,0.9589399161286719,2.5811245612257534,0,37,False
21,10,0.010095167709177396,-0.9470604802522616,2.583332095684114,2,38,False
21,41,-0.1448419035749619,0.32701382441007254,2.6276694154943887,0,39,False
21,16,0.007206142663010048,0.9057604989602419,2.6277445505043997,4,40,False
21,5,-0.3407526888093539,-0.1491589112645484,2.716711783684343,6,41,False
21,35,-0.9529378384381878,0.08329133021937074,2.761100195292688,3,42,False
21,50,-1.046378366071603,-0.01406144719882621,2.813152655093351,1,43,False
21,39,0.8067097113029637,0.09832483691927507,3.1001157948235947,3,44,False
21,2,-0.8334211536799729,0.17338565928815752,3.3678485610906255,0,45,False
21,31,0.9614824789985473,0.9669517039517543,3.5757328248954754,0,46,False
21,22,-0.9248856815080456,0.24221171182746315,3.647952583796219,0,47,False
21,36,-1.1347587048123144,-0.12366612991029982,3.7105562912857946,0,48,False
21,20,-0.011593832029544952,1.8355667057596583,5.163952858681821,3,49,False
21,3,-0.9894923034384054,1.985565213575624,5.394319116398336,3,50,False
22,11,-3.977448615493859e-05,-0.00016878602268228062,0.000491275860700302,3,1,True
22,46,-0.0003454061522631946,0.0005762956389431489,0.0019123828226565998,15,2,False
22,32,-0.0008164531241917235,-0.0007127868743124618,0.0030967784802879983,1,3,False
22,27,-0.00037349970117514736,0.0014629618504378421,0.004331311161579254,3,4,False
22,13,-0.0009260672146824611,0.0016042784276948385,0.005330688407948703,8,5,False
22,4,-0.0019898296574745507,0.00019855895615315984,0.005762518765803026,1,6,False
22,44,0.0004322782938511048,-0.003245048956230254,0.009544820216245586,2,7,False
22,48,0.0028443808231996826,0.0016884172658214215,0.009647074839108871,0,8,False
22,26,-0.002629071847101508,-0.002442999139293689,0.010493917382988105,5,9,False
22,9,-0.004029060642442859,0.00029833703939646013,0.011861681949504987,4,10,False
22,45,0.004571206943853131,-0.0025444936686394625,0.015526088511425673,1,11,False
22,1,0.005871135340392875,0.0016495166485740696,0.018239084090805324,1,12,False
22,6,-0.004662047177281671,0.00492907250525825,0.02041501627983111,1,13,False
22,25,0.006370996994185566,-0.003223951053002538,0.021552845642738294,2,14,False
22,15,-0.0037679188198523365,0.006096752424606186,0.021639025151899194,0,15,False
22,30,0.00717126624393017,-0.0011896799961131953,0.021967129440569,0,16,False
22,18,-0.00039114794970864127,0.007534333409223399,0.022853967183128265,12,17,False
22,21,-0.0014066651469757448,-0.008650545787568353,0.026832885246424798,0,18,False
22,28,-0.008024987402599888,0.004406817904999712,0.02812592583779905,1,19,False
22,12,0.015937850221986682,0.002307934849920353,0.05244054324249747,0,20,False
22,17,-0.024938985576850516,-0.0006740521926756021,0.08705261211545023,1,21,False
22,38,0.027195398985956062,-0.0005505781661917491,0.09651811168459234,2,22,False
22,37,-0.0044261389666587145,0.03391943415542596,0.12761480159953864,6,23,False
22,23,-0.036920844621040325,0.00015746045477173492,0.14032197991936401,1,24,False
22,19,0.03852807785834562,-0.007382981567238135,0.15143273291040815,1,25,False
22,7,-0.01639607697096692,0.04004131348162973,0.17154401539358632,2,26,False
22,40,-0.03783122210505976,0.03369945485751012,0.2105004327512927,9,27,False
22,8,-0.002996304619776904,-0.05487055808236768,0.23387231936919095,8,28,False
22,29,0.07755606691951554,0.002174004559348121,0.3720552849972525,0,29,False
22,42,-0.06407647242358747,0.09559570441718254,0.6482509404412551,1,30,False
22,14,-0.1628022491611133,-0.10137783462301762,1.3140267629498692,0,31,False
22,24,-0.22934585355274573,0.0003977393913597786,1.597637753213395,1,32,False
22,43,-0.004832299731340274,0.27580933721507095,1.9629810508874646,2,33,False
22,10,0.010095167709177396,-0.2821839795332828,2.011495717728192,0,34,False
22,49,0.06542738663635342,-0.29690008780154864,2.1922747022790543,1,35,False
22,34,-0.35881515142864495,0.0003146899143318926,2.5056322443757613,1,36,False
22,47,-0.003188840624289682,-0.9501502141297273,2.580303186468328,2,37,False
22,33,-0.0018656995869814194,0.9589399161286719,2.5811245612257534,1,38,False
22,35,-0.9529378384381878,0.03430351163864564,2.6120626219819347,0,39,False
22,16,0.0023320382125190265,0.9057604989602419,2.626535753518461,1,40,False
22,41,-0.1448419035749619,0.32701382441007254,2.6276694154943887,1,41,False
22,5,-0.3407526888093539,-0.1491589112645484,2.716711783684343,7,42,False
22,50,-1.046378366071603,-0.01406144719882621,2.813152655093351,2,43,False
22,39,0.8067097113029637,0.09832483691927507,3.1001157948235947,4,44,False
22,2,-0.8334211536799729,0.17338565928815752,3.3678485610906255,1,45,False
22,31,0.9614824789985473,0.9669517039517543,3.5757328248954754,1,46,False
22,22,-0.9248856815080456,0.24221171182746315,3.647952583796219,1,47,False
22,36,-1.1347587048123144,0.1176498007328487,3.6830077834901016,0,48,False
22,20,-0.011593832029544952,1.8355667057596583,5.163952858681821,4,49,False
22,3,-0.9894923034384054,1.985565213575624,5.394319116398336,4,50,False
23,11,-3.977448615493859e-05,-0.00016878602268228062,0.000491275860700302,5,1,True
23,46,-0.0003454061522631946,0.0005762956389431489,0.0019123828226565998,16,2,False
23,38,-0.0004050721408817917,-0.0005505781661917491,0.0019457694940752113,2,3,False
23,45,0.0008271202591037734,-0.0001696056909850042,0.002407110422219194,0,4,False
23,30,-8.007368636794333e-05,0.0009515670532417764,0.002725232439054981,0,5,False
23,32,-0.0007041112238285639,-0.0007127868743124618,0.0028605797074274797,3,6,False
23,27,-0.00037349970117514736,0.0014629618504378421,0.004331311161579254,5,7,False
23,13,-0.0009260672146824611,0.0014480618331090195,0.004940344932368834,0,8,False
23,4,-0.0019898296574745507,0.00019855895615315984,0.005762518765803026,3,9,False
23,44,-0.00020337504771784855,-0.0023462803769388803,0.006808851635693447,3,10,False
23,26,-0.00023426087509586776,-0.002442999139293689,0.007101918552284037,0,11,False
23,48,0.0028443808231996826,0.0016884172658214215,0.009647074839108871,2,12,False
23,9,-0.004029060642442859,0.0002453030513639374,0.011850817591267049,2,13,False
23,6,-0.0025611336527833397,0.00492907250525825,0.016532625867132555,3,14,False
23,1,0.005871135340392875,0.001337635459463743,0.017996871495402633,0,15,False
23,25,0.006370996994185566,-0.002655908771907751,0.020791222909672502,0,16,False
23,15,-0.0037679188198523365,0.006096752424606186,0.021639025151899194,1,17,False
23,18,-0.00039114794970864127,0.007534333409223399,0.022853967183128265,14,18,False
23,21,-0.0010850572804880555,-0.008650545787568353,0.02668191414149179,0,19,False
23,28,-0.008024987402599888,0.004406817904999712,0.02812592583779905,2,20,False
23,12,0.009887367333779068,0.002307934849920353,0.031460250530568334,2,21,False
23,23,-0.01808981712133511,0.00015746045477173492,0.05985870819706962,0,22,False
23,17,-0.024938985576850516,-0.0006740521926756021,0.08705261211545023,3,23,False
23,37,-0.0044261389666587145,0.03391943415542596,0.12761480159953864,8,24,False
23,40,-0.009707063573898318,0.03369945485751012,0.1316295420445539,0,25,False
23,19,0.03852807785834562,-0.007382981567238135,0.15143273291040815,2,26,False
23,7,-0.002618487655554157,0.04004131348162973,0.15580818285604225,0,27,False
23,8,-0.002996304619776904,-0.05487055808236768,0.23387231936919095,9,28,False
23,42,-0.06407647242358747,0.03745633008692859,0.35111028746564843,2,29,False
23,29,0.0764620582358492,-0.00046620648278354387,0.3646954024153577,0,30,False
23,41,-0.1448419035749619,0.0015470080550742393,0.8830362224594208,2,31,False
23,14,-0.1628022491611133,-0.10137783462301762,1.3140267629498692,1,32,False
23,24,-0.22934585355274573,7.351012144597116e-05,1.5976341886465382,0,33,False
23,43,-0.004832299731340274,0.27580933721507095,1.9629810508874646,3,34,False
23,10,0.010095167709177396,-0.2821839795332828,2.011495717728192,1,35,False
23,49,0.06542738663635342,-0.29690008780154864,2.1922747022790543,2,36,False
23,34,-0.35881515142864495,-0.00019956890734682258,2.505631320132292,1,37,False
23,47,-0.003188840624289682,-0.9501502141297273,2.580303186468328,3,38,False
23,33,-0.0018656995869814194,0.9589399161286719,2.5811245612257534,2,39,False
23,35,-0.9529378384381878,0.03430351163864564,2.6120626219819347,1,40,False
23,16,0.0023320382125190265,0.9057604989602419,2.626535753518461,2,41,False
23,22,-0.9248856815080456,0.038370199229774665,2.635627051682022,0,42,False
23,5,-0.3407526888093539,-0.1491589112645484,2.716711783684343,8,43,False
23,50,-1.046378366071603,-0.01406144719882621,2.813152655093351,3,44,False
23,39,0.8067097113029637,0.07252908568769705,3.0176325025914434,0,45,False
23,2,-0.9962994033036578,0.17338565928815752,3.305553753730774,0,46,False
23,31,0.9614824789985473,0.9669517039517543,3.5757328248954754,2,47,False
23,36,-1.1347587048123144,0.1176498007328487,3.6830077834901016,2,48,False
23,20,-0.011593832029544952,1.387116695866918,5.15425406347941,1,49,False
23,3,-0.9894923034384054,1.985565213575624,5.394319116398336,5,50,False
24,11,-3.977448615493859e-05,-0.00016878602268228062,0.000491275860700302,9,1,True
24,30,-8.007368636794333e-05,-0.0005924948921041348,0.0017005821558098155,1,2,False
24,46,-0.0003454061522631946,0.0005762956389431489,0.0019123828226565998,17,3,False
24,38,-0.0004050721408817917,-0.0005505781661917491,0.0019457694940752113,4,4,False
24,45,0.0008271202591037734,-0.0001696056909850042,0.002407110422219194,2,5,False
24,32,-0.0007041112238285639,-0.0007127868743124618,0.0028605797074274797,5,6,False
24,27,-0.00037349970117514736,0.0014022405952986597,0.004160490427498775,1,7,False
24,13,-0.0009260672146824611,0.0014480618331090195,0.004940344932368834,1,8,False
24,4,-0.0019898296574745507,0.00019855895615315984,0.005762518765803026,5,9,False
24,44,-0.00020337504771784855,-0.002029850641324895,0.005880843851035156,1,10,False
24,26,-0.00023426087509586776,-0.002442999139293689,0.007101918552284037,4,11,False
24,23,-0.0025394754930072715,0.00015746045477173492,0.007368891365949981,0,12,False
24,48,0.0028443808231996826,-0.001273647527862212,0.009073456757992648,0,13,False
24,9,-0.003412634336937035,0.0002453030513639374,0.009988980138942782,3,14,False
24,6,-0.0025611336527833397,0.0032070544091885303,0.012056975120362967,3,15,False
24,1,0.005822815598730194,0.001337635459463743,0.01784860702143165,1,16,False
24,15,0.0016938830075973205,0.006096752424606186,0.018963260590063147,1,17,False
24,25,0.006370996994185566,-0.002655908771907751,0.020791222909672502,2,18,False
24,18,-0.00027112712880753183,0.007338641156903794,0.022206381257700247,0,19,False
24,17,-0.008516564690189951,-0.0006740521926756021,0.026106151669289535,0,20,False
24,21,-0.0010131566172970022,-0.008650545787568353,0.02665341608467431,1,21,False
24,37,-0.0044261389666587145,0.0075313765793561666,0.02673926301224272,0,22,False
24,28,-0.008024987402599888,0.004406817904999712,0.02812592583779905,3,23,False
24,12,0.009887367333779068,0.002307934849920353,0.031460250530568334,4,24,False
24,19,0.03376615904127877,-0.007382981567238135,0.12927200897705093,0,25,False
24,40,-0.009707063573898318,0.03369945485751012,0.1316295420445539,3,26,False
24,7,-0.002618487655554157,0.04004131348162973,0.15580818285604225,4,27,False
24,24,-0.047979190277063585,7.351012144597116e-05,0.19585339159916204,0,28,False
24,8,-0.002765945249532958,-0.05487055808236768,0.23380384491504858,1,29,False
24,42,-0.048362309021156166,0.03745633008692859,0.2701980223364484,0,30,False
24,29,0.0764620582358492,-0.00046620648278354387,0.3646954024153577,2,31,False
24,10,0.010095167709177396,-0.08524646795895446,0.4277101083028687,1,32,False
24,14,-0.08656348419256843,-0.10137783462301762,0.7989405373188707,1,33,False
24,41,-0.1448419035749619,0.00048777812313992113,0.8829679397937231,1,34,False
24,39,-0.12806420863750412,0.07252908568769705,0.9143657095168867,1,35,False
24,43,-0.004832299731340274,-0.18329021274531315,1.20988745876975,0,36,False
24,49,0.06542738663635342,-0.2699519977970132,2.0030863487821198,0,37,False
24,34,-0.35881515142864495,-0.00014853162466846678,2.5056310427731288,0,38,False
24,47,-0.003188840624289682,-0.9501502141297273,2.580303186468328,4,39,False
24,33,-0.0018656995869814194,0.9589399161286719,2.5811245612257534,3,40,False
24,35,-0.9529378384381878,0.03430351163864564,2.6120626219819347,2,41,False
24,16,-1.853448157828697e-05,0.9057604989602419,2.6263943002618686,0,42,False
24,22,-0.9248856815080456,0.038370199229774665,2.635627051682022,1,43,False
24,5,-0.3407526888093539,-0.1491589112645484,2.716711783684343,9,44,False
24,50,-1.046378366071603,-0.0011387537558071592,2.807772232953955,0,45,False
24,36,-0.3895376596391774,0.1176498007328487,2.8514466426049094,0,46,False
24,2,-0.9962994033036578,0.17338565928815752,3.305553753730774,1,47,False
24,31,0.9614824789985473,0.9669517039517543,3.5757328248954754,3,48,False
24,20,-0.011593832029544952,1.387116695866918,5.15425406347941,2,49,False
24,3,-0.9894923034384054,1.985565213575624,5.394319116398336,6,50,False
25,11,-3.977448615493859e-05,2.181574388885671e-05,0.00012836493720813635,1,1,True
25,30,-8.007368636794333e-05,-0.0002664520273993605,0.0007889969788874573,0,2,False
25,18,-0.00027112712880753183,-0.00014200566850244237,0.0008681757975357307,0,3,False
25,27,-0.0003268509685627362,0.00026486253277125966,0.0011946160285636331,2,4,False
25,46,-0.0003454061522631946,0.0005762956389431489,0.0019123828226565998,20,5,False
25,38,-0.0004050721408817917,-0.0005505781661917491,0.0019457694940752113,5,6,False
25,45,0.0006624760799183822,-0.0001696056909850042,0.0019466513092116777,0,7,False
25,32,-0.00015989286110272278,-0.0007022969593934518,0.002051041419349975,0,8,False
25,17,-0.0014845876518598212,-0.0006740521926756021,0.004682377448258723,2,9,False
25,13,-0.0009260672146824611,0.0014480618331090195,0.004940344932368834,2,10,False
25,4,-0.0019898296574745507,0.00019855895615315984,0.005762518765803026,7,11,False
25,44,-0.00020337504771784855,-0.002029850641324895,0.005880843851035156,3,12,False
25,26,-0.00023426087509586776,-0.002442999139293689,0.007101918552284037,6,13,False
25,23,-0.0025394754930072715,-1.3818235567606568e-05,0.007354548387632054,0,14,False
25,48,0.0028443808231996826,-0.001273647527862212,0.009073456757992648,1,15,False
25,21,-0.0010131566172970022,-0.003081673116130945,0.009455462277010884,0,16,False
25,9,-0.003412634336937035,0.0002453030513639374,0.009988980138942782,5,17,False
25,8,-0.002765945249532958,-0.0020739110095331706,0.010096388625207897,3,18,False
25,6,-0.0025611336527833397,0.0032070544091885303,0.012056975120362967,4,19,False
25,25,0.003488746704295635,-0.002655908771907751,0.012913549110443956,1,20,False
25,1,0.005822815598730194,0.001337635459463743,0.01784860702143165,3,21,False
25,15,-0.001201430515458202,0.006096752424606186,0.01860375874217768,0,22,False
25,28,-0.008024987402599888,0.0023676412451768864,0.025528495925421613,1,23,False
25,37,-0.0044261389666587145,0.0075313765793561666,0.02673926301224272,1,24,False
25,12,0.009887367333779068,0.002307934849920353,0.031460250530568334,5,25,False
25,7,-0.002618487655554157,0.023952919428119994,0.08353981643104946,0,26,False
25,19,0.03376615904127877,-0.007382981567238135,0.12927200897705093,2,27,False
25,40,-0.009707063573898318,0.03369945485751012,0.1316295420445539,5,28,False
25,24,-0.047979190277063585,7.351012144597116e-05,0.19585339159916204,5,29,False
25,42,-0.048362309021156166,0.03745633008692859,0.2701980223364484,1,30,False
25,39,-0.017334079432135094,0.07252908568769705,0.3526783846200279,0,31,False
25,29,0.0764620582358492,-0.00046620648278354387,0.3646954024153577,3,32,False
25,10,0.010095167709177396,-0.08524646795895446,0.4277101083028687,2,33,False
25,14,-0.08656348419256843,-0.10137783462301762,0.7989405373188707,3,34,False
25,41,-0.1448419035749619,0.00048777812313992113,0.8829679397937231,2,35,False
25,43,-0.004832299731340274,-0.18329021274531315,1.20988745876975,1,36,False
25,49,0.06521974652802415,-0.2699519977970132,2.002566809488066,0,37,False
25,34,-0.35881515142864495,-0.00014853162466846678,2.5056310427731288,1,38,False
25,47,-0.003188840624289682,-0.9501502141297273,2.580303186468328,6,39,False
25,33,-0.0018656995869814194,0.9589399161286719,2.5811245612257534,5,40,False
25,35,-0.9529378384381878,0.03430351163864564,2.6120626219819347,4,41,False
25,16,-1.853448157828697e-05,0.9057604989602419,2.6263943002618686,1,42,False
25,22,-0.9248856815080456,0.038370199229774665,2.635627051682022,2,43,False
25,50,-0.3943015201670046,-0.0011387537558071592,2.6909053786535577,0,44,False
25,5,-0.3407526888093539,-0.1491589112645484,2.716711783684343,10,45,False
25,36,-0.3895376596391774,0.1176498007328487,2.8514466426049094,2,46,False
25,2,-0.9962994033036578,0.17338565928815752,3.305553753730774,3,47,False
25,31,0.9614824789985473,0.9669517039517543,3.5757328248954754,4,48,False
25,20,-0.011593832029544952,1.387116695866918,5.15425406347941,3,49,False
25,3,-0.9894923034384054,1.985565213575624,5.394319116398336,7,50,False
26,11,-3.977448615493859e-05,2.181574388885671e-05,0.00012836493720813635,3,1,True
26,30,-8.007368636794333e-05,-0.0002664520273993605,0.0007889969788874573,1,2,False
26,18,-0.00027112712880753183,-0.00014200566850244237,0.0008681757975357307,1,3,False
26,9,0.00024186221368227828,0.0002453030513639374,0.0009775148429089775,3,4,False
26,27,-0.0003268509685627362,0.00026486253277125966,0.0011946160285636331,4,5,False
26,38,-0.0004050721408817917,-0.0005505781661917491,0.0019457694940752113,7,6,False
26,45,0.0006624760799183822,-0.0001696056909850042,0.0019466513092116777,1,7,False
26,32,-0.00015989286110272278,-0.0006938125246705528,0.0020273342134378147,1,8,False
26,44,-0.00020337504771784855,-0.0015153743466332684,0.004386802445925486,0,9,False
26,17,-0.0014845876518598212,-0.0006740521926756021,0.004682377448258723,4,10,False
26,13,-0.0008585851399444927,0.0014480618331090195,0.00483702034823752,3,11,False
26,6,-0.0009741601459425837,0.0013768871068142586,0.004846332711292423,0,12,False
26,4,-0.0019898296574745507,0.00019855895615315984,0.005762518765803026,10,13,False
26,26,-0.00023426087509586776,-0.002442999139293689,0.007101918552284037,8,14,False
26,23,-0.0025394754930072715,-1.3818235567606568e-05,0.007354548387632054,2,15,False
26,48,0.0028443808231996826,-0.001273647527862212,0.009073456757992648,4,16,False
26,21,-0.0009168569287475631,-0.003081673116130945,0.009369126330814215,1,17,False
26,12,-0.002375902455906223,0.002307934849920353,0.009660792409811325,1,18,False
26,8,-0.002765945249532958,-0.0020739110095331706,0.010096388625207897,6,19,False
26,25,0.0033737510679298787,-0.002655908771907751,0.012635341218790064,2,20,False
26,28,-0.004475198421760438,0.0017477966653193172,0.014203411484491557,2,21,False
26,1,0.005822815598730194,0.001337635459463743,0.01784860702143165,5,22,False
26,15,-0.001201430515458202,0.006096752424606186,0.01860375874217768,2,23,False
26,7,-0.002618487655554157,0.006855486118355869,0.022189994578461825,0,24,False
26,37,-0.004034474087649331,0.0075313765793561666,0.02610868987713788,1,25,False
26,19,0.03376615904127877,-0.007382981567238135,0.12927200897705093,3,26,False
26,40,-0.009707063573898318,0.03369945485751012,0.1316295420445539,6,27,False
26,42,-0.029136929011650093,0.03745633008692859,0.19329004306049358,1,28,False
26,24,-0.047979190277063585,7.351012144597116e-05,0.19585339159916204,6,29,False
26,39,-0.017334079432135094,0.06370119484762671,0.2989113469764644,0,30,False
26,49,0.03661220311244981,-0.06028090910227504,0.32746518923206525,0,31,False
26,29,0.0764620582358492,-0.00046620648278354387,0.3646954024153577,5,32,False
26,10,0.010095167709177396,-0.08524646795895446,0.4277101083028687,3,33,False
26,36,-0.01944408635539202,0.1176498007328487,0.6758917570888774,0,34,False
26,14,-0.08656348419256843,-0.10137783462301762,0.7989405373188707,4,35,False
26,41,-0.1448419035749619,0.0003196383958524421,0.8829636387012632,1,36,False
26,43,-0.004832299731340274,-0.18329021274531315,1.20988745876975,4,37,False
26,22,-0.21937813706007966,0.038370199229774665,1.5502890515768546,0,38,False
26,5,-0.3407526888093539,-0.03830109159510241,2.4242941718612774,0,39,False
26,34,-0.35881515142864495,-0.00014744141738334227,2.505631037735672,0,40,False
26,47,-0.003188840624289682,-0.9501502141297273,2.580303186468328,7,41,False
26,33,-0.0018656995869814194,0.9589399161286719,2.5811245612257534,6,42,False
26,35,-0.9529378384381878,0.03430351163864564,2.6120626219819347,6,43,False
26,16,-1.853448157828697e-05,0.9057604989602419,2.6263943002618686,2,44,False
26,50,-0.3943015201670046,-0.0011387537558071592,2.6909053786535577,1,45,False
26,20,-0.011593832029544952,1.0341374314926626,2.7558383067537453,0,46,False
26,2,-0.9962994033036578,0.17338565928815752,3.305553753730774,4,47,False
26,31,0.9614824789985473,0.9669517039517543,3.5757328248954754,6,48,False
26,3,-0.9894923034384054,1.985565213575624,5.394319116398336,8,49,False
26,46,2.321590995007252,-3.943952091320997,10.961792132588217,0,50,False
27,11,-3.977448615493859e-05,2.181574388885671e-05,0.00012836493720813635,4,1,True
27,30,-8.007368636794333e-05,-0.0002664520273993605,0.0007889969788874573,3,2,False
27,18,-0.00027112712880753183,8.607427166581707e-05,0.0008067351202751816,0,3,False
27,9,0.00024186221368227828,0.0002453030513639374,0.0009775148429089775,8,4,False
27,27,-0.0003268509685627362,0.00026486253277125966,0.0011946160285636331,5,5,False
27,4,-0.0006261601693961852,-0.0001678880200407799,0.001844794862446708,1,6,False
27,38,-0.0004050721408817917,-0.0005505781661917491,0.0019457694940752113,10,7,False
27,45,0.0006624760799183822,-0.0001696056909850042,0.0019466513092116777,2,8,False
27,32,-0.00015989286110272278,-0.0006938125246705528,0.0020273342134378147,4,9,False
27,44,-0.00020337504771784855,-0.0015153743466332684,0.004386802445925486,2,10,False
27,17,-0.0014845876518598212,-0.0006740521926756021,0.004682377448258723,6,11,False
27,13,-0.0008585851399444927,0.0014480618331090195,0.00483702034823752,7,12,False
27,6,-0.0009741601459425837,0.0013768871068142586,0.004846332711292423,2,13,False
27,26,-0.00023426087509586776,-0.002442999139293689,0.007101918552284037,9,14,False
27,23,-0.0025394754930072715,-1.3818235567606568e-05,0.007354548387632054,5,15,False
27,25,0.0004144749198588325,-0.002655908771907751,0.007795364184915332,0,16,False
27,8,-0.002765945249532958,-0.0009888655520280563,0.008537959638179604,0,17,False
27,48,0.0028443808231996826,-0.001273647527862212,0.009073456757992648,5,18,False
27,21,-0.0006411041755962658,-0.003081673116130945,0.00916671490064802,4,19,False
27,12,-0.002375902455906223,0.002307934849920353,0.009660792409811325,2,20,False
27,28,-0.004475198421760438,0.0006814594830228419,0.01334925590932956,0,21,False
27,7,-0.002618487655554157,0.004335321264222234,0.015008155198988238,0,22,False
27,1,0.005822815598730194,4.903945123724344e-05,0.01737264552173956,0,23,False
27,15,-0.001201430515458202,0.006096752424606186,0.01860375874217768,4,24,False
27,37,-0.004034474087649331,0.0075313765793561666,0.02610868987713788,3,25,False
27,43,-0.004832299731340274,-0.021563332648469324,0.07545596246749797,0,26,False
27,40,-0.009707063573898318,0.023785393482212917,0.0901498407467014,2,27,False
27,19,0.03376615904127877,-0.0012177402848193093,0.12568229395327224,0,28,False
27,42,-0.027927928992422277,0.03745633008692859,0.18943043649574465,1,29,False
27,24,-0.047979190277063585,7.351012144597116e-05,0.19585339159916204,8,30,False
27,49,0.0012872115936768506,-0.06028090910227504,0.264498779273485,0,31,False
27,39,-0.017334079432135094,0.06370119484762671,0.2989113469764644,1,32,False
27,29,0.0764620582358492,-0.00046620648278354387,0.3646954024153577,6,33,False
27,10,0.010095167709177396,-0.08524646795895446,0.4277101083028687,5,34,False
27,14,-0.01853417148307686,-0.10137783462301762,0.5515902578720682,0,35,False
27,36,-0.01944408635539202,0.1176498007328487,0.6758917570888774,2,36,False
27,41,-0.1448419035749619,0.0003196383958524421,0.8829636387012632,3,37,False
27,20,-0.008666556629493304,0.20617872032900075,1.4061341386769475,0,38,False
27,22,-0.21937813706007966,0.038370199229774665,1.5502890515768546,1,39,False
27,5,-0.3407526888093539,-0.03830109159510241,2.4242941718612774,1,40,False
27,34,-0.35881515142864495,-0.00014744141738334227,2.505631037735672,1,41,False
27,47,-0.0013464757365986176,-0.9501502141297273,2.580073552483413,0,42,False
27,33,-0.0018656995869814194,0.9589399161286719,2.5811245612257534,7,43,False
27,35,-0.9529378384381878,0.009305749093890169,2.582325765850865,0,44,False
27,16,-1.853448157828697e-05,0.9057604989602419,2.6263943002618686,3,45,False
27,2,-0.9962994033036578,0.010221608612962063,2.6317386272736916,1,46,False
27,50,-0.38972481564929534,-0.0011057012130492204,2.6685767378007736,0,47,False
27,31,0.9614824789985473,0.9669517039517543,3.5757328248954754,8,48,False
27,3,-0.9894923034384054,1.985565213575624,5.394319116398336,9,49,False
27,46,2.321590995007252,-0.9719869193101611,7.391577140166779,0,50,False
28,11,-3.977448615493859e-05,2.181574388885671e-05,0.00012836493720813635,5,1,True
28,45,8.266965595354816e-05,7.100081321265717e-05,0.0003085419510253651,0,2,False
28,18,-0.00023147847802289953,1.116768209294553e-05,0.0006569116494010707,1,3,False
28,30,-8.007368636794333e-05,-0.0002664520273993605,0.0007889969788874573,4,4,False
28,1,-0.0003328268416037082,4.903945123724344e-05,0.0009545538750583837,0,5,False
28,27,-0.0003268509685627362,-9.058639059168148e-05,0.0009623857254124069,5,6,False
28,9,0.00024186221368227828,0.0002453030513639374,0.0009775148429089775,10,7,False
28,32,-0.00015989286110272278,-0.0004126887012802939,0.0012570232013158211,1,8,False
28,4,-0.0006261601693961852,-0.0001678880200407799,0.001844794862446708,5,9,False
28,38,-0.0004050721408817917,-0.0005505781661917491,0.0019457694940752113,13,10,False
28,17,-0.0006363471933384724,-0.0006740521926756021,0.002644764667838917,1,11,False
28,6,-0.0003830633755069024,0.0013768871068142586,0.004096720734616088,0,12,False
28,44,-0.00020337504771784855,-0.0015153743466332684,0.004386802445925486,6,13,False
28,13,-0.0008585851399444927,0.0014480618331090195,0.00483702034823752,8,14,False
28,12,-0.0006186025341021581,0.002307934849920353,0.006910264602904892,2,15,False
28,26,-0.00012888760627983688,-0.002442999139293689,0.00707881399346677,1,16,False
28,48,0.002141819155613028,-0.001273647527862212,0.0072135021076857875,2,17,False
28,23,-0.0025394754930072715,-1.3818235567606568e-05,0.007354548387632054,6,18,False
28,25,0.0004144749198588325,-0.002655908771907751,0.007795364184915332,2,19,False
28,8,-0.002765945249532958,-0.0009888655520280563,0.008537959638179604,1,20,False
28,21,-0.0006411041755962658,-0.003081673116130945,0.00916671490064802,5,21,False
28,28,-0.0043123924372924375,0.0006814594830228419,0.012856129108556491,0,22,False
28,7,-0.002618487655554157,0.004335321264222234,0.015008155198988238,1,23,False
28,19,0.006003136924684151,-0.0006088361313517901,0.018035743169303675,0,24,False
28,15,-0.001201430515458202,0.006096752424606186,0.01860375874217768,5,25,False
28,37,-0.004034474087649331,0.0075313765793561666,0.02610868987713788,5,26,False
28,43,-0.004832299731340274,-0.021563332648469324,0.07545596246749797,2,27,False
28,40,-0.009707063573898318,0.023785393482212917,0.0901498407467014,3,28,False
28,42,-0.027927928992422277,0.017456845276352065,0.12182211058143766,0,29,False
28,14,-0.01853417148307686,-0.03325563807690071,0.14588670881548937,0,30,False
28,24,-0.047979190277063585,7.351012144597116e-05,0.19585339159916204,9,31,False
28,49,0.0012872115936768506,-0.06028090910227504,0.264498779273485,1,32,False
28,39,-0.017334079432135094,0.06370119484762671,0.2989113469764644,3,33,False
28,29,0.0764620582358492,-0.00046620648278354387,0.3646954024153577,8,34,False
28,10,0.010095167709177396,-0.08180964406267384,0.4044392994966377,0,35,False
28,36,-0.01944408635539202,0.1176498007328487,0.6758917570888774,4,36,False
28,41,-0.1448419035749619,0.0003196383958524421,0.8829636387012632,4,37,False
28,20,-0.004228120830153002,0.20617872032900075,1.4046869851623822,0,38,False
28,22,-0.21937813706007966,0.038370199229774665,1.5502890515768546,2,39,False
28,5,-0.24169738697792562,-0.03830109159510241,1.7305329333810104,1,40,False
28,34,-0.35881515142864495,-9.626710670817388e-05,2.5056308430324674,0,41,False
28,47,-0.0013464757365986176,-0.9501502141297273,2.580073552483413,1,42,False
28,35,-0.9529378384381878,0.0026998461046695617,2.580142494452414,0,43,False
28,33,-0.0018656995869814194,0.9589399161286719,2.5811245612257534,8,44,False
28,50,-0.372855129959625,-0.0011057012130492204,2.5822923451104463,0,45,False
28,16,-1.853448157828697e-05,0.9057604989602419,2.6263943002618686,4,46,False
28,2,-0.9962994033036578,0.0040860600921144375,2.629277923753364,0,47,False
28,31,0.9614824789985473,0.9669517039517543,3.5757328248954754,9,48,False
28,3,-0.9894923034384054,1.985565213575624,5.394319116398336,10,49,False
28,46,2.321590995007252,-0.9719869193101611,7.391577140166779,1,50,False
29,11,-3.977448615493859e-05,2.181574388885671e-05,0.00012836493720813635,7,1,True
29,45,8.266965595354816e-05,7.100081321265717e-05,0.0003085419510253651,3,2,False
29,18,-0.00023147847802289953,-4.040371172348205e-06,0.0006562469761957068,3,3,False
29,44,-0.00020235338071952153,-0.000113600316384761,0.0006577992681227052,0,4,False
29,30,-8.007368636794333e-05,-0.0002664520273993605,0.0007889969788874573,6,5,False
29,1,-0.0003328268416037082,4.903945123724344e-05,0.0009545538750583837,3,6,False
29,27,-0.0003268509685627362,-9.058639059168148e-05,0.0009623857254124069,7,7,False
29,9,0.00024186221368227828,0.0002453030513639374,0.0009775148429089775,11,8,False
29,32,-0.00015989286110272278,-0.0004126887012802939,0.0012570232013158211,3,9,False
29,4,-0.0006261601693961852,-0.0001678880200407799,0.001844794862446708,7,10,False
29,6,-0.0003830633755069024,0.0005456868984920351,0.0018975974233410575,0,11,False
29,38,-0.0004050721408817917,-0.0005505781661917491,0.0019457694940752113,15,12,False
29,17,-0.0006363471933384724,-0.0006740521926756021,0.002644764667838917,2,13,False
29,48,0.0005222757657768473,-0.001273647527862212,0.0039439918337724755,1,14,False
29,13,-0.0008585851399444927,0.0014480618331090195,0.00483702034823752,9,15,False
29,12,-0.0006186025341021581,0.002307934849920353,0.006910264602904892,3,16,False
29,26,-0.00012888760627983688,-0.002442999139293689,0.00707881399346677,4,17,False
29,8,-0.0022849783169650146,-0.0009888655520280563,0.007207209265807979,1,18,False
29,23,-0.0025394754930072715,-1.3818235567606568e-05,0.007354548387632054,8,19,False
29,25,0.0004144749198588325,-0.002655908771907751,0.007795364184915332,4,20,False
29,24,0.003060281344290594,7.351012144597116e-05,0.008907787592040695,0,21,False
29,21,-0.0006411041755962658,-0.003081673116130945,0.00916671490064802,7,22,False
29,14,-0.0021497424046886607,-0.0029220022069725744,0.010610790086456934,0,23,False
29,28,-0.0043123924372924375,0.0005853318959726092,0.012813378704980227,0,24,False
29,15,-0.0004969321898605417,0.004331051311158597,0.01283642554240716,0,25,False
29,7,-0.0010306113598198626,0.004335321264222234,0.013132544341310837,0,26,False
29,19,0.006003136924684151,-0.0006088361313517901,0.018035743169303675,1,27,False
29,37,-0.004034474087649331,0.0075313765793561666,0.02610868987713788,6,28,False
29,43,-0.00267684934651711,-0.021563332648469324,0.07398249844126825,1,29,False
29,40,-0.007941646821986326,0.023785393482212917,0.08758995427771454,0,30,False
29,42,-0.027927928992422277,0.010367154337910228,0.10773235621228894,0,31,False
29,49,0.00038378095140952616,-0.06028090910227504,0.26442457779297657,0,32,False
29,39,-0.017334079432135094,0.06370119484762671,0.2989113469764644,5,33,False
29,29,0.0764620582358492,-0.00046620648278354387,0.3646954024153577,11,34,False
29,10,0.010095167709177396,-0.08180964406267384,0.4044392994966377,1,35,False
29,36,-0.01944408635539202,0.1176498007328487,0.6758917570888774,5,36,False
29,41,-0.1448419035749619,0.0003196383958524421,0.8829636387012632,5,37,False
29,20,-0.004228120830153002,0.20617872032900075,1.4046869851623822,1,38,False
29,22,-0.21937813706007966,0.038370199229774665,1.5502890515768546,4,39,False
29,5,-0.24169738697792562,-0.03830109159510241,1.7305329333810104,3,40,False
29,2,-0.2937420178997153,0.0040860600921144375,2.092891991962578,0,41,False
29,34,-0.35881515142864495,-9.626710670817388e-05,2.5056308430324674,1,42,False
29,35,-0.9529378384381878,4.198478027154194e-05,2.5799417423685402,1,43,False
29,47,-0.0013464757365986176,-0.9501502141297273,2.580073552483413,2,44,False
29,33,-0.0018656995869814194,0.9589399161286719,2.5811245612257534,9,45,False
29,50,-0.372855129959625,-0.0009417599673829268,2.582287283640309,0,46,False
29,16,-1.853448157828697e-05,0.9057604989602419,2.6263943002618686,5,47,False
29,31,0.9614824789985473,0.05330480614201816,2.6590659139273645,0,48,False
29,3,-0.9894923034384054,1.985565213575624,5.394319116398336,12,49,False
29,46,2.321590995007252,-0.9719869193101611,7.391577140166779,2,50,False
30,11,-3.977448615493859e-05,2.181574388885671e-05,0.00012836493720813635,8,1,True
30,45,8.266965595354816e-05,7.100081321265717e-05,0.0003085419510253651,5,2,False
30,32,-0.00015989286110272278,-9.08190775370399e-05,0.0005210067951115782,1,3,False
30,44,-0.00020235338071952153,-5.9578116918042486e-06,0.0005736811029639632,2,4,False
30,18,0.00020364860656590497,-4.040371172348205e-06,0.0005772233819212325,1,5,False
30,9,0.00024186221368227828,2.578597287806035e-05,0.0006895419437218386,1,6,False
30,30,-8.007368636794333e-05,-0.0002664520273993605,0.0007889969788874573,10,7,False
30,29,0.00021076056044237734,-0.0002505482368630274,0.0009288973163212866,0,8,False
30,1,-0.0003328268416037082,-1.5258605444865624e-05,0.0009453211637695524,1,9,False
30,27,-0.0003268509685627362,-9.058639059168148e-05,0.0009623857254124069,9,10,False
30,48,0.0005222757657768473,5.7507648128625466e-05,0.0014934984984731337,0,11,False
30,38,-0.00032670663373422266,-0.0005505781661917491,0.0018217119401566784,0,12,False
30,4,-0.0006261601693961852,-0.0001678880200407799,0.001844794862446708,9,13,False
30,6,-0.0003830633755069024,0.0005456868984920351,0.0018975974233410575,2,14,False
30,13,-0.0008585851399444927,0.00033866762456703304,0.002633222566196469,0,15,False
30,17,-0.0006363471933384724,-0.0006740521926756021,0.002644764667838917,4,16,False
30,14,-0.0019377323421883325,-4.266767665275328e-05,0.005582093032533653,0,17,False
30,12,-0.0006186025341021581,0.002307934849920353,0.006910264602904892,5,18,False
30,26,-0.00012888760627983688,-0.002442999139293689,0.00707881399346677,5,19,False
30,8,-0.0022849783169650146,-0.0009888655520280563,0.007207209265807979,2,20,False
30,23,-0.0025394754930072715,1.0789577453606309e-05,0.007354504899265368,0,21,False
30,25,0.0004144749198588325,-0.002655908771907751,0.007795364184915332,7,22,False
30,24,0.003060281344290594,7.351012144597116e-05,0.008907787592040695,2,23,False
30,21,-0.0006411041755962658,-0.003081673116130945,0.00916671490064802,8,24,False
30,28,-0.0043123924372924375,-1.0337477971416047e-05,0.012692450585888526,0,25,False
30,15,-0.0004969321898605417,0.004331051311158597,0.01283642554240716,1,26,False
30,7,-0.0010306113598198626,0.004335321264222234,0.013132544341310837,1,27,False
30,37,-0.004034474087649331,0.0019568201010097793,0.01321794219892114,2,28,False
30,19,0.006003136924684151,-0.0006088361313517901,0.018035743169303675,2,29,False
30,40,-0.004412390518881969,0.020659257946628286,0.07159237167532995,0,30,False
30,43,-0.002207920051261571,-0.021563332648469324,0.07377252468732509,0,31,False
30,42,-0.027927928992422277,0.003184485992474919,0.10040785590353396,1,32,False
30,36,-0.01944408635539202,0.037368515984532474,0.1658027560589166,0,33,False
30,39,-0.006199505777247436,0.04443650332383779,0.17963781905207243,0,34,False
30,5,-0.044248731949174086,-0.03830109159510241,0.25468440766527367,0,35,False
30,49,0.0001071261877496029,-0.06028090910227504,0.26441790193180426,0,36,False
30,10,-0.00010846175943286102,-0.08180964406267384,0.4001440743878182,0,37,False
30,41,-0.1448419035749619,0.0003196383958524421,0.8829636387012632,6,38,False
30,20,-0.004228120830153002,0.20617872032900075,1.4046869851623822,2,39,False
30,22,-0.21937813706007966,0.038370199229774665,1.5502890515768546,5,40,False
30,2,-0.2937420178997153,0.0040860600921144375,2.092891991962578,1,41,False
30,35,-0.35613015212074095,4.198478027154194e-05,2.4904694193412316,1,42,False
30,34,-0.3562513009837297,-9.626710670817388e-05,2.4911571224446516,1,43,False
30,47,-0.0013464757365986176,-0.9501502141297273,2.580073552483413,4,44,False
30,33,-0.0009696074671204518,0.9589399161286719,2.581054247823808,0,45,False
30,50,-0.372855129959625,-0.0009417599673829268,2.582287283640309,2,46,False
30,16,-1.853448157828697e-05,0.9202600378220214,2.6026466567808098,0,47,False
30,31,0.9614824789985473,0.05330480614201816,2.6590659139273645,1,48,False
30,3,-0.9894923034384054,1.985565213575624,5.394319116398336,13,49,False
30,46,2.321590995007252,-0.9719869193101611,7.391577140166779,3,50,False
31,11,-3.977448615493859e-05,2.181574388885671e-05,0.00012836493720813635,9,1,True
31,24,-5.175927734270497e-05,7.351012144597116e-05,0.00025450263891046987,0,2,False
31,45,8.266965595354816e-05,7.100081321265717e-05,0.0003085419510253651,6,3,False
31,32,-0.00015989286110272278,-9.08190775370399e-05,0.0005210067951115782,3,4,False
31,44,-0.00020235338071952153,-5.9578116918042486e-06,0.0005736811029639632,3,5,False
31,18,0.00020364860656590497,-4.040371172348205e-06,0.0005772233819212325,3,6,False
31,9,-0.00021050676088741032,2.578597287806035e-05,0.0006010510912486389,1,7,False
31,27,-0.00025501852902098785,-9.058639059168148e-05,0.0007674061826077327,1,8,False
31,30,-8.007368636794333e-05,-0.0002606488898953783,0.0007732107157996104,0,9,False
31,29,0.00021076056044237734,-0.0002505482368630274,0.0009288973163212866,1,10,False
31,1,-0.0003328268416037082,-1.5258605444865624e-05,0.0009453211637695524,2,11,False
31,14,-0.0005071672054952986,-4.266767665275328e-05,0.0014464507746478894,1,12,False
31,48,0.0005222757657768473,5.7507648128625466e-05,0.0014934984984731337,1,13,False
31,17,-0.0005391132994711982,-0.0002623981012090241,0.0017054404805247891,0,14,False
31,38,-0.00032670663373422266,-0.0005505781661917491,0.0018217119401566784,2,15,False
31,12,-0.0006186025341021581,0.00017205030854405574,0.0018270626423668723,0,16,False
31,4,-0.0006261601693961852,-0.0001678880200407799,0.001844794862446708,11,17,False
31,6,-0.0003830633755069024,0.0005456868984920351,0.0018975974233410575,5,18,False
31,26,-0.00012888760627983688,0.0006636571486322591,0.0019243479801578367,0,19,False
31,13,-0.0008585851399444927,0.00033866762456703304,0.002633222566196469,5,20,False
31,8,-0.0022849783169650146,-0.0009888655520280563,0.007207209265807979,3,21,False
31,23,-0.0025394754930072715,1.0789577453606309e-05,0.007354504899265368,2,22,False
31,25,0.0004144749198588325,-0.002655908771907751,0.007795364184915332,8,23,False
31,21,-0.0006290380284472295,-0.003027822928258304,0.00900147814161345,1,24,False
31,28,-0.0043123924372924375,-1.0337477971416047e-05,0.012692450585888526,2,25,False
31,15,-0.00038365062214447724,0.004331051311158597,0.012801366990132568,0,26,False
31,7,-0.0010306113598198626,0.004335321264222234,0.013132544341310837,3,27,False
31,37,-0.004034474087649331,0.0019568201010097793,0.01321794219892114,5,28,False
31,19,0.006003136924684151,-0.0006088361313517901,0.018035743169303675,3,29,False
31,10,-0.00010846175943286102,0.01863292249695639,0.06192158225401245,1,30,False
31,40,-0.004412390518881969,0.020659257946628286,0.07159237167532995,2,31,False
31,43,-0.002207920051261571,-0.021563332648469324,0.07377252468732509,1,32,False
31,20,-0.004228120830153002,0.024354599720030942,0.08610608079945736,0,33,False
31,42,-0.027927928992422277,0.0009986522122798866,0.09970489726085718,0,34,False
31,36,-0.01944408635539202,0.037368515984532474,0.1658027560589166,2,35,False
31,39,-0.006199505777247436,0.04443650332383779,0.17963781905207243,2,36,False
31,5,-0.044248731949174086,-0.03830109159510241,0.25468440766527367,1,37,False
31,49,0.0001071261877496029,-0.06028090910227504,0.26441790193180426,1,38,False
31,35,-0.12569455252370806,4.198478027154194e-05,0.7263110641054351,0,39,False
31,41,-0.1448419035749619,0.0003196383958524421,0.8829636387012632,7,40,False
31,22,-0.21937813706007966,0.038370199229774665,1.5502890515768546,6,41,False
31,47,-0.0013464757365986176,-0.24963220301130518,1.7614424892044203,0,42,False
31,2,-0.2937420178997153,0.0040860600921144375,2.092891991962578,3,43,False
31,33,-0.0009696074671204518,0.33285237040290194,2.352223527716746,1,44,False
31,34,-0.3562513009837297,-9.626710670817388e-05,2.4911571224446516,2,45,False
31,50,-0.372855129959625,-0.0009417599673829268,2.582287283640309,3,46,False
31,16,-1.853448157828697e-05,0.9202600378220214,2.6026466567808098,1,47,False
31,31,0.9614824789985473,0.05096105077620068,2.6525729421232254,2,48,False
31,3,-0.9894923034384054,1.985565213575624,5.394319116398336,14,49,False
31,46,2.321590995007252,-0.9719869193101611,7.391577140166779,4,50,False
32,18,3.970170004606913e-06,-4.040371172348205e-06,1.602255197896696e-05,1,1,True
32,11,-3.977448615493859e-05,2.181574388885671e-05,0.00012836493720813635,10,2,False
32,24,-5.175927734270497e-05,7.351012144597116e-05,0.00025450263891046987,3,3,False
32,45,8.266965595354816e-05,7.100081321265717e-05,0.0003085419510253651,7,4,False
32,27,-7.047088679010182e-05,-9.058639059168148e-05,0.0003249679403833916,0,5,False
32,1,-0.00018174569893953302,-1.394615342762311e-05,0.0005164504180830143,1,6,False
32,32,-0.00015989286110272278,-9.08190775370399e-05,0.0005210067951115782,4,7,False
32,44,-0.00020235338071952153,-5.9578116918042486e-06,0.0005736811029639632,6,8,False
32,9,-0.00021050676088741032,2.578597287806035e-05,0.0006010510912486389,3,9,False
32,30,-8.007368636794333e-05,-0.0002606488898953783,0.0007732107157996104,2,10,False
32,4,-0.00026800323722491506,-0.0001678880200407799,0.0008971445604193384,0,11,False
32,29,0.00021076056044237734,-0.0002505482368630274,0.0009288973163212866,2,12,False
32,12,0.0004256382847700165,0.00017205030854405574,0.0013041323848033137,0,13,False
32,48,0.0004730557233777041,5.7507648128625466e-05,0.001353901132322921,3,14,False
32,14,-0.0005071672054952986,-4.266767665275328e-05,0.0014464507746478894,2,15,False
32,13,-0.00041158589302553054,0.00033866762456703304,0.0015151424851365114,0,16,False
32,6,-0.0002083018083470078,0.0005456868984920351,0.0016611471662248967,0,17,False
32,17,-0.0005391132994711982,-0.0002623981012090241,0.0017054404805247891,2,18,False
32,38,-0.00032670663373422266,-0.0005505781661917491,0.0018217119401566784,6,19,False
32,26,-0.00010849365858285178,0.0006636571486322591,0.0019140651392643981,1,20,False
32,8,-0.00013295879132228967,-0.0009888655520280563,0.00284861214677834,0,21,False
32,25,0.0004144749198588325,-0.0009605179959923397,0.0029880389100651605,0,22,False
32,23,-0.0010807033240495167,1.0789577453606309e-05,0.003087945536681236,0,23,False
32,19,0.0016178932215882577,-0.0006088361313517901,0.00496895507591022,1,24,False
32,28,-0.0026586340998470065,-1.0337477971416047e-05,0.007708019866428106,0,25,False
32,21,-0.00016136727679117428,-0.003027822928258304,0.00882092639496479,1,26,False
32,15,-0.00038365062214447724,0.004331051311158597,0.012801366990132568,1,27,False
32,7,-0.0010306113598198626,0.004335321264222234,0.013132544341310837,4,28,False
32,37,-0.004034474087649331,0.0019568201010097793,0.01321794219892114,6,29,False
32,40,-0.004412390518881969,0.00718516969686849,0.0257410674210381,0,30,False
32,43,-0.002207920051261571,-0.015635235253225306,0.05128783263663239,0,31,False
32,39,-0.006199505777247436,0.015055087553021498,0.05309623053125323,0,32,False
32,10,-0.00010846175943286102,0.01863292249695639,0.06192158225401245,3,33,False
32,20,-0.004228120830153002,0.024354599720030942,0.08610608079945736,2,34,False
32,42,-0.027927928992422277,0.0009986522122798866,0.09970489726085718,2,35,False
32,36,-0.01713838279185813,0.037368515984532474,0.16073354021528674,2,36,False
32,5,-0.04109520644563578,-0.009840807350483975,0.16640352766779687,1,37,False
32,35,-0.0500642930259218,3.3493747397188477e-05,0.20698256680924176,0,38,False
32,49,0.0001071261877496029,-0.06028090910227504,0.26441790193180426,3,39,False
32,41,-0.06631469558913129,0.0003196383958524421,0.300526529089979,0,40,False
32,22,-0.21937813706007966,0.022881715269773895,1.5277121509960172,0,41,False
32,47,-0.0007420410178940668,-0.24963220301130518,1.7614150208129975,0,42,False
32,33,-0.0009696074671204518,0.2624521117538088,1.861488048063649,0,43,False
32,2,-0.2937420178997153,0.0040860600921144375,2.092891991962578,4,44,False
32,34,-0.3562513009837297,-9.626710670817388e-05,2.4911571224446516,5,45,False
32,50,-0.372855129959625,-0.0009417599673829268,2.582287283640309,4,46,False
32,31,0.9614824789985473,0.0052574119490740034,2.582783813221081,0,47,False
32,16,-1.853448157828697e-05,0.9202600378220214,2.6026466567808098,2,48,False
32,3,-0.9894923034384054,0.15447475442330827,3.175096672123335,0,49,False
32,46,0.591893141482077,-0.9719869193101611,4.615348370933262,0,50,False
33,18,3.970170004606913e-06,-4.040371172348205e-06,1.602255197896696e-05,5,1,True
33,11,-3.977448615493859e-05,8.036251359370942e-07,0.00011256433911244201,1,2,False
33,27,-7.047088679010182e-05,-9.050373464217115e-06,0.00020109322608918845,1,3,False
33,45,4.3287301266520595e-05,7.100081321265717e-05,0.00023538457359295606,0,4,False
33,24,-5.175927734270497e-05,7.351012144597116e-05,0.00025450263891046987,4,5,False
33,9,-0.00014429814081005207,2.578597287806035e-05,0.0004151743293729915,0,6,False
33,30,-8.007368636794333e-05,-0.000140856383382794,0.00045897684084694745,0,7,False
33,1,-0.00018174569893953302,5.578461062080909e-06,0.0005151769583311427,1,8,False
33,32,-0.00015989286110272278,-9.08190775370399e-05,0.0005210067951115782,7,9,False
33,44,-0.00020235338071952153,-5.9578116918042486e-06,0.0005736811029639632,8,10,False
33,29,0.00021076056044237734,1.1519338751148425e-07,0.0005973038074285064,0,11,False
33,4,-0.00026800323722491506,-0.0001678880200407799,0.0008971445604193384,1,12,False
33,13,-0.00016633207831269996,0.00033866762456703304,0.0010709820224339417,1,13,False
33,12,0.0004256382847700165,0.00017205030854405574,0.0013041323848033137,2,14,False
33,48,0.0004730557233777041,5.7507648128625466e-05,0.001353901132322921,5,15,False
33,14,-0.0005071672054952986,-4.266767665275328e-05,0.0014464507746478894,3,16,False
33,6,-0.0001655665468747496,0.0005456868984920351,0.0016215732293507479,0,17,False
33,17,-0.0005391132994711982,-0.0002623981012090241,0.0017054404805247891,4,18,False
33,38,-0.00032670663373422266,-0.0005505781661917491,0.0018217119401566784,7,19,False
33,26,-0.00010849365858285178,0.0006636571486322591,0.0019140651392643981,2,20,False
33,8,-0.00013295879132228967,-0.0009888655520280563,0.00284861214677834,3,21,False
33,25,0.0004144749198588325,-0.0009605179959923397,0.0029880389100651605,1,22,False
33,21,-0.00016136727679117428,-0.0010511831293479822,0.0030381401895636095,0,23,False
33,23,-0.0010807033240495167,1.0789577453606309e-05,0.003087945536681236,2,24,False
33,19,0.0009294366816765006,-0.0006088361313517901,0.003175526986592292,3,25,False
33,28,-0.002645509036771884,-1.0337477971416047e-05,0.007669043284835642,0,26,False
33,15,-0.00038365062214447724,0.0036875058042425365,0.010852101256610514,1,27,False
33,37,-0.004034474087649331,0.001411322809360805,0.01257567382131386,0,28,False
33,7,-0.0010306113598198626,0.004335321264222234,0.013132544341310837,7,29,False
33,39,-0.006199505777247436,0.0001266063273320031,0.018562040717519768,1,30,False
33,40,-0.004412390518881969,0.00718516969686849,0.0257410674210381,1,31,False
33,43,-0.002207920051261571,-0.012875852513287381,0.04148817197759458,0,32,False
33,10,-0.00010846175943286102,0.013289621622667523,0.04228638142884167,0,33,False
33,49,0.0001071261877496029,-0.014758369988178817,0.04753386624488032,0,34,False
33,20,-0.004097875216851341,0.015188174071232886,0.05107181672108796,0,35,False
33,42,-0.027927928992422277,0.0009986522122798866,0.09970489726085718,3,36,False
33,36,-0.01713838279185813,0.037368515984532474,0.16073354021528674,3,37,False
33,5,-0.04109520644563578,-0.0039025813179732784,0.161505056176662,0,38,False
33,35,-0.0500642930259218,3.3493747397188477e-05,0.20698256680924176,2,39,False
33,41,-0.06631469558913129,0.0001585165119659695,0.3005229211391023,1,40,False
33,22,-0.06343173357415832,0.022881715269773895,0.3077351116774243,0,41,False
33,3,-0.12771448499830873,0.15447475442330827,1.3998531504435232,0,42,False
33,47,-0.0007420410178940668,-0.24963220301130518,1.7614150208129975,1,43,False
33,33,-0.0009696074671204518,0.2624521117538088,1.861488048063649,2,44,False
33,2,-0.2937420178997153,0.0040860600921144375,2.092891991962578,5,45,False
33,34,-0.3562513009837297,-9.626710670817388e-05,2.4911571224446516,7,46,False
33,50,-0.372855129959625,0.00025609384291346005,2.58227489873595,1,47,False
33,31,0.9614824789985473,0.0052574119490740034,2.582783813221081,1,48,False
33,16,-1.853448157828697e-05,0.9202600378220214,2.6026466567808098,3,49,False
33,46,0.2522902724163918,-0.4106832819055397,3.385941076624239,0,50,False
34,18,3.970170004606913e-06,-4.040371172348205e-06,1.602255197896696e-05,7,1,True
34,11,-3.977448615493859e-05,8.036251359370942e-07,0.00011256433911244201,2,2,False
34,9,-3.6317369058554386e-05,1.8274225380873424e-05,0.00011503613923524725,0,3,False
34,48,1.1433862399068482e-05,5.7507648128625466e-05,0.00016593153508326353,1,4,False
34,27,-7.047088679010182e-05,-9.050373464217115e-06,0.00020109322608918845,3,5,False
34,24,-2.6399090192004024e-05,7.351012144597116e-05,0.00022108143852905826,1,6,False
34,45,4.3287301266520595e-05,7.100081321265717e-05,0.00023538457359295606,2,7,False
34,30,-8.007368636794333e-05,-0.000140856383382794,0.00045897684084694745,2,8,False
34,44,-0.00017027876624371252,-5.9578116918042486e-06,0.0004826888221853842,0,9,False
34,1,-0.00018174569893953302,5.578461062080909e-06,0.0005151769583311427,4,10,False
34,32,-0.00015989286110272278,-9.08190775370399e-05,0.0005210067951115782,10,11,False
34,4,-9.45061324818936e-05,-0.0001678880200407799,0.0005459125742039994,0,12,False
34,29,0.00021076056044237734,1.1519338751148425e-07,0.0005973038074285064,1,13,False
34,13,-0.00016633207831269996,0.0002955393188465137,0.0009622699003064561,0,14,False
34,14,-0.0003791594326767565,-2.8329655310357057e-05,0.0010792636441974146,0,15,False
34,12,0.00039148159221600074,8.198526239633885e-05,0.001135558073052767,0,16,False
34,23,-0.00043798169669916726,1.0789577453606309e-05,0.0012442863082182676,0,17,False
34,38,-0.00018903818363590335,-0.00046402654452569654,0.0014238826300396745,0,18,False
34,6,-0.00016404240427897487,0.0005456868984920351,0.0016203134987091694,0,19,False
34,17,-0.0005391132994711982,-0.0002623981012090241,0.0017054404805247891,5,20,False
34,26,8.85650072305956e-05,0.0006636571486322591,0.001905683746909137,3,21,False
34,25,0.0004144749198588325,-0.0008612708340916182,0.0027277719816294344,1,22,False
34,8,-0.0001183199850899789,-0.0009888655520280563,0.0028432956414445876,0,23,False
34,21,-0.00016136727679117428,-0.0010511831293479822,0.0030381401895636095,1,24,False
34,19,0.0009294366816765006,-0.0006088361313517901,0.003175526986592292,4,25,False
34,7,-0.0010306113598198626,0.0010117978595618276,0.004140534962232767,0,26,False
34,28,-0.002645509036771884,-1.0337477971416047e-05,0.007669043284835642,1,27,False
34,15,-0.00038365062214447724,0.002851555396602602,0.008358515986785608,0,28,False
34,37,-0.004034474087649331,0.0004481183083385838,0.011920108533165052,1,29,False
34,39,-0.006199505777247436,0.0001266063273320031,0.018562040717519768,4,30,False
34,40,-0.004412390518881969,0.00718516969686849,0.0257410674210381,2,31,False
34,43,-0.002207920051261571,-0.008137820037602123,0.0257415635086784,0,32,False
34,42,-0.010103289914444782,0.0009986522122798866,0.03145804969498345,0,33,False
34,10,2.3204008653710266e-05,0.013289621622667523,0.04228488849111445,0,34,False
34,49,-6.744643696099324e-05,-0.014758369988178817,0.04753301842359692,0,35,False
34,20,-0.004097875216851341,0.015188174071232886,0.05107181672108796,4,36,False
34,36,-0.01713838279185813,0.021310489368863553,0.09716417014053791,0,37,False
34,5,-0.04109520644563578,-0.0039025813179732784,0.161505056176662,2,38,False
34,35,-0.0500642930259218,3.3493747397188477e-05,0.20698256680924176,4,39,False
34,41,-0.06631469558913129,0.0001585165119659695,0.3005229211391023,3,40,False
34,22,-0.06343173357415832,0.022881715269773895,0.3077351116774243,3,41,False
34,2,-0.09436896430412886,0.0040860600921144375,0.4881774796109437,1,42,False
34,3,-0.1166204174514755,0.15447475442330827,1.3349460710235488,0,43,False
34,47,-0.0007420410178940668,-0.24963220301130518,1.7614150208129975,3,44,False
34,33,-0.0009696074671204518,0.2624521117538088,1.861488048063649,4,45,False
34,34,-0.3562513009837297,-9.626710670817388e-05,2.4911571224446516,8,46,False
34,50,-0.372855129959625,0.00025609384291346005,2.58227489873595,2,47,False
34,31,0.9614824789985473,0.004128136368566916,2.5824900717146098,0,48,False
34,16,-1.853448157828697e-05,0.9202600378220214,2.6026466567808098,4,49,False
34,46,0.2522902724163918,-0.4106832819055397,3.385941076624239,1,50,False
35,18,3.970170004606913e-06,-4.040371172348205e-06,1.602255197896696e-05,10,1,True
35,27,-2.865291834706425e-05,-9.050373464217115e-06,8.501340627775633e-05,1,2,False
35,9,-3.507596079524755e-05,1.8274225380873424e-05,0.00011190837248209462,4,3,False
35,11,-3.977448615493859e-05,8.036251359370942e-07,0.00011256433911244201,4,4,False
35,48,1.1433862399068482e-05,5.7507648128625466e-05,0.00016593153508326353,4,5,False
35,29,5.9563947438610204e-05,1.1519338751148425e-07,0.00016856707381807112,0,6,False
35,24,-2.6399090192004024e-05,7.351012144597116e-05,0.00022108143852905826,4,7,False
35,45,4.3287301266520595e-05,7.100081321265717e-05,0.00023538457359295606,4,8,False
35,32,8.192377532444247e-05,-9.08190775370399e-05,0.00034634181131609765,0,9,False
35,30,-8.007368636794333e-05,-0.0001323927426961339,0.0004382641046913882,0,10,False
35,44,-0.00017027876624371252,-5.9578116918042486e-06,0.0004826888221853842,2,11,False
35,8,7.734428004467782e-06,-0.00017225955259473166,0.0004885062100297155,1,12,False
35,1,-0.00018174569893953302,5.578461062080909e-06,0.0005151769583311427,5,13,False
35,4,-9.45061324818936e-05,-0.0001678880200407799,0.0005459125742039994,1,14,False
35,26,8.738587368352562e-05,0.000273776082823604,0.0008150442760137544,1,15,False
35,13,-0.00016633207831269996,0.0002955393188465137,0.0009622699003064561,1,16,False
35,14,-0.0003791594326767565,-2.8329655310357057e-05,0.0010792636441974146,1,17,False
35,12,0.00039148159221600074,8.198526239633885e-05,0.001135558073052767,1,18,False
35,23,-0.00043798169669916726,1.0789577453606309e-05,0.0012442863082182676,2,19,False
35,38,-6.8848916486193294e-06,-0.00046402654452569654,0.0013183446130899945,0,20,False
35,21,-0.00016136727679117428,-0.0005039501921796563,0.001504132902912847,0,21,False
35,6,-0.00016404240427897487,0.0005456868984920351,0.0016203134987091694,1,22,False
35,17,-0.0005391132994711982,-0.0002623981012090241,0.0017054404805247891,6,23,False
35,19,0.00025732552098140253,-0.0006088361313517901,0.0018811746587563682,0,24,False
35,25,-0.0001424738680369229,-0.0008612708340916182,0.0024894406232971455,1,25,False
35,10,2.3204008653710266e-05,0.001306388910607418,0.003741067719758906,0,26,False
35,7,-0.0010306113598198626,0.0010117978595618276,0.004140534962232767,3,27,False
35,28,-0.0016420672216809512,-1.0337477971416047e-05,0.004716361108709766,1,28,False
35,15,-0.00037431657658749576,0.002851555396602602,0.008354849438788836,0,29,False
35,37,-0.004034474087649331,0.0004481183083385838,0.011920108533165052,5,30,False
35,43,-0.002207920051261571,-0.005614794953315969,0.0180338101461186,1,31,False
35,39,-0.006199505777247436,0.0001266063273320031,0.018562040717519768,8,32,False
35,40,-0.0012484889944551925,0.00718516969686849,0.02204287576615771,2,33,False
35,42,-0.010103289914444782,0.0009986522122798866,0.03145804969498345,1,34,False
35,2,-0.010627454628651473,0.0013077781257966369,0.033335887453965984,0,35,False
35,20,-0.0017598243134905169,0.010821821013019251,0.03420866401039335,0,36,False
35,49,-5.879458466448996e-05,-0.014758369988178817,0.047532884741894765,1,37,False
35,36,-0.01713838279185813,0.007650289194657848,0.06244055821037309,0,38,False
35,41,-0.03704441069273483,0.0001585165119659695,0.14090942880619695,0,39,False
35,5,-0.04109520644563578,-0.0030448444343102827,0.1611447022186927,1,40,False
35,35,-0.0500642930259218,3.3493747397188477e-05,0.20698256680924176,5,41,False
35,47,-0.0007420410178940668,-0.05634359302002287,0.24174882867489744,0,42,False
35,22,-0.06343173357415832,0.022881715269773895,0.3077351116774243,4,43,False
35,3,-0.1166204174514755,0.15447475442330827,1.3349460710235488,1,44,False
35,33,-0.0007063733313389964,0.2624521117538088,1.8614788537501572,0,45,False
35,50,-0.31322470826433896,0.00025609384291346005,2.2261421572460844,0,46,False
35,34,-0.3562513009837297,-9.626710670817388e-05,2.4911571224446516,10,47,False
35,31,0.9614824789985473,0.004128136368566916,2.5824900717146098,2,48,False
35,16,-1.853448157828697e-05,0.9202600378220214,2.6026466567808098,5,49,False
35,46,0.18089715347900653,-0.4106832819055397,3.1399484697051396,0,50,False
36,18,3.970170004606913e-06,-4.040371172348205e-06,1.602255197896696e-05,11,1,True
36,29,-8.299271069836007e-06,1.1519338751148425e-07,2.3477978914332454e-05,1,2,False
36,27,-2.865291834706425e-05,-4.485329552248991e-06,8.205204616418271e-05,0,3,False
36,9,-3.507596079524755e-05,1.8274225380873424e-05,0.00011190837248209462,6,4,False
36,11,-3.977448615493859e-05,8.036251359370942e-07,0.00011256433911244201,7,5,False
36,45,4.3287301266520595e-05,-2.729026753385945e-06,0.00012272814573011104,1,6,False
36,48,1.1433862399068482e-05,5.7507648128625466e-05,0.00016593153508326353,5,7,False
36,24,-2.6399090192004024e-05,7.351012144597116e-05,0.00022108143852905826,5,8,False
36,12,-3.515127189081848e-05,8.081100989394207e-05,0.00024946218760435457,0,9,False
36,32,8.192377532444247e-05,-9.08190775370399e-05,0.00034634181131609765,2,10,False
36,30,3.759478342988034e-05,-0.0001323927426961339,0.0003897724666441782,0,11,False
36,6,-0.0001176064165330844,0.00010364701046205516,0.0004440410761188396,0,12,False
36,44,-0.00017027876624371252,-5.9578116918042486e-06,0.0004826888221853842,3,13,False
36,8,7.734428004467782e-06,-0.00017225955259473166,0.0004885062100297155,2,14,False
36,1,-0.00018174569893953302,5.578461062080909e-06,0.0005151769583311427,7,15,False
36,4,-9.45061324818936e-05,-0.0001678880200407799,0.0005459125742039994,2,16,False
36,26,8.738587368352562e-05,0.000273776082823604,0.0008150442760137544,5,17,False
36,21,-0.00016136727679117428,-0.0002733082946432818,0.0009003987666678093,0,18,False
36,38,-6.8848916486193294e-06,-0.0003189391534014506,0.0009050162687995744,0,19,False
36,13,-0.00016633207831269996,0.0002955393188465137,0.0009622699003064561,3,20,False
36,14,-0.0003791594326767565,-2.8329655310357057e-05,0.0010792636441974146,5,21,False
36,23,-0.00043798169669916726,1.0789577453606309e-05,0.0012442863082182676,4,22,False
36,19,0.000120564928368537,-0.0005349045736008621,0.0015588994674726742,2,23,False
36,17,-0.0005391132994711982,-0.00016875863906230842,0.0016063027591859402,0,24,False
36,25,-6.211024255188507e-05,-0.0008612708340916182,0.002462223115277329,2,25,False
36,33,-0.0001839066814370876,0.0011900125758997349,0.003444429831067186,0,26,False
36,7,-0.0010306113598198626,0.0007896749967126306,0.0037172131957956545,0,27,False
36,10,2.3204008653710266e-05,0.001306388910607418,0.003741067719758906,2,28,False
36,28,-0.0016420672216809512,-9.580976288765386e-06,0.004716347730255865,0,29,False
36,43,-0.002207920051261571,-0.0005412836272163249,0.006567474307971555,0,30,False
36,15,-5.3859653521760376e-05,0.0027394273270542253,0.007949664539371515,0,31,False
36,37,-0.004034474087649331,0.00015439077537999281,0.011853574562004088,0,32,False
36,39,-0.006199505777247436,0.0001266063273320031,0.018562040717519768,9,33,False
36,40,-0.0012484889944551925,0.00718516969686849,0.02204287576615771,3,34,False
36,42,-0.010103289914444782,0.0009986522122798866,0.03145804969498345,2,35,False
36,2,-0.010627454628651473,0.0005245061321999153,0.03310756574505236,2,36,False
36,20,-0.0005442003815910668,0.010821821013019251,0.03377077059867206,0,37,False
36,49,-5.879458466448996e-05,-0.014758369988178817,0.047532884741894765,3,38,False
36,36,-0.013067660122474033,0.007650289194657848,0.04892486874323909,1,39,False
36,41,-0.03704441069273483,6.421110546023831e-06,0.14090781210807224,3,40,False
36,5,-0.038879453583541126,-0.0030448444343102827,0.1503006024812028,1,41,False
36,35,-0.0500642930259218,3.3493747397188477e-05,0.20698256680924176,6,42,False
36,47,-0.0007420410178940668,-0.05634359302002287,0.24174882867489744,2,43,False
36,22,-0.06343173357415832,0.022881715269773895,0.3077351116774243,6,44,False
36,3,-0.1166204174514755,0.11971215086560724,1.0962633703608309,0,45,False
36,34,-0.24550599431230197,-9.626710670817388e-05,1.7286010898486173,0,46,False
36,50,-0.31322470826433896,0.00020940737166169369,2.2261417719360996,0,47,False
36,31,0.9614824789985473,0.0018068124681506876,2.582108178768998,0,48,False
36,16,-1.853448157828697e-05,0.9202600378220214,2.6026466567808098,6,49,False
36,46,0.18089715347900653,-0.4106832819055397,3.1399484697051396,2,50,False
37,18,3.970170004606913e-06,-4.040371172348205e-06,1.602255197896696e-05,13,1,True
37,29,-8.299271069836007e-06,1.1519338751148425e-07,2.3477978914332454e-05,4,2,False
37,27,-9.00431001524754e-06,-4.485329552248991e-06,2.8455572217200853e-05,0,3,False
37,12,-2.9554948417675045e-05,2.2733437887010086e-06,8.386434525364805e-05,0,4,False
37,9,-3.507596079524755e-05,1.0943547022609923e-05,0.00010396224161413059,1,5,False
37,11,-3.977448615493859e-05,8.036251359370942e-07,0.00011256433911244201,8,6,False
37,45,4.3287301266520595e-05,-2.729026753385945e-06,0.00012272814573011104,4,7,False
37,48,1.0602859881620542e-05,5.7507648128625466e-05,0.00016548876514521638,0,8,False
37,24,-2.6399090192004024e-05,7.351012144597116e-05,0.00022108143852905826,7,9,False
37,26,8.738587368352562e-05,6.735445119971539e-05,0.000312387125799507,1,10,False
37,32,8.192377532444247e-05,-9.08190775370399e-05,0.00034634181131609765,3,11,False
37,30,1.710951208472177e-05,-0.0001323927426961339,0.0003780517960412233,2,12,False
37,6,-0.0001176064165330844,0.00010364701046205516,0.0004440410761188396,2,13,False
37,1,-0.00016729108059980872,5.578461062080909e-06,0.000474179684947007,1,14,False
37,44,-0.00017027876624371252,-5.9578116918042486e-06,0.0004826888221853842,5,15,False
37,8,7.734428004467782e-06,-0.00017225955259473166,0.0004885062100297155,3,16,False
37,4,-9.45061324818936e-05,-0.000145385759405706,0.0004912570165385155,1,17,False
37,21,-0.00014858597843604666,-0.0002733082946432818,0.0008824643068057192,0,18,False
37,38,-6.8848916486193294e-06,-0.0003189391534014506,0.0009050162687995744,2,19,False
37,13,-0.00016633207831269996,0.0002955393188465137,0.0009622699003064561,4,20,False
37,14,-0.0003791594326767565,-2.8329655310357057e-05,0.0010792636441974146,6,21,False
37,23,-0.00043798169669916726,1.0789577453606309e-05,0.0012442863082182676,7,22,False
37,19,0.000120564928368537,-0.0005349045736008621,0.0015588994674726742,4,23,False
37,17,-0.0005391132994711982,-0.00016875863906230842,0.0016063027591859402,5,24,False
37,7,-0.00012922344091286756,0.0007896749967126306,0.0022802956518437334,0,25,False
37,25,-6.211024255188507e-05,-0.0008612708340916182,0.002462223115277329,3,26,False
37,37,-0.0011091423962654935,4.8987820692551905e-05,0.0031730085383157025,0,27,False
37,33,-0.0001839066814370876,0.0011900125758997349,0.003444429831067186,1,28,False
37,10,2.3204008653710266e-05,0.001306388910607418,0.003741067719758906,3,29,False
37,28,-0.0016420672216809512,-9.580976288765386e-06,0.004716347730255865,2,30,False
37,43,-0.002207920051261571,-0.00031222440680378646,0.006439473731117307,1,31,False
37,15,-5.3859653521760376e-05,0.0027394273270542253,0.007949664539371515,2,32,False
37,49,-2.9313134581112668e-05,-0.0036379252057397275,0.010642338149832842,0,33,False
37,39,-0.004321699513092463,0.0001266063273320031,0.012726547170072156,0,34,False
37,40,-0.0012484889944551925,0.00718516969686849,0.02204287576615771,4,35,False
37,42,-0.010103289914444782,0.0009986522122798866,0.03145804969498345,4,36,False
37,2,-0.010627454628651473,0.00038519539257549475,0.0330873463286534,0,37,False
37,20,-0.0005442003815910668,0.010821821013019251,0.03377077059867206,2,38,False
37,36,-0.012946899949906722,0.007650289194657848,0.048547083950940095,1,39,False
37,5,-0.0228109529518944,-0.0030448444343102827,0.07913330797501716,0,40,False
37,22,-0.01422196143489584,0.022881715269773895,0.09543255032994624,0,41,False
37,41,-0.03704441069273483,6.421110546023831e-06,0.14090781210807224,7,42,False
37,35,-0.0500642930259218,3.3493747397188477e-05,0.20698256680924176,7,43,False
37,47,-0.000740703388465722,-0.05634359302002287,0.24174872770689904,0,44,False
37,34,-0.08587196529440419,-9.626710670817388e-05,0.42779569444549326,1,45,False
37,3,-0.1166204174514755,0.007827671496479657,0.6567047653538727,0,46,False
37,50,-0.31322470826433896,0.00020940737166169369,2.2261417719360996,1,47,False
37,31,0.9614824789985473,0.00035088498638105744,2.582021087034122,1,48,False
37,16,-1.853448157828697e-05,0.9202600378220214,2.6026466567808098,7,49,False
37,46,0.08790572032117902,-0.4106832819055397,2.869246761842437,0,50,False
38,18,3.970170004606913e-06,-4.040371172348205e-06,1.602255197896696e-05,15,1,True
38,12,-7.56664048075817e-06,2.2733437887010086e-06,2.2348409640660094e-05,2,2,False
38,29,-8.299271069836007e-06,1.1519338751148425e-07,2.3477978914332454e-05,7,3,False
38,27,-9.00431001524754e-06,-4.485329552248991e-06,2.8455572217200853e-05,1,4,False
38,44,-1.9753807832625865e-05,-5.9578116918042486e-06,5.836943349324386e-05,0,5,False
38,9,-3.507596079524755e-05,1.0943547022609923e-05,0.00010396224161413059,2,6,False
38,11,-3.977448615493859e-05,8.036251359370942e-07,0.00011256433911244201,10,7,False
38,45,4.3287301266520595e-05,-1.7915801943595279e-06,0.000122589777778348,0,8,False
38,48,1.0602859881620542e-05,5.7507648128625466e-05,0.00016548876514521638,1,9,False
38,24,-2.514394007088565e-05,7.351012144597116e-05,0.00021990522795123368,0,10,False
38,32,-6.113009072909624e-05,-9.08190775370399e-05,0.0003099640062136366,0,11,False
38,26,8.738587368352562e-05,6.735445119971539e-05,0.000312387125799507,5,12,False
38,30,1.710951208472177e-05,-0.0001323927426961339,0.0003780517960412233,3,13,False
38,8,7.734428004467782e-06,-0.00015119012866354121,0.0004287997331364757,2,14,False
38,6,-0.0001176064165330844,0.00010364701046205516,0.0004440410761188396,3,15,False
38,1,-0.00016729108059980872,5.578461062080909e-06,0.000474179684947007,3,16,False
38,17,-2.1308137113068776e-05,-0.00016875863906230842,0.00048188179027564004,0,17,False
38,4,-9.45061324818936e-05,-0.000145385759405706,0.0004912570165385155,3,18,False
38,13,-0.00016633207831269996,0.0002595155298944972,0.0008743771831913882,0,19,False
38,21,-0.00014858597843604666,-0.0002733082946432818,0.0008824643068057192,1,20,False
38,38,-6.8848916486193294e-06,-0.0003189391534014506,0.0009050162687995744,4,21,False
38,28,-0.0003238966181224247,-9.580976288765386e-06,0.0009193146910821959,0,22,False
38,14,-0.0003791594326767565,-2.8329655310357057e-05,0.0010792636441974146,8,23,False
38,23,-0.00043798169669916726,1.0789577453606309e-05,0.0012442863082182676,8,24,False
38,10,2.3204008653710266e-05,0.0004929487025973359,0.0014022982861132682,2,25,False
38,19,4.612701840479723e-05,-0.0005349045736008621,0.001526229160536463,1,26,False
38,33,-0.0001839066814370876,0.000580049163655832,0.0017309727858862978,0,27,False
38,7,-0.00012922344091286756,0.0007896749967126306,0.0022802956518437334,4,28,False
38,25,-3.855250870930254e-05,-0.0008612708340916182,0.0024582731272606573,0,29,False
38,37,-0.0011091423962654935,4.8987820692551905e-05,0.0031730085383157025,1,30,False
38,43,-0.002207920051261571,-0.00031222440680378646,0.006439473731117307,3,31,False
38,15,-5.361830190854174e-05,0.0027394273270542253,0.007949650459892599,0,32,False
38,49,-2.53199408104299e-05,-0.0036379252057397275,0.010642247535646465,0,33,False
38,42,-0.003531252829453292,0.0009986522122798866,0.010738183970872672,0,34,False
38,5,-0.0024524505514154603,-0.0030448444343102827,0.011465231837533896,1,35,False
38,39,-0.004321699513092463,0.00011509995222781472,0.012725563386940753,1,36,False
38,40,-0.0012484889944551925,0.00718516969686849,0.02204287576615771,7,37,False
38,2,-0.010627454628651473,5.731832318942818e-05,0.03306418622385765,0,38,False
38,20,-0.0005442003815910668,0.010821821013019251,0.03377077059867206,4,39,False
38,36,-0.012946899949906722,0.006785489820173454,0.04702481315269269,0,40,False
38,22,-0.01422196143489584,0.022881715269773895,0.09543255032994624,1,41,False
38,34,-0.035886443636459,-9.626710670817388e-05,0.13543328201769045,1,42,False
38,41,-0.03704441069273483,6.421110546023831e-06,0.14090781210807224,9,43,False
38,35,-0.0500642930259218,3.3493747397188477e-05,0.20698256680924176,8,44,False
38,47,-0.0005659580394178527,-0.05634359302002287,0.24173710373291657,0,45,False
38,50,-0.08615263759745148,0.00020940737166169369,0.4297297672553708,1,46,False
38,3,-0.1166204174514755,0.007288053049498756,0.6564153818680905,0,47,False
38,31,0.9614824789985473,0.00035088498638105744,2.582021087034122,2,48,False
38,16,-1.853448157828697e-05,0.9202600378220214,2.6026466567808098,8,49,False
38,46,0.08790572032117902,-0.4106832819055397,2.869246761842437,1,50,False
39,18,3.970170004606913e-06,-4.040371172348205e-06,1.602255197896696e-05,16,1,True
39,12,-7.56664048075817e-06,2.2733437887010086e-06,2.2348409640660094e-05,4,2,False
39,29,-8.299271069836007e-06,1.1519338751148425e-07,2.3477978914332454e-05,9,3,False
39,27,-9.00431001524754e-06,-4.485329552248991e-06,2.8455572217200853e-05,2,4,False
39,23,1.1842283469422061e-06,1.0789577453606309e-05,3.070393576054542e-05,0,5,False
39,38,-6.8848916486193294e-06,-1.761407975405129e-05,5.350027358774767e-05,1,6,False
39,44,-1.8583704361359228e-05,-5.9578116918042486e-06,5.5207937589063505e-05,1,7,False
39,9,-2.4407622282346856e-05,1.0943547022609923e-05,7.567581665712808e-05,0,8,False
39,45,3.5932755457580635e-05,-1.7915801943595279e-06,0.00010179389605413647,0,9,False
39,1,-3.5839899436103904e-05,5.578461062080909e-06,0.0001026261676249085,2,10,False
39,11,-3.977448615493859e-05,8.036251359370942e-07,0.00011256433911244201,13,11,False
39,30,1.710951208472177e-05,-4.5073775137361267e-05,0.00013642554383652694,1,12,False
39,17,-2.1308137113068776e-05,4.388651243026454e-05,0.000138050700674075,0,13,False
39,26,-3.152647362823094e-05,-4.1276052770709476e-05,0.0001469767298662994,1,14,False
39,48,1.0602859881620542e-05,5.7507648128625466e-05,0.00016548876514521638,2,15,False
39,24,-2.514394007088565e-05,7.351012144597116e-05,0.00021990522795123368,2,16,False
39,19,4.612701840479723e-05,-9.2879718561192e-05,0.00029360318152926723,0,17,False
39,32,-6.113009072909624e-05,-9.08190775370399e-05,0.0003099640062136366,1,18,False
39,8,5.410602347895738e-07,-0.00015119012866354121,0.00042824169023392145,1,19,False
39,6,-0.00011394730245088915,0.00010364701046205516,0.00043630774226643965,0,20,False
39,4,-9.45061324818936e-05,-0.000145385759405706,0.0004912570165385155,4,21,False
39,13,-0.00016633207831269996,0.0001355060557149674,0.0006080419480736232,1,22,False
39,21,-0.00014858597843604666,-0.0002733082946432818,0.0008824643068057192,2,23,False
39,28,-0.0003238966181224247,-9.580976288765386e-06,0.0009193146910821959,1,24,False
39,14,-0.0003791594326767565,-1.741580979204601e-05,0.0010773917513984266,1,25,False
39,10,2.3204008653710266e-05,0.0004929487025973359,0.0014022982861132682,3,26,False
39,33,-0.00012083010228469957,0.000580049163655832,0.001685192780950917,0,27,False
39,7,-0.00012922344091286756,0.0007896749967126306,0.0022802956518437334,5,28,False
39,25,-3.855250870930254e-05,-0.0008612708340916182,0.0024582731272606573,1,29,False
39,37,-0.0010029666975910367,4.8987820692551905e-05,0.0028670502830938638,0,30,False
39,43,-0.001251798348978103,-0.00012073516352780102,0.0035991648186670666,0,31,False
39,40,-0.0012484889944551925,0.0008598770134948886,0.004348956423563255,1,32,False
39,15,-5.361830190854174e-05,0.0027394273270542253,0.007949650459892599,2,33,False
39,42,-0.0027809270801512323,0.0009986522122798866,0.008589918750978587,3,34,False
39,49,-9.498591862671804e-06,-0.0036379252057397275,0.010642018722986979,1,35,False
39,5,-0.0024524505514154603,-0.0030448444343102827,0.011465231837533896,3,36,False
39,39,-0.004321699513092463,9.090032341503381e-05,0.012723799823288306,0,37,False
39,35,-0.005652745094375823,3.3493747397188477e-05,0.016839334755350155,0,38,False
39,2,-0.010627454628651473,5.731832318942818e-05,0.03306418622385765,2,39,False
39,20,3.457756181032834e-06,0.01077438294907601,0.03356281517721671,0,40,False
39,36,-0.012946899949906722,0.006785489820173454,0.04702481315269269,3,41,False
39,22,-0.009727964631352263,0.022881715269773895,0.08671196580358442,0,42,False
39,34,-0.035886443636459,-9.626710670817388e-05,0.13543328201769045,2,43,False
39,41,-0.03704441069273483,6.421110546023831e-06,0.14090781210807224,11,44,False
39,47,-0.00024903746596010505,-0.05634359302002287,0.24172395449233308,0,45,False
39,50,-0.06397317671585794,0.00020940737166169369,0.28632596018929535,0,46,False
39,3,-0.1166204174514755,0.007288053049498756,0.6564153818680905,2,47,False
39,46,0.08790572032117902,-0.34887967053812174,2.5663530107945616,0,48,False
39,31,0.9614824789985473,0.00035088498638105744,2.582021087034122,3,49,False
39,16,-1.853448157828697e-05,0.9202600378220214,2.6026466567808098,9,50,False
40,18,3.8702373013794025e-06,-4.040371172348205e-06,1.5825709156036538e-05,0,1,True
40,12,-7.56664048075817e-06,2.2733437887010086e-06,2.2348409640660094e-05,5,2,False
40,29,-8.299271069836007e-06,1.1519338751148425e-07,2.3477978914332454e-05,11,3,False
40,27,-9.00431001524754e-06,-4.485329552248991e-06,2.8455572217200853e-05,3,4,False
40,23,1.1842283469422061e-06,1.0789577453606309e-05,3.070393576054542e-05,2,5,False
40,45,-1.4672304310778993e-05,-1.7915801943595279e-06,4.1813594564121814e-05,0,6,False
40,38,-6.8848916486193294e-06,-1.761407975405129e-05,5.350027358774767e-05,3,7,False
40,44,-1.8397240473560037e-05,-5.9578116918042486e-06,5.470576948285455e-05,0,8,False
40,30,1.710951208472177e-05,-1.4797254958790727e-05,6.39945076028603e-05,1,9,False
40,9,-2.202814948750522e-05,9.742651398329275e-06,6.814230835106017e-05,0,10,False
40,24,-2.514394007088565e-05,1.322421294035817e-05,8.03755845599774e-05,0,11,False
40,1,-3.5839899436103904e-05,5.578461062080909e-06,0.0001026261676249085,5,12,False
40,17,-2.1308137113068776e-05,3.2734605161388e-05,0.0001105156377296801,2,13,False
40,11,-3.977448615493859e-05,8.036251359370942e-07,0.00011256433911244201,14,14,False
40,26,-3.152647362823094e-05,-4.1276052770709476e-05,0.0001469767298662994,3,15,False
40,48,1.0602859881620542e-05,5.7507648128625466e-05,0.00016548876514521638,4,16,False
40,32,-1.9796690658010077e-05,-9.08190775370399e-05,0.0002631371070944688,3,17,False
40,19,-4.392198476961186e-06,-9.2879718561192e-05,0.0002632273149285602,1,18,False
40,37,-0.00011471674768610786,3.2609781789345743e-05,0.0003377014982786086,1,19,False
40,8,5.410602347895738e-07,-0.00015119012866354121,0.00042824169023392145,4,20,False
40,6,-0.00011394730245088915,0.00010364701046205516,0.00043630774226643965,2,21,False
40,13,-0.00016633207831269996,3.495342216701508e-05,0.00048150286551207344,0,22,False
40,4,-9.45061324818936e-05,-0.000145385759405706,0.0004912570165385155,5,23,False
40,43,-0.00019742091598563502,-0.00012073516352780102,0.0006559609376464159,0,24,False
40,21,-0.00014858597843604666,-0.0002733082946432818,0.0008824643068057192,3,25,False
40,28,-0.0003238966181224247,-9.580976288765386e-06,0.0009193146910821959,3,26,False
40,10,2.3204008653710266e-05,0.0003528624935920725,0.0010035313252285682,0,27,False
40,14,-0.0003791594326767565,-1.741580979204601e-05,0.0010773917513984266,3,28,False
40,36,-0.0003045402723933424,0.0004000570552103093,0.0014288155602817376,0,29,False
40,33,-0.00011511402841690664,0.000580049163655832,0.0016819346796137502,0,30,False
40,7,-0.00012922344091286756,0.0007896749967126306,0.0022802956518437334,8,31,False
40,40,-0.000712576499517116,0.00045022776988390525,0.0024029828579057444,0,32,False
40,25,-3.855250870930254e-05,-0.0008612708340916182,0.0024582731272606573,2,33,False
40,42,-0.0007852962773759755,0.0009541060312370407,0.003535810626758451,0,34,False
40,49,-9.498591862671804e-06,-0.0012697101880069215,0.0036343143670767297,1,35,False
40,39,-0.0017939557732433902,9.090032341503381e-05,0.005166498045689583,0,36,False
40,5,-0.0024524505514154603,-0.0009178276713013545,0.007589020467609675,0,37,False
40,15,-4.233024292121269e-05,0.0027394273270542253,0.007949062578344712,0,38,False
40,35,-0.005652745094375823,3.3493747397188477e-05,0.016839334755350155,2,39,False
40,2,-0.010627454628651473,5.731832318942818e-05,0.03306418622385765,3,40,False
40,20,3.457756181032834e-06,0.01077438294907601,0.03356281517721671,1,41,False
40,41,-0.02038178325971656,6.421110546023831e-06,0.06867237387444236,1,42,False
40,22,-0.009727964631352263,0.022881715269773895,0.08671196580358442,1,43,False
40,34,-0.035886443636459,-2.1437348279749243e-05,0.13543270335083024,0,44,False
40,47,-0.00024903746596010505,-0.05634359302002287,0.24172395449233308,1,45,False
40,50,-0.06265839385706887,0.00020940737166169369,0.2784571244994045,1,46,False
40,3,-0.1166204174514755,0.007288053049498756,0.6564153818680905,3,47,False
40,46,0.08790572032117902,-0.16820647612081172,1.2908768742069374,0,48,False
40,31,0.9614824789985473,0.00035088498638105744,2.582021087034122,4,49,False
40,16,-1.853448157828697e-05,0.9202600378220214,2.6026466567808098,11,50,False
41,12,-4.24637765874608e-06,5.124789746344829e-07,1.209820855807564e-05,0,1,True
41,18,3.8702373013794025e-06,-2.450636942508918e-06,1.295721210725631e-05,1,2,False
41,27,-4.344376208273721e-06,-4.485329552248991e-06,1.7662699779652513e-05,0,3,False
41,29,-8.299271069836007e-06,1.1519338751148425e-07,2.3477978914332454e-05,13,4,False
41,23,1.1842283469422061e-06,1.0789577453606309e-05,3.070393576054542e-05,3,5,False
41,45,-1.4672304310778993e-05,-1.7915801943595279e-06,4.1813594564121814e-05,1,6,False
41,30,8.8453248710294e-06,-1.4797254958790727e-05,4.87684328907001e-05,2,7,False
41,38,-6.8848916486193294e-06,-1.761407975405129e-05,5.350027358774767e-05,4,8,False
41,44,-1.8397240473560037e-05,-5.9578116918042486e-06,5.470576948285455e-05,3,9,False
41,9,-2.202814948750522e-05,9.742651398329275e-06,6.814230835106017e-05,1,10,False
41,24,-2.514394007088565e-05,1.322421294035817e-05,8.03755845599774e-05,2,11,False
41,32,-1.9796690658010077e-05,-2.7910088139930923e-05,9.681473021005971e-05,0,12,False
41,1,-3.5839899436103904e-05,5.578461062080909e-06,0.0001026261676249085,7,13,False
41,26,-2.788696321646978e-05,-2.4436422232082253e-05,0.00010491068417595173,0,14,False
41,17,-2.1308137113068776e-05,3.2734605161388e-05,0.0001105156377296801,3,15,False
41,11,-3.977448615493859e-05,8.036251359370942e-07,0.00011256433911244201,16,16,False
41,37,-2.9600387483717395e-05,3.2609781789345743e-05,0.00012461747970293757,3,17,False
41,48,1.0602859881620542e-05,5.7507648128625466e-05,0.00016548876514521638,5,18,False
41,19,-4.392198476961186e-06,-9.2879718561192e-05,0.0002632273149285602,2,19,False
41,43,-3.883048562375476e-05,-0.00012073516352780102,0.0003591458753899879,0,20,False
41,4,3.2732611628408156e-05,-0.000145385759405706,0.00042209765345235795,1,21,False
41,21,-0.00014858597843604666,-2.5736918764033656e-05,0.00042712804881661626,1,22,False
41,8,5.410602347895738e-07,-0.00015119012866354121,0.00042824169023392145,5,23,False
41,6,-0.00011394730245088915,0.00010364701046205516,0.00043630774226643965,3,24,False
41,13,-0.00016633207831269996,6.04010043825339e-06,0.0004715059308009195,1,25,False
41,28,-0.0003238966181224247,-1.4382368804099868e-07,0.0009189116248653484,1,26,False
41,36,-7.89142031210185e-05,0.00032540256938132597,0.0009500409964826595,0,27,False
41,10,5.29473658316995e-06,0.0003528624935920725,0.001001474491392873,1,28,False
41,14,-0.0003791594326767565,-1.741580979204601e-05,0.0010773917513984266,5,29,False
41,33,-8.229178868820341e-05,0.000580049163655832,0.0016661947517957465,0,30,False
41,40,-0.000712576499517116,0.00018817692041055498,0.0020990277062122864,0,31,False
41,7,-8.502505134480778e-05,0.0007896749967126306,0.00226324512657472,0,32,False
41,49,-9.498591862671804e-06,-0.0008026413608960627,0.0022875287520318643,1,33,False
41,25,-2.4988024537293386e-05,-0.0008612708340916182,0.0024568359444576693,1,34,False
41,42,-5.4602841553841644e-05,0.0009541060312370407,0.00272735452484385,1,35,False
41,39,-0.0017939557732433902,9.66292817641713e-06,0.005159844498969779,1,36,False
41,5,-0.0021433787174296955,-0.0009178276713013545,0.0067395931792728625,0,37,False
41,15,-1.8815624529528846e-05,0.0027394273270542253,0.007948282080171953,0,38,False
41,20,3.457756181032834e-06,0.002793372635272415,0.00810862337030871,1,39,False
41,35,-0.005652745094375823,3.3493747397188477e-05,0.016839334755350155,4,40,False
41,2,-0.007646106836526469,5.731832318942818e-05,0.023183174221952374,1,41,False
41,41,-0.014659613938077408,4.506859268902065e-06,0.04717605522695978,0,42,False
41,22,-0.009727964631352263,0.022881715269773895,0.08671196580358442,2,43,False
41,34,-0.035886443636459,-9.234877748395943e-06,0.1354326787610316,0,44,False
41,47,-0.00024903746596010505,-0.05634359302002287,0.24172395449233308,3,45,False
41,50,-0.06265839385706887,0.00020940737166169369,0.2784571244994045,3,46,False
41,3,-0.06943308908692733,0.007288053049498756,0.3222180733889535,1,47,False
41,46,0.08790572032117902,-0.16820647612081172,1.2908768742069374,1,48,False
41,31,0.9614824789985473,0.00035088498638105744,2.582021087034122,5,49,False
41,16,-1.853448157828697e-05,0.9202600378220214,2.6026466567808098,12,50,False
42,8,5.410602347895738e-07,-1.0846613995662375e-07,1.5608055474736204e-06,1,1,True
42,12,-4.24637765874608e-06,5.124789746344829e-07,1.209820855807564e-05,1,2,False
42,18,3.8702373013794025e-06,-2.450636942508918e-06,1.295721210725631e-05,2,3,False
42,29,-5.4986476978097405e-06,1.1519338751148425e-07,1.5556742216649155e-05,3,4,False
42,27,-4.344376208273721e-06,-4.485329552248991e-06,1.7662699779652513e-05,3,5,False
42,23,1.1842283469422061e-06,1.0789577453606309e-05,3.070393576054542e-05,4,6,False
42,45,-1.4672304310778993e-05,-1.7915801943595279e-06,4.1813594564121814e-05,2,7,False
42,30,8.8453248710294e-06,-1.4797254958790727e-05,4.87684328907001e-05,3,8,False
42,38,4.3493625636715244e-07,-1.761407975405129e-05,4.984359347703915e-05,0,9,False
42,44,-1.7256116570997052e-05,-5.9578116918042486e-06,5.164367502219491e-05,0,10,False
42,9,-2.202814948750522e-05,9.742651398329275e-06,6.814230835106017e-05,2,11,False
42,17,-2.1308137113068776e-05,1.2585991872337674e-05,7.001310251242288e-05,0,12,False
42,24,-2.514394007088565e-05,9.428436645818124e-06,7.597251087476664e-05,1,13,False
42,32,-1.9796690658010077e-05,-2.4517374900784885e-05,8.915603926640259e-05,1,14,False
42,37,-3.2250134554528914e-06,3.2609781789345743e-05,9.27129429979523e-05,1,15,False
42,26,-2.788696321646978e-05,-1.9584946532296282e-05,9.641568654616961e-05,0,16,False
42,1,-3.5839899436103904e-05,5.578461062080909e-06,0.0001026261676249085,10,17,False
42,11,-3.977448615493859e-05,4.663574638823451e-07,0.00011254910038305255,0,18,False
42,48,1.0602859881620542e-05,5.7507648128625466e-05,0.00016548876514521638,8,19,False
42,19,-4.392198476961186e-06,-9.2879718561192e-05,0.0002632273149285602,3,20,False
42,7,-8.502505134480778e-05,8.695265833786551e-05,0.00034437085836858117,0,21,False
42,43,-1.6239819319991e-05,-0.00012073516352780102,0.0003449611304593425,0,22,False
42,4,3.2732611628408156e-05,-0.000145385759405706,0.00042209765345235795,4,23,False
42,21,-0.00014858597843604666,-2.5736918764033656e-05,0.00042712804881661626,3,24,False
42,6,-0.00011394730245088915,0.00010364701046205516,0.00043630774226643965,5,25,False
42,13,-0.00016633207831269996,6.04010043825339e-06,0.0004715059308009195,2,26,False
42,33,-8.229178868820341e-05,0.0002239638856505179,0.000676389383290843,1,27,False
42,40,-0.00022009663965603655,0.00018817692041055498,0.0008212717412914294,1,28,False
42,28,-0.0003238966181224247,-1.4382368804099868e-07,0.0009189116248653484,3,29,False
42,36,-5.8963494304851904e-05,0.00032540256938132597,0.0009382774495425572,0,30,False
42,10,5.29473658316995e-06,0.0003528624935920725,0.001001474491392873,2,31,False
42,14,-0.0003791594326767565,-1.741580979204601e-05,0.0010773917513984266,6,32,False
42,49,-9.498591862671804e-06,-0.0008026413608960627,0.0022875287520318643,3,33,False
42,25,-2.4988024537293386e-05,-0.0008612708340916182,0.0024568359444576693,2,34,False
42,42,-5.4602841553841644e-05,0.0009541060312370407,0.00272735452484385,3,35,False
42,39,-0.001008907803964329,9.358061837269576e-06,0.0028808519431113844,0,36,False
42,5,-0.0018622926540655213,-0.00048364583174384935,0.005540669797131859,0,37,False
42,20,3.457756181032834e-06,0.0024445769309256755,0.007073437148254147,1,38,False
42,15,-1.8815624529528846e-05,0.0027394273270542253,0.007948282080171953,1,39,False
42,35,-0.005652745094375823,3.3493747397188477e-05,0.016839334755350155,6,40,False
42,2,-0.007646106836526469,5.731832318942818e-05,0.023183174221952374,2,41,False
42,41,-0.014659613938077408,4.506859268902065e-06,0.04717605522695978,2,42,False
42,34,-0.019022505474956444,-4.2493358504472854e-06,0.06341063853344808,0,43,False
42,22,-0.009727964631352263,0.022881715269773895,0.08671196580358442,5,44,False
42,46,0.012848999868468616,-0.0273990533524901,0.10981893963848721,0,45,False
42,47,-9.691274565016308e-05,-0.05634359302002287,0.24172127523623788,1,46,False
42,50,-0.06265839385706887,0.00020940737166169369,0.2784571244994045,4,47,False
42,3,-0.06943308908692733,0.007288053049498756,0.3222180733889535,3,48,False
42,31,0.9614824789985473,6.965688827510562e-05,2.5820178081525573,0,49,False
42,16,-5.592645496023322e-06,0.9202600378220214,2.6026466484816813,0,50,False
43,8,5.410602347895738e-07,-1.0846613995662375e-07,1.5608055474736204e-06,2,1,True
43,12,-1.6735037590963813e-06,5.124789746344829e-07,4.950434715045304e-06,1,2,False
43,18,3.8702373013794025e-06,-2.450636942508918e-06,1.295721210725631e-05,3,3,False
43,29,-5.4986476978097405e-06,1.1519338751148425e-07,1.5556742216649155e-05,6,4,False
43,27,-4.344376208273721e-06,-3.8141310875151746e-06,1.6352330402202853e-05,0,5,False
43,44,-8.418462360422497e-06,-5.9578116918042486e-06,2.917350648390382e-05,1,6,False
43,23,1.1842283469422061e-06,1.0789577453606309e-05,3.070393576054542e-05,6,7,False
43,45,-1.4672304310778993e-05,-1.7915801943595279e-06,4.1813594564121814e-05,3,8,False
43,37,-3.2250134554528914e-06,-1.4526862776920487e-05,4.209441770486322e-05,0,9,False
43,1,-1.6023725563762594e-05,5.578461062080909e-06,4.799758208706706e-05,0,10,False
43,30,8.8453248710294e-06,-1.4797254958790727e-05,4.87684328907001e-05,5,11,False
43,38,4.3493625636715244e-07,-1.761407975405129e-05,4.984359347703915e-05,2,12,False
43,32,-1.9796690658010077e-05,-1.065595000898209e-05,6.360328460219833e-05,0,13,False
43,17,-2.1308137113068776e-05,7.286348941144443e-06,6.370825027035565e-05,0,14,False
43,9,-2.202814948750522e-05,9.742651398329275e-06,6.814230835106017e-05,4,15,False
43,24,-2.514394007088565e-05,9.428436645818124e-06,7.597251087476664e-05,2,16,False
43,26,-2.788696321646978e-05,-1.9584946532296282e-05,9.641568654616961e-05,3,17,False
43,11,-3.977448615493859e-05,4.663574638823451e-07,0.00011254910038305255,2,18,False
43,48,8.725744099019548e-06,5.7507648128625466e-05,0.00016460800976902945,1,19,False
43,19,-4.392198476961186e-06,-9.2879718561192e-05,0.0002632273149285602,6,20,False
43,7,-8.502505134480778e-05,8.695265833786551e-05,0.00034437085836858117,3,21,False
43,43,-1.6239819319991e-05,-0.00012073516352780102,0.0003449611304593425,1,22,False
43,4,-1.2172795092299418e-06,-0.000145385759405706,0.00041179032251692504,1,23,False
43,21,-0.00014858597843604666,-2.5736918764033656e-05,0.00042712804881661626,4,24,False
43,6,-0.00011394730245088915,0.00010364701046205516,0.00043630774226643965,7,25,False
43,13,-0.00016633207831269996,3.1835467563668426e-06,0.00047128130491502773,0,26,False
43,33,-8.229178868820341e-05,0.00014775788879822758,0.00047912834245211755,2,27,False
43,10,5.29473658316995e-06,0.0001705826214553755,0.0004834884651754301,0,28,False
43,40,-0.00022009663965603655,0.00018817692041055498,0.0008212717412914294,3,29,False
43,28,-0.0003238966181224247,-1.4382368804099868e-07,0.0009189116248653484,4,30,False
43,36,-5.8963494304851904e-05,0.00032540256938132597,0.0009382774495425572,1,31,False
43,14,-0.0003791594326767565,-1.741580979204601e-05,0.0010773917513984266,8,32,False
43,25,-2.4988024537293386e-05,-0.0004582266452586762,0.0013035941368788606,2,33,False
43,49,-9.498591862671804e-06,-0.0008026413608960627,0.0022875287520318643,6,34,False
43,42,-4.027090035461249e-05,0.0009541060312370407,0.0027253054229885443,0,35,False
43,39,-0.001008907803964329,9.358061837269576e-06,0.0028808519431113844,1,36,False
43,20,3.457756181032834e-06,0.001650598653238035,0.004741155312235623,0,37,False
43,5,-0.0018622926540655213,-0.00036948278076498096,0.005466012276827303,0,38,False
43,15,-1.3979563365991372e-05,0.0027394273270542253,0.007948195982639294,0,39,False
43,35,-0.0049247702680982955,3.3493747397188477e-05,0.014575404583947904,1,40,False
43,22,-0.0011719011065413696,0.006832496805264352,0.02088658749378114,0,41,False
43,2,-0.007646106836526469,5.7216893918772144e-05,0.023183171764138866,1,42,False
43,41,-0.014659613938077408,4.506859268902065e-06,0.04717605522695978,3,43,False
43,34,-0.019022505474956444,-4.2493358504472854e-06,0.06341063853344808,1,44,False
43,46,0.012848999868468616,-0.0273990533524901,0.10981893963848721,1,45,False
43,47,-9.122755949722107e-05,-0.05634359302002287,0.24172122078241687,0,46,False
43,50,-0.06265839385706887,0.00019454755514595865,0.2784568352144601,1,47,False
43,3,-0.06943308908692733,0.0028346349439551223,0.3201582154174436,1,48,False
43,31,0.9614824789985473,6.965688827510562e-05,2.5820178081525573,2,49,False
43,16,-5.592645496023322e-06,0.9202600378220214,2.6026466484816813,2,50,False
44,8,5.410602347895738e-07,-1.0846613995662375e-07,1.5608055474736204e-06,3,1,True
44,12,-1.6735037590963813e-06,5.124789746344829e-07,4.950434715045304e-06,3,2,False
44,29,-3.823330160642824e-06,1.1519338751148425e-07,1.081930749124993e-05,0,3,False
44,18,3.8702373013794025e-06,-2.450636942508918e-06,1.295721210725631e-05,5,4,False
44,11,4.685021748228645e-06,4.663574638823451e-07,1.3317322018924216e-05,1,5,False
44,27,-4.344376208273721e-06,-3.8141310875151746e-06,1.6352330402202853e-05,2,6,False
44,23,1.1842283469422061e-06,6.7010311693734295e-06,1.9248303591457017e-05,1,7,False
44,17,4.6566097888107113e-07,7.286348941144443e-06,2.0652370281926125e-05,1,8,False
44,44,-8.418462360422497e-06,-4.56128883369616e-06,2.7083927744531167e-05,2,9,False
44,45,-1.4672304310778993e-05,-1.7915801943595279e-06,4.1813594564121814e-05,7,10,False
44,37,-3.2250134554528914e-06,-1.4526862776920487e-05,4.209441770486322e-05,1,11,False
44,1,-1.4617597226482245e-05,5.578461062080909e-06,4.425973315536069e-05,0,12,False
44,30,8.8453248710294e-06,-1.4797254958790727e-05,4.87684328907001e-05,8,13,False
44,38,4.3493625636715244e-07,-1.761407975405129e-05,4.984359347703915e-05,6,14,False
44,32,-1.9796690658010077e-05,4.475376510498887e-06,5.7417446634122626e-05,0,15,False
44,9,-2.202814948750522e-05,9.742651398329275e-06,6.814230835106017e-05,5,16,False
44,24,-2.514394007088565e-05,9.428436645818124e-06,7.597251087476664e-05,3,17,False
44,26,-2.788696321646978e-05,-1.9584946532296282e-05,9.641568654616961e-05,5,18,False
44,48,8.725744099019548e-06,5.65713968337879e-05,0.00016198750129037265,0,19,False
44,25,-2.4988024537293386e-05,-5.792129991493371e-05,0.0001785274481460597,1,20,False
44,19,-4.392198476961186e-06,-8.65946300618992e-05,0.0002454416442501106,0,21,False
44,43,-1.6239819319991e-05,-0.00010411183968280261,0.00029832930259887647,0,22,False
44,7,-7.05159572495158e-05,8.695265833786551e-05,0.00031698199970664476,0,23,False
44,4,-1.2172795092299418e-06,-0.000145385759405706,0.00041179032251692504,2,24,False
44,21,-0.00014858597843604666,-2.5736918764033656e-05,0.00042712804881661626,5,25,False
44,6,-0.00011394730245088915,0.00010364701046205516,0.00043630774226643965,9,26,False
44,13,-0.00016633207831269996,3.1835467563668426e-06,0.00047128130491502773,3,27,False
44,10,5.29473658316995e-06,0.0001675503783773044,0.0004748888875991675,1,28,False
44,33,-8.229178868820341e-05,0.00014775788879822758,0.00047912834245211755,4,29,False
44,40,-0.00022009663965603655,0.00018817692041055498,0.0008212717412914294,4,30,False
44,28,-0.0003238966181224247,-1.4382368804099868e-07,0.0009189116248653484,7,31,False
44,36,-5.8963494304851904e-05,0.00032540256938132597,0.0009382774495425572,3,32,False
44,14,-0.0003791594326767565,-1.741580979204601e-05,0.0010773917513984266,10,33,False
44,49,-9.498591862671804e-06,-0.0003983440898352028,0.0011312352303431972,2,34,False
44,42,-4.027090035461249e-05,0.0009541060312370407,0.0027253054229885443,2,35,False
44,39,-0.001008907803964329,5.982813232835258e-06,0.0028807779861144134,0,36,False
44,5,-0.0011472795833280753,-0.000170460728475972,0.003316441560717198,0,37,False
44,20,3.457756181032834e-06,0.001650598653238035,0.004741155312235623,1,38,False
44,15,-1.3979563365991372e-05,0.0027394273270542253,0.007948195982639294,2,39,False
44,35,-0.0049247702680982955,3.3493747397188477e-05,0.014575404583947904,3,40,False
44,22,-0.000939774104273494,0.006832496805264352,0.02077328660018951,0,41,False
44,2,-0.007646106836526469,5.688480060237059e-05,0.023183163747372948,1,42,False
44,34,-0.014031443430533813,-3.6908941576563806e-06,0.044921030902781656,0,43,False
44,41,-0.014659613938077408,4.160115046650838e-06,0.04717605485719334,0,44,False
44,50,-0.023525546640087006,0.00019454755514595865,0.0812138517083203,1,45,False
44,46,0.012848999868468616,-0.0273990533524901,0.10981893963848721,2,46,False
44,47,-3.145779071693124e-05,-0.05634359302002287,0.24172084746669542,0,47,False
44,3,-0.06943308908692733,0.00029781150003672756,0.31979458816358575,0,48,False
44,31,0.9614824789985473,2.1078845711895178e-05,2.5820176859510515,0,49,False
44,16,-5.592645496023322e-06,0.9202600378220214,2.6026466484816813,3,50,False
45,8,5.410602347895738e-07,-1.0846613995662375e-07,1.5608055474736204e-06,5,1,True
45,11,-3.4661248600782655e-07,4.663574638823451e-07,1.643491874592229e-06,0,2,False
45,12,-1.6735037590963813e-06,5.124789746344829e-07,4.950434715045304e-06,4,3,False
45,29,-3.823330160642824e-06,1.1519338751148425e-07,1.081930749124993e-05,2,4,False
45,18,3.8702373013794025e-06,1.5911563561367253e-06,1.1836180136004515e-05,3,5,False
45,27,-4.344376208273721e-06,-1.2962854803942875e-06,1.2823639199854853e-05,0,6,False
45,48,4.200746758574453e-06,2.5562309508778277e-06,1.39090844943901e-05,0,7,False
45,23,1.1842283469422061e-06,6.7010311693734295e-06,1.9248303591457017e-05,3,8,False
45,17,4.6566097888107113e-07,7.286348941144443e-06,2.0652370281926125e-05,2,9,False
45,44,-8.418462360422497e-06,-4.56128883369616e-06,2.7083927744531167e-05,4,10,False
45,30,8.8453248710294e-06,-5.203001201263595e-06,2.9028447205536878e-05,0,11,False
45,9,-8.33884450339309e-06,9.742651398329275e-06,3.62761956691493e-05,0,12,False
45,45,-1.3536826706912854e-05,-1.7915801943595279e-06,3.8626765779259387e-05,0,13,False
45,37,2.4077106867626234e-06,-1.4526862776920487e-05,4.165447724036042e-05,2,14,False
45,1,-1.4617597226482245e-05,5.578461062080909e-06,4.425973315536069e-05,3,15,False
45,38,4.3493625636715244e-07,-1.761407975405129e-05,4.984359347703915e-05,7,16,False
45,32,-1.9796690658010077e-05,4.475376510498887e-06,5.7417446634122626e-05,1,17,False
45,24,-2.514394007088565e-05,9.261879699375175e-06,7.580830773479263e-05,1,18,False
45,26,-2.788696321646978e-05,-1.9584946532296282e-05,9.641568654616961e-05,8,19,False
45,49,-9.498591862671804e-06,-4.708071334357737e-05,0.00013590889464554223,2,20,False
45,25,1.1879940288718177e-05,-5.792129991493371e-05,0.00016732969106358908,0,21,False
45,43,-1.1628819503735401e-06,-7.098200460709134e-05,0.00020092856946662963,0,22,False
45,19,-3.2849430052925136e-06,-8.65946300618992e-05,0.00024530273071876607,0,23,False
45,6,-8.12873138096688e-05,7.244031411140392e-05,0.0003082796636495466,0,24,False
45,4,-1.2172795092299418e-06,-0.0001105656049482903,0.00031307127305924,2,25,False
45,7,-7.05159572495158e-05,8.695265833786551e-05,0.00031698199970664476,3,26,False
45,21,-0.00014858597843604666,-2.5736918764033656e-05,0.00042712804881661626,8,27,False
45,40,-8.903628588665866e-05,0.000126977249001873,0.0004392808932647263,0,28,False
45,33,-8.229178868820341e-05,0.00013789284913641467,0.0004548793510754656,1,29,False
45,13,-0.00016633207831269996,1.7737704476876225e-06,0.0004712217054998469,0,30,False
45,10,3.554078016885962e-06,0.0001675503783773044,0.00047475851704392724,0,31,False
45,28,-0.0003238966181224247,2.8072987256309994e-10,0.0009189115339975906,2,32,False
45,36,-5.8963494304851904e-05,0.00032540256938132597,0.0009382774495425572,5,33,False
45,14,-0.0003791594326767565,-1.741580979204601e-05,0.0010773917513984266,12,34,False
45,42,-1.056839015305835e-05,0.0006749879277579431,0.0019215232072693489,0,35,False
45,5,-0.0006640767929517777,-0.000170460728475972,0.001951701829352448,0,36,False
45,39,-0.001008907803964329,5.982813232835258e-06,0.0028807779861144134,1,37,False
45,20,3.457756181032834e-06,0.001650598653238035,0.004741155312235623,2,38,False
45,15,-1.3979563365991372e-05,0.0027394273270542253,0.007948195982639294,3,39,False
45,35,-0.0049247702680982955,3.3493747397188477e-05,0.014575404583947904,5,40,False
45,22,-0.000939774104273494,0.006832496805264352,0.02077328660018951,1,41,False
45,2,-0.007318921399440323,4.30124360634031e-05,0.02212720462521789,0,42,False
45,50,-0.007702080529945324,0.00019454755514595865,0.023371606446187077,0,43,False
45,34,-0.014031443430533813,-3.6908941576563806e-06,0.044921030902781656,1,44,False
45,41,-0.014659613938077408,4.160115046650838e-06,0.04717605485719334,1,45,False
45,47,-2.3875444234863377e-05,-0.022047434315182295,0.07525150550831272,0,46,False
45,46,0.004473829120366009,-0.0273990533524901,0.09891802824153162,0,47,False
45,3,-0.06943308908692733,0.00029781150003672756,0.31979458816358575,2,48,False
45,31,0.9614824789985473,2.1078845711895178e-05,2.5820176859510515,1,49,False
45,16,-2.5819208343878646e-06,0.9202600378220214,2.602646647827545,0,50,False
46,8,5.410602347895738e-07,-1.0846613995662375e-07,1.5608055474736204e-06,7,1,True
46,11,-3.4661248600782655e-07,4.663574638823451e-07,1.643491874592229e-06,2,2,False
46,12,-1.6735037590963813e-06,5.124789746344829e-07,4.950434715045304e-06,6,3,False
46,29,2.739542714531454e-06,1.1519338751148425e-07,7.755644123808025e-06,1,4,False
46,18,3.8702373013794025e-06,1.5911563561367253e-06,1.1836180136004515e-05,6,5,False
46,27,-4.344376208273721e-06,-1.2962854803942875e-06,1.2823639199854853e-05,2,6,False
46,48,4.200746758574453e-06,2.5562309508778277e-06,1.39090844943901e-05,2,7,False
46,23,1.1842283469422061e-06,6.7010311693734295e-06,1.9248303591457017e-05,4,8,False
46,17,4.6566097888107113e-07,7.286348941144443e-06,2.0652370281926125e-05,4,9,False
46,30,8.8453248710294e-06,-2.1647195607965676e-06,2.5758882320037202e-05,0,10,False
46,49,-9.498591862671804e-06,3.428392946012248e-07,2.6885974758972253e-05,0,11,False
46,44,-8.418462360422497e-06,-4.56128883369616e-06,2.7083927744531167e-05,6,12,False
46,9,-8.33884450339309e-06,9.742651398329275e-06,3.62761956691493e-05,2,13,False
46,45,-1.3317340458699047e-05,-1.7915801943595279e-06,3.801126187186199e-05,0,14,False
46,1,-1.4617597226482245e-05,1.6422890177529816e-06,4.161069034624987e-05,0,15,False
46,37,2.4077106867626234e-06,-1.4526862776920487e-05,4.165447724036042e-05,5,16,False
46,38,4.3493625636715244e-07,-1.761407975405129e-05,4.984359347703915e-05,10,17,False
46,43,-1.1628819503735401e-06,-1.778218531202871e-05,5.0411504294078924e-05,2,18,False
46,32,-1.9796690658010077e-05,4.475376510498887e-06,5.7417446634122626e-05,3,19,False
46,24,-2.514394007088565e-05,9.261879699375175e-06,7.580830773479263e-05,3,20,False
46,19,-3.2849430052925136e-06,-2.722182460403508e-05,7.757354110582426e-05,1,21,False
46,26,-2.788696321646978e-05,-1.9584946532296282e-05,9.641568654616961e-05,10,22,False
46,10,3.554078016885962e-06,-3.74879985270233e-05,0.0001065452795470101,0,23,False
46,28,-4.8542962793647214e-05,2.8072987256309994e-10,0.00013736298027611227,2,24,False
46,25,1.1879940288718177e-05,-4.7463259163739585e-05,0.0001384514314044516,0,25,False
46,4,-1.2172795092299418e-06,-6.838810585773487e-05,0.00019358599158580958,0,26,False
46,33,-8.229178868820341e-05,1.7660809125541338e-05,0.0002382448037576701,0,27,False
46,6,-8.12873138096688e-05,6.132909850575948e-05,0.0002882884077419767,0,28,False
46,7,-7.05159572495158e-05,8.695265833786551e-05,0.00031698199970664476,5,29,False
46,13,-0.00011464215176279794,1.7737704476876225e-06,0.00032464583697633387,0,30,False
46,21,-0.00014858597843604666,-6.159011658225671e-06,0.00042121440564502066,1,31,False
46,40,-8.903628588665866e-05,0.000126977249001873,0.0004392808932647263,2,32,False
46,36,-2.5942691128006045e-05,0.00032540256938132597,0.0009261353211305057,1,33,False
46,14,-0.0003791594326767565,-1.741580979204601e-05,0.0010773917513984266,14,34,False
46,42,-1.056839015305835e-05,0.0006749879277579431,0.0019215232072693489,2,35,False
46,5,-0.0006640767929517777,-0.000170460728475972,0.001951701829352448,1,36,False
46,39,-0.001008907803964329,5.982813232835258e-06,0.0028807779861144134,3,37,False
46,2,-0.0015692515874486572,4.30124360634031e-05,0.004505802389453084,1,38,False
46,20,3.457756181032834e-06,0.001650598653238035,0.004741155312235623,3,39,False
46,15,-5.115374176632942e-06,0.0027394273270542253,0.007948104096378916,0,40,False
46,46,0.0017974511469453147,-0.003616931228682542,0.011858180980820254,0,41,False
46,35,-0.0049247702680982955,3.3493747397188477e-05,0.014575404583947904,6,42,False
46,41,-0.005578980961806125,4.160115046650838e-06,0.01660834250725829,0,43,False
46,22,-0.000939774104273494,0.006832496805264352,0.02077328660018951,3,44,False
46,50,-0.007702080529945324,-5.619319875925364e-06,0.02336365735360646,2,45,False
46,34,-0.014031443430533813,2.5083960933065926e-06,0.04492102996911074,2,46,False
46,47,-2.3875444234863377e-05,-0.022047434315182295,0.07525150550831272,1,47,False
46,3,-0.022318264586968978,0.00029781150003672756,0.07634280924984482,1,48,False
46,31,0.9614824789985473,2.1078845711895178e-05,2.5820176859510515,2,49,False
46,16,-2.5819208343878646e-06,0.9202600378220214,2.602646647827545,1,50,False
47,8,5.410602347895738e-07,-1.0846613995662375e-07,1.5608055474736204e-06,9,1,True
47,11,-3.4661248600782655e-07,4.663574638823451e-07,1.643491874592229e-06,4,2,False
47,29,9.769313308042983e-07,1.1519338751148425e-07,2.7823475901023187e-06,2,3,False
47,12,-1.6735037590963813e-06,5.124789746344829e-07,4.950434715045304e-06,8,4,False
47,30,6.344900254240664e-07,-2.1647195607965676e-06,6.380473025036082e-06,0,5,False
47,18,2.6315101622262484e-06,1.5911563561367253e-06,8.698124791539641e-06,2,6,False
47,27,-4.344376208273721e-06,-9.501710569851885e-07,1.2578739422952623e-05,0,7,False
47,48,4.200746758574453e-06,2.5562309508778277e-06,1.39090844943901e-05,3,8,False
47,23,1.1842283469422061e-06,6.7010311693734295e-06,1.9248303591457017e-05,6,9,False
47,44,-5.40504614038888e-06,-4.56128883369616e-06,2.0005307473258682e-05,4,10,False
47,17,4.6566097888107113e-07,7.286348941144443e-06,2.0652370281926125e-05,6,11,False
47,43,-1.1628819503735401e-06,-8.075816146864832e-06,2.3079225027533568e-05,0,12,False
47,45,-9.116210596716393e-06,-1.7915801943595279e-06,2.6280054076455173e-05,0,13,False
47,49,-9.498591862671804e-06,3.420416513304489e-07,2.688589346222514e-05,0,14,False
47,9,-8.33884450339309e-06,9.742651398329275e-06,3.62761956691493e-05,4,15,False
47,37,2.1916032873781143e-06,-1.4526862776920487e-05,4.1558881175962625e-05,1,16,False
47,1,-1.4617597226482245e-05,1.6422890177529816e-06,4.161069034624987e-05,1,17,False
47,38,4.3493625636715244e-07,-1.761407975405129e-05,4.984359347703915e-05,11,18,False
47,32,-1.9796690658010077e-05,4.475376510498887e-06,5.7417446634122626e-05,4,19,False
47,26,-1.0613368482464398e-05,-1.9584946532296282e-05,6.30188462023007e-05,0,20,False
47,24,-2.514394007088565e-05,9.261879699375175e-06,7.580830773479263e-05,6,21,False
47,19,-3.2849430052925136e-06,-2.722182460403508e-05,7.757354110582426e-05,3,22,False
47,10,-2.0607585719049357e-06,-3.74879985270233e-05,0.00010622969163209817,1,23,False
47,25,4.267868119247198e-06,-4.7463259163739585e-05,0.00013484847388101073,1,24,False
47,28,-4.8542962793647214e-05,2.8072987256309994e-10,0.00013736298027611227,4,25,False
47,4,-1.2172795092299418e-06,-6.838810585773487e-05,0.00019358599158580958,1,26,False
47,6,-8.12873138096688e-05,1.910322961183818e-05,0.00023636459613785021,2,27,False
47,33,-8.229178868820341e-05,1.7660809125541338e-05,0.0002382448037576701,3,28,False
47,21,-0.00010125599132268265,-6.159011658225671e-06,0.0002871985333467997,0,29,False
47,14,-0.00010846987566146378,-1.741580979204601e-05,0.00031104986895558184,0,30,False
47,7,-7.05159572495158e-05,8.695265833786551e-05,0.00031698199970664476,7,31,False
47,13,-0.00011464215176279794,8.837430656241889e-07,0.0003246165985726357,0,32,False
47,40,-8.903628588665866e-05,0.000126977249001873,0.0004392808932647263,4,33,False
47,5,-8.31934009635673e-05,-0.000170460728475972,0.0005374503607389336,0,34,False
47,36,-2.5942691128006045e-05,0.00032540256938132597,0.0009261353211305057,4,35,False
47,42,-1.056839015305835e-05,0.0006749879277579431,0.0019215232072693489,4,36,False
47,39,-0.001008907803964329,5.982813232835258e-06,0.0028807779861144134,4,37,False
47,22,-0.000939774104273494,0.0009057826382253701,0.003737103547518661,0,38,False
47,2,-0.0015692515874486572,3.023005449854256e-05,0.004504933978872305,0,39,False
47,20,3.457756181032834e-06,0.001650598653238035,0.004741155312235623,4,40,False
47,46,0.0017974511469453147,0.0007984351589174401,0.005665974370643756,0,41,False
47,35,-0.0021329650486415002,3.3493747397188477e-05,0.006154852168823499,1,42,False
47,15,-5.115374176632942e-06,0.0027394273270542253,0.007948104096378916,2,43,False
47,50,-0.005443079756917884,-5.619319875925364e-06,0.016184093075751083,0,44,False
47,41,-0.005578980961806125,4.160115046650838e-06,0.01660834250725829,1,45,False
47,34,-0.00802983113802402,2.5083960933065926e-06,0.02442783018885253,0,46,False
47,47,-2.3875444234863377e-05,-0.022047434315182295,0.07525150550831272,2,47,False
47,3,-0.022318264586968978,0.0002638413994920383,0.076341094812435,0,48,False
47,31,0.9614824789985473,2.1078845711895178e-05,2.5820176859510515,3,49,False
47,16,-2.5819208343878646e-06,0.9202600378220214,2.602646647827545,3,50,False
48,17,4.6566097888107113e-07,1.1616525751655152e-07,1.3574581996245172e-06,3,1,True
48,8,5.410602347895738e-07,-1.0846613995662375e-07,1.5608055474736204e-06,11,2,False
48,11,-3.4661248600782655e-07,4.663574638823451e-07,1.643491874592229e-06,7,3,False
48,30,6.344900254240664e-07,-1.9780452218841203e-07,1.8798079648441046e-06,1,4,False
48,29,9.769313308042983e-07,1.1519338751148425e-07,2.7823475901023187e-06,3,5,False
48,43,-1.1628819503735401e-06,-1.1967014790270685e-06,4.71972570936785e-06,0,6,False
48,12,-1.6735037590963813e-06,5.124789746344829e-07,4.950434715045304e-06,11,7,False
48,18,2.6315101622262484e-06,3.939637813704886e-08,7.444053221394853e-06,0,8,False
48,27,-4.344376208273721e-06,-9.501710569851885e-07,1.2578739422952623e-05,2,9,False
48,48,4.200746758574453e-06,2.5562309508778277e-06,1.39090844943901e-05,5,10,False
48,44,-3.5087852333708593e-06,-4.56128883369616e-06,1.6277719293800175e-05,0,11,False
48,23,1.1842283469422061e-06,6.7010311693734295e-06,1.9248303591457017e-05,7,12,False
48,38,4.3493625636715244e-07,-8.483865857794954e-06,2.4029430779837213e-05,1,13,False
48,45,-9.116210596716393e-06,-1.7915801943595279e-06,2.6280054076455173e-05,1,14,False
48,49,-9.498591862671804e-06,3.420416513304489e-07,2.688589346222514e-05,2,15,False
48,9,-8.33884450339309e-06,9.742651398329275e-06,3.62761956691493e-05,6,16,False
48,4,-1.2172795092299418e-06,-1.2880360985672905e-05,3.6597950451966454e-05,2,17,False
48,37,2.1916032873781143e-06,-1.4526862776920487e-05,4.1558881175962625e-05,2,18,False
48,1,-1.4617597226482245e-05,1.6422890177529816e-06,4.161069034624987e-05,2,19,False
48,24,-1.3577557163373038e-05,9.261879699375175e-06,4.649439349835305e-05,1,20,False
48,32,-1.9796690658010077e-05,3.2955735691519026e-06,5.677478176524531e-05,2,21,False
48,26,-4.556390357719984e-06,-1.9584946532296282e-05,5.688472019871327e-05,0,22,False
48,19,-3.2849430052925136e-06,-2.722182460403508e-05,7.757354110582426e-05,4,23,False
48,10,-2.0607585719049357e-06,-2.8490524787364386e-05,8.081562481665472e-05,1,24,False
48,25,2.6996505168537976e-06,-4.7463259163739585e-05,0.0001345235320582283,0,25,False
48,28,-4.8542962793647214e-05,2.8072987256309994e-10,0.00013736298027611227,6,26,False
48,21,-5.15749259488598e-05,-6.159011658225671e-06,0.00014698423408932015,0,27,False
48,7,-7.05159572495158e-05,1.6437542374710498e-05,0.00020493595248227692,0,28,False
48,6,-8.12873138096688e-05,1.5474307358152938e-06,0.00023013291314244455,2,29,False
48,33,-8.229178868820341e-05,1.7660809125541338e-05,0.0002382448037576701,4,30,False
48,14,-0.00010846987566146378,-1.741580979204601e-05,0.00031104986895558184,1,31,False
48,13,-0.00011464215176279794,8.837430656241889e-07,0.0003246165985726357,1,32,False
48,36,-4.202467255109707e-06,0.00015235368265058947,0.00043170375039425224,0,33,False
48,40,-8.903628588665866e-05,0.000126977249001873,0.0004392808932647263,5,34,False
48,5,-8.31934009635673e-05,-0.000170460728475972,0.0005374503607389336,2,35,False
48,20,-2.689104943069611e-06,0.000560974421496967,0.0015950734142262668,1,36,False
48,42,-1.056839015305835e-05,0.0006749879277579431,0.0019215232072693489,6,37,False
48,39,-0.001008907803964329,3.150517140601512e-06,0.002880741037405432,2,38,False
48,22,-0.000939774104273494,0.0009057826382253701,0.003737103547518661,2,39,False
48,2,-0.0015692515874486572,3.023005449854256e-05,0.004504933978872305,1,40,False
48,46,0.0014096332140105328,0.0007984351589174401,0.004652082153203896,0,41,False
48,35,-0.0021329650486415002,1.4780877821539437e-05,0.006154229209088147,0,42,False
48,15,-5.115374176632942e-06,0.002181641109955032,0.006297364902473124,0,43,False
48,50,-0.005443079756917884,-5.619319875925364e-06,0.016184093075751083,2,44,False
48,41,-0.005578980961806125,4.160115046650838e-06,0.01660834250725829,3,45,False
48,34,-0.00802983113802402,2.5083960933065926e-06,0.02442783018885253,2,46,False
48,47,-2.3875444234863377e-05,-0.019326311049867716,0.06457834092846726,0,47,False
48,3,-0.022318264586968978,0.0002638413994920383,0.076341094812435,3,48,False
48,16,-2.5819208343878646e-06,0.1979007970303054,1.3339926550609786,0,49,False
48,31,0.9614824789985473,-1.4413766822285553e-05,2.5820176793925964,0,50,False
49,17,4.6566097888107113e-07,1.1616525751655152e-07,1.3574581996245172e-06,4,1,True
49,8,5.410602347895738e-07,-1.0846613995662375e-07,1.5608055474736204e-06,16,2,False
49,11,-3.4661248600782655e-07,4.663574638823451e-07,1.643491874592229e-06,8,3,False
49,30,6.344900254240664e-07,-1.484343076279084e-07,1.843074703078429e-06,0,4,False
49,29,9.769313308042983e-07,1.1519338751148425e-07,2.7823475901023187e-06,4,5,False
49,4,-1.2172795092299418e-06,1.6513418556351168e-07,3.474563115890561e-06,1,6,False
49,43,-1.1628819503735401e-06,-1.1967014790270685e-06,4.71972570936785e-06,1,7,False
49,12,-1.6735037590963813e-06,5.124789746344829e-07,4.950434715045304e-06,12,8,False
49,18,2.6315101622262484e-06,3.939637813704886e-08,7.444053221394853e-06,1,9,False
49,27,-4.344376208273721e-06,-9.501710569851885e-07,1.2578739422952623e-05,6,10,False
49,48,4.200746758574453e-06,2.5562309508778277e-06,1.39090844943901e-05,8,11,False
49,44,-3.5087852333708593e-06,-4.56128883369616e-06,1.6277719293800175e-05,2,12,False
49,1,-6.355358902111585e-06,1.6422890177529816e-06,1.8567288578186236e-05,1,13,False
49,23,1.9285209127305616e-07,6.7010311693734295e-06,1.896242254462166e-05,0,14,False
49,19,-3.2849430052925136e-06,-7.254793974430118e-06,2.252685453685288e-05,0,15,False
49,26,-4.556390357719984e-06,7.013260338606889e-06,2.365713912455547e-05,0,16,False
49,38,4.3493625636715244e-07,-8.483865857794954e-06,2.4029430779837213e-05,2,17,False
49,45,-9.116210596716393e-06,-1.7915801943595279e-06,2.6280054076455173e-05,3,18,False
49,49,-9.498591862671804e-06,3.420416513304489e-07,2.688589346222514e-05,3,19,False
49,37,2.1916032873781143e-06,-1.1032267957498745e-05,3.181708430277652e-05,1,20,False
49,9,-8.33884450339309e-06,9.742651398329275e-06,3.62761956691493e-05,7,21,False
49,24,-1.3577557163373038e-05,9.261879699375175e-06,4.649439349835305e-05,3,22,False
49,32,-1.7010298680116516e-05,3.2955735691519026e-06,4.9015019449871744e-05,0,23,False
49,10,1.3155629050305624e-06,-2.8490524787364386e-05,8.069089678430785e-05,0,24,False
49,21,-3.405929040913686e-05,-4.888301251345822e-06,9.735288052015179e-05,0,25,False
49,13,-4.326607133980791e-05,8.837430656241889e-07,0.00012245032310476134,0,26,False
49,28,-4.638512091304638e-05,2.8072987256309994e-10,0.00013125422722071178,2,27,False
49,25,2.6532056922378995e-06,-4.7463259163739585e-05,0.00013451612954229475,1,28,False
49,20,-2.689104943069611e-06,5.806191232896247e-05,0.0001644898874819667,0,29,False
49,2,-5.6938524993858366e-05,3.023005449854256e-05,0.00018244775408549074,0,30,False
49,7,-7.05159572495158e-05,3.3512073073389696e-06,0.00019980705983302371,0,31,False
49,6,-8.12873138096688e-05,1.5474307358152938e-06,0.00023013291314244455,3,32,False
49,33,-8.229178868820341e-05,1.7660809125541338e-05,0.0002382448037576701,5,33,False
49,14,-0.00010846987566146378,-1.741580979204601e-05,0.00031104986895558184,3,34,False
49,40,-8.903628588665866e-05,9.587224911040377e-05,0.00037052555496730477,0,35,False
49,5,-8.31934009635673e-05,-0.00010328452581292518,0.000375582587036849,0,36,False
49,36,-6.364787826898224e-07,0.00015235368265058947,0.00043154314779103586,0,37,False
49,35,-0.000251944660591274,1.4681395139162503e-05,0.0007155119767081608,0,38,False
49,42,-2.033710487402197e-06,0.0006749879277579431,0.0019212950119542604,0,39,False
49,39,-0.0006831263842621599,3.150517140601512e-06,0.0019446203999433642,0,40,False
49,22,-0.000939774104273494,0.0009057826382253701,0.003737103547518661,3,41,False
49,46,0.0014096332140105328,0.0004090744015694478,0.004208904643615785,0,42,False
49,41,-0.0019449335919258948,-2.1218896320356597e-06,0.005601832129660256,0,43,False
49,15,-5.115374176632942e-06,0.002181641109955032,0.006297364902473124,1,44,False
49,50,-0.005443079756917884,-5.619319875925364e-06,0.016184093075751083,5,45,False
49,34,-0.00802983113802402,2.5083960933065926e-06,0.02442783018885253,4,46,False
49,47,-2.3875444234863377e-05,-0.019326311049867716,0.06457834092846726,1,47,False
49,3,-0.022318264586968978,0.00022791008569649618,0.07633950706558368,1,48,False
49,16,-2.5819208343878646e-06,0.1979007970303054,1.3339926550609786,1,49,False
49,31,0.9614824789985473,-1.4413766822285553e-05,2.5820176793925964,1,50,False
50,17,4.6566097888107113e-07,1.1616525751655152e-07,1.3574581996245172e-06,7,1,True
50,11,2.9374761764247563e-07,4.663574638823451e-07,1.5589229609425104e-06,2,2,False
50,8,5.410602347895738e-07,-1.0846613995662375e-07,1.5608055474736204e-06,19,3,False
50,30,6.344900254240664e-07,-1.484343076279084e-07,1.843074703078429e-06,3,4,False
50,29,9.769313308042983e-07,1.1519338751148425e-07,2.7823475901023187e-06,7,5,False
50,4,-1.2172795092299418e-06,1.6513418556351168e-07,3.474563115890561e-06,3,6,False
50,43,9.113984141906754e-07,-1.1967014790270685e-06,4.254696783778655e-06,0,7,False
50,12,-1.6735037590963813e-06,5.124789746344829e-07,4.950434715045304e-06,15,8,False
50,26,-5.755171998315348e-07,2.1181012835695134e-06,6.208234659244027e-06,0,9,False
50,18,2.6315101622262484e-06,3.939637813704886e-08,7.444053221394853e-06,5,10,False
50,44,-3.5087852333708593e-06,1.9730759940699274e-06,1.1386248186529002e-05,1,11,False
50,27,-4.344376208273721e-06,-9.501710569851885e-07,1.2578739422952623e-05,8,12,False
50,48,4.200746758574453e-06,2.5562309508778277e-06,1.39090844943901e-05,10,13,False
50,1,-6.355358902111585e-06,1.095378933951059e-06,1.824181839227279e-05,0,14,False
50,23,1.9285209127305616e-07,6.7010311693734295e-06,1.896242254462166e-05,1,15,False
50,19,-3.2849430052925136e-06,-7.254793974430118e-06,2.252685453685288e-05,1,16,False
50,9,-8.33884450339309e-06,1.311648892227414e-07,2.3590583623889216e-05,1,17,False
50,38,4.3493625636715244e-07,-8.483865857794954e-06,2.4029430779837213e-05,4,18,False
50,45,-9.116210596716393e-06,-1.7915801943595279e-06,2.6280054076455173e-05,4,19,False
50,49,-9.498591862671804e-06,3.420416513304489e-07,2.688589346222514e-05,4,20,False
50,10,1.3155629050305624e-06,-1.0731501740409592e-05,3.05836078813293e-05,1,21,False
50,37,2.1916032873781143e-06,-1.1032267957498745e-05,3.181708430277652e-05,2,22,False
50,24,-1.3577557163373038e-05,3.2375756386221754e-06,3.948500107897601e-05,0,23,False
50,32,-1.7010298680116516e-05,3.2955735691519026e-06,4.9015019449871744e-05,2,24,False
50,21,-2.5446710294737998e-05,-4.888301251345822e-06,7.330801780769391e-05,1,25,False
50,13,-4.326607133980791e-05,8.837430656241889e-07,0.00012245032310476134,3,26,False
50,28,-4.391161468045603e-05,2.8072987256309994e-10,0.00012425214766809134,1,27,False
50,25,2.6532056922378995e-06,-4.7463259163739585e-05,0.00013451612954229475,3,28,False
50,6,-4.837306754623004e-05,1.5474307358152938e-06,0.0001369520571263827,0,29,False
50,7,-5.771845855975302e-05,3.3512073073389696e-06,0.00016361640273432343,2,30,False
50,20,-2.3247479041894454e-06,5.806191232896247e-05,0.00016444538432525135,1,31,False
50,2,-5.6938524993858366e-05,3.023005449854256e-05,0.00018244775408549074,1,32,False
50,33,-8.229178868820341e-05,1.7660809125541338e-05,0.0002382448037576701,7,33,False
50,40,-2.3538998480901113e-05,9.542777802949882e-05,0.0002782578958826498,0,34,False
50,14,-0.00010159068228643435,-1.741580979204601e-05,0.0002918164602729867,0,35,False
50,5,-8.31934009635673e-05,-0.00010328452581292518,0.000375582587036849,1,36,False
50,36,-6.364787826898224e-07,0.00015235368265058947,0.00043154314779103586,2,37,False
50,35,-0.000251944660591274,1.3377037702239918e-06,0.0007143074684852202,1,38,False
50,42,-2.033710487402197e-06,0.0005585244793282177,0.0015880630580089594,0,39,False
50,39,-0.0006831263842621599,3.150517140601512e-06,0.0019446203999433642,1,40,False
50,22,-0.0005278313877126754,0.000715127456348899,0.0025350187607640073,0,41,False
50,46,0.0014096332140105328,0.0004090744015694478,0.004208904643615785,1,42,False
50,41,-0.0019449335919258948,-2.1218896320356597e-06,0.005601832129660256,2,43,False
50,15,-3.672844682082684e-06,0.002181641109955032,0.006297356347101601,0,44,False
50,50,-0.005443079756917884,-5.619319875925364e-06,0.016184093075751083,6,45,False
50,34,-0.00802983113802402,8.353023269795252e-07,0.02442782905470553,0,46,False
50,47,-1.8619661098517047e-05,-0.01736585246393889,0.05712849804431075,0,47,False
50,3,-0.022318264586968978,0.00022791008569649618,0.07633950706558368,2,48,False
50,16,-2.5819208343878646e-06,0.1150432179985647,0.6422474036937449,0,49,False
50,31,0.9614824789985473,-1.4413766822285553e-05,2.5820176793925964,3,50,False
51,17,4.6566097888107113e-07,9.42674100456182e-08,1.3438110291197347e-06,0,1,True
51,11,2.9374761764247563e-07,4.663574638823451e-07,1.5589229609425104e-06,6,2,False
51,8,5.410602347895738e-07,-1.0846613995662375e-07,1.5608055474736204e-06,20,3,False
51,30,6.344900254240664e-07,-1.484343076279084e-07,1.843074703078429e-06,5,4,False
51,29,9.769313308042983e-07,1.1519338751148425e-07,2.7823475901023187e-06,8,5,False
51,27,4.1106526238997625e-07,-9.501710569851885e-07,2.928235755650377e-06,0,6,False
51,12,-9.877074102172405e-07,5.124789746344829e-07,3.147350085885847e-06,0,7,False
51,4,-1.2172795092299418e-06,1.6513418556351168e-07,3.474563115890561e-06,5,8,False
51,43,9.113984141906754e-07,-1.1967014790270685e-06,4.254696783778655e-06,2,9,False
51,26,-5.755171998315348e-07,2.1181012835695134e-06,6.208234659244027e-06,1,10,False
51,18,2.6315101622262484e-06,3.690894102016786e-08,7.4439512229851346e-06,0,11,False
51,44,-3.5087852333708593e-06,1.9730759940699274e-06,1.1386248186529002e-05,5,12,False
51,24,-2.831459101287996e-06,3.1679671525169843e-06,1.2018193161100754e-05,0,13,False
51,37,2.1916032873781143e-06,3.7133210580452286e-06,1.2196192099356296e-05,0,14,False
51,48,4.200746758574453e-06,2.5562309508778277e-06,1.39090844943901e-05,12,15,False
51,38,4.3493625636715244e-07,-5.235257953073649e-06,1.4859293444136057e-05,1,16,False
51,1,-6.355358902111585e-06,-6.872508244870224e-07,1.808155281368684e-05,1,17,False
51,23,1.9285209127305616e-07,6.7010311693734295e-06,1.896242254462166e-05,2,18,False
51,19,-3.2849430052925136e-06,-7.254793974430118e-06,2.252685453685288e-05,2,19,False
51,9,-8.33884450339309e-06,1.311648892227414e-07,2.3590583623889216e-05,3,20,False
51,45,-9.116210596716393e-06,-1.7915801943595279e-06,2.6280054076455173e-05,5,21,False
51,49,-9.498591862671804e-06,3.420416513304489e-07,2.688589346222514e-05,5,22,False
51,10,8.318820087516149e-07,-1.0731501740409592e-05,3.044741556523789e-05,1,23,False
51,32,-1.0402149712189223e-05,3.2955735691519026e-06,3.086616114389429e-05,0,24,False
51,21,-2.5446710294737998e-05,-2.000594040574866e-06,7.221360641951335e-05,2,25,False
51,28,-2.709863460324433e-05,2.8072987256309994e-10,7.666606732614767e-05,0,26,False
51,20,-2.3247479041894454e-06,3.4475646431749395e-05,9.776508985526178e-05,0,27,False
51,7,-4.116552817692937e-05,4.790726079304904e-07,0.00011648671147357348,0,28,False
51,13,-4.326607133980791e-05,8.837430656241889e-07,0.00012245032310476134,7,29,False
51,6,-4.608984666326238e-05,1.5474307358152938e-06,0.00013049185523827944,2,30,False
51,25,2.6532056922378995e-06,-4.7463259163739585e-05,0.00013451612954229475,5,31,False
51,40,-2.3538998480901113e-05,5.288053971049893e-05,0.00016380692317996548,0,32,False
51,2,-5.6938524993858366e-05,3.023005449854256e-05,0.00018244775408549074,2,33,False
51,33,-8.229178868820341e-05,1.7660809125541338e-05,0.0002382448037576701,10,34,False
51,14,-0.00010159068228643435,-1.499150110115179e-05,0.00029073440864069156,0,35,False
51,5,-8.31934009635673e-05,-0.00010328452581292518,0.000375582587036849,4,36,False
51,36,-6.364787826898224e-07,0.00015235368265058947,0.00043154314779103586,5,37,False
51,35,-0.000251944660591274,1.3377037702239918e-06,0.0007143074684852202,2,38,False
51,42,-2.033710487402197e-06,0.00047804037701109904,0.0013581998878966495,0,39,False
51,39,-0.0006831263842621599,3.150517140601512e-06,0.0019446203999433642,2,40,False
51,22,-0.0004507913794730673,0.000715127456348899,0.002410045843916908,0,41,False
51,34,-0.0013272733826946268,8.266566784710729e-07,0.0038010061059954303,0,42,False
51,46,0.0014096332140105328,0.0004090744015694478,0.004208904643615785,2,43,False
51,15,-3.672844682082684e-06,0.0017754733078242644,0.005105746572102721,0,44,False
51,41,-0.0019449335919258948,-2.1218896320356597e-06,0.005601832129660256,4,45,False
51,50,-0.005443079756917884,-5.619319875925364e-06,0.016184093075751083,7,46,False
51,47,-1.8619661098517047e-05,-0.008517440853582196,0.02602167531615196,1,47,False
51,3,-0.012105498961232645,2.8364102436217726e-06,0.038137008918675,0,48,False
51,16,-4.6150743760098293e-07,0.1150432179985647,0.6422474034629144,0,49,False
51,31,0.9614824789985473,-1.4413766822285553e-05,2.5820176793925964,4,50,False
52,8,5.048818445125765e-08,-1.0846613995662375e-07,3.3839612756381143e-07,0,1,True
52,17,4.6566097888107113e-07,-8.320222542760628e-08,1.3379529169021964e-06,0,2,False
52,11,2.9374761764247563e-07,4.663574638823451e-07,1.5589229609425104e-06,9,3,False
52,30,6.344900254240664e-07,-1.484343076279084e-07,1.843074703078429e-06,6,4,False
52,27,4.400609169006783e-08,-9.501710569851885e-07,2.6903944356782006e-06,0,5,False
52,29,9.769313308042983e-07,1.1519338751148425e-07,2.7823475901023187e-06,9,6,False
52,12,-9.877074102172405e-07,5.124789746344829e-07,3.147350085885847e-06,4,7,False
52,4,-1.2172795092299418e-06,-1.5111494491899615e-07,3.469455152060874e-06,1,8,False
52,43,9.113984141906754e-07,-1.1403077607851558e-06,4.128929575575313e-06,0,9,False
52,26,-5.755171998315348e-07,2.1181012835695134e-06,6.208234659244027e-06,2,10,False
52,37,1.9758854894459334e-06,1.5648429212928964e-06,7.129184155463264e-06,0,11,False
52,18,2.6315101622262484e-06,3.690894102016786e-08,7.4439512229851346e-06,3,12,False
52,44,-3.5087852333708593e-06,1.9730759940699274e-06,1.1386248186529002e-05,7,13,False
52,24,-2.831459101287996e-06,3.1679671525169843e-06,1.2018193161100754e-05,1,14,False
52,48,4.200746758574453e-06,2.5562309508778277e-06,1.39090844943901e-05,14,15,False
52,38,4.3493625636715244e-07,-5.235257953073649e-06,1.4859293444136057e-05,2,16,False
52,1,-6.355358902111585e-06,-6.872508244870224e-07,1.808155281368684e-05,3,17,False
52,19,-3.2849430052925136e-06,-5.66683738658974e-06,1.8527641647114734e-05,0,18,False
52,23,1.9285209127305616e-07,6.7010311693734295e-06,1.896242254462166e-05,4,19,False
52,21,-7.259302608911003e-06,-2.000594040574866e-06,2.1299369035165938e-05,0,20,False
52,9,-8.33884450339309e-06,1.311648892227414e-07,2.3590583623889216e-05,5,21,False
52,45,-8.692134437527736e-06,-1.7915801943595279e-06,2.5103963498640525e-05,0,22,False
52,49,-9.498591862671804e-06,3.3025370582835955e-07,2.6884714064312476e-05,1,23,False
52,10,-1.8995305811991472e-08,-1.0731501740409592e-05,3.0356384830287908e-05,1,24,False
52,32,-1.0402149712189223e-05,3.2955735691519026e-06,3.086616114389429e-05,3,25,False
52,28,-1.4351124008847226e-05,2.8072987256309994e-10,4.059659266220095e-05,0,26,False
52,7,-1.962522926082036e-05,4.790726079304904e-07,5.553532908608716e-05,0,27,False
52,36,-6.364787826898224e-07,2.1350717957271357e-05,6.042792632543481e-05,1,28,False
52,6,-2.5965869183877978e-05,1.5474307358152938e-06,7.359088754599341e-05,0,29,False
52,20,-5.815264472522049e-07,3.4475646431749395e-05,9.755738329220165e-05,2,30,False
52,13,-4.326607133980791e-05,6.438227550536757e-07,0.00012243833587577413,0,31,False
52,25,2.6532056922378995e-06,-4.7463259163739585e-05,0.00013451612954229475,8,32,False
52,40,-2.300416357549879e-05,5.288053971049893e-05,0.00016319693545741032,0,33,False
52,2,-5.6938524993858366e-05,2.047165944315425e-05,0.0001712368347033255,0,34,False
52,33,-8.229178868820341e-05,1.7660809125541338e-05,0.0002382448037576701,11,35,False
52,14,-0.00010159068228643435,-1.4483577622493153e-05,0.00029052776152527215,0,36,False
52,5,-8.31934009635673e-05,-0.00010328452581292518,0.000375582587036849,5,37,False
52,35,-0.000251944660591274,1.3377037702239918e-06,0.0007143074684852202,5,38,False
52,42,-1.283318410893547e-06,0.00047804037701109904,0.0013581924581029803,1,39,False
52,39,-0.0006831263842621599,3.150517140601512e-06,0.0019446203999433642,3,40,False
52,22,-0.00032262504964077207,0.000715127456348899,0.002235387870655803,2,41,False
52,41,-0.0012566102733752563,-2.1218896320356597e-06,0.003596283275801415,0,42,False
52,34,-0.0013272733826946268,4.1571824650940345e-07,0.0038010055484183347,1,43,False
52,46,0.0014096332140105328,0.0004090744015694478,0.004208904643615785,4,44,False
52,15,-3.672844682082684e-06,0.0017754733078242644,0.005105746572102721,1,45,False
52,50,-0.003275427509735387,-5.619319875925364e-06,0.009549977864619752,1,46,False
52,47,-1.6841166248980352e-06,-0.008517440853582196,0.026021609073599183,0,47,False
52,3,-0.012105498961232645,2.8364102436217726e-06,0.038137008918675,2,48,False
52,16,2.6957104491649105e-08,0.1150432179985647,0.6422474034553187,0,49,False
52,31,0.9614824789985473,-1.8993010267722652e-06,2.5820176737327327,0,50,False
